Origin,Date_of_Variable_Modification,Map_to_OMOP,transferred_to_fairhub_REDCap_dataset,Protected_or_open-source,Extension_Needed,original_sort_order,FORM_NAME,FIELD_TYPE,FIELD_ID,FIELD_ID_NUM,SRC_CODE,SRC_CODE_ID,SRC_CD_DESCRIPTION,TARGET_CONCEPT_ID,TARGET_CONCEPT_NAME,TARGET_DOMAIN_ID,TARGET_VOCABULARY_ID,TARGET_CONCEPT_CLASS_ID,TARGET_STANDARD_CONCEPT,TARGET_CONCEPT_CODE,PREDICATE_ID,CONFIDENCE,MODIFIER,NOTES,Dev_Version,,Choices_Calculations_OR_Slider_Labels,Field_Note
Original,6/23/2023,Yes,Yes,open-source,No,252,ophthalmic_survey,text,,1251,viacmpdat,,Ophthalmic survey date,1035260,Performed on (specify date),Meas Value,LOINC,Answer,S,LA30233-3,skos:closeMatch,0.75,,,10/2,,,note that per OMOP vocab this goes in the Measurement Value Domain.
Original,6/23/2023,No,Yes,open-source,No,253,ophthalmic_survey,text,,1252,via_crcid,,Interviewer Code,none - OPS,,,,,,N/A - operational variable,,,,,10/2,,,
Original,6/23/2023,No,Yes,open-source,No,254,ophthalmic_survey,checkbox,,1253,via_nd,,No participant response,45877597,No response,Meas Value,LOINC,Answer,S,LA10996-9,skos:closeMatch,1,,,10/2,,"999, Recruitment survey not done",
Original,6/23/2023,Yes,Yes,open-source,Yes,255,ophthalmic_survey,radio,,1254,via1,,"How much difficulty, if any, do you have in recognizing a friend across the street? Would you say:",4173597,Difficulty seeing distant objects,Condition,SNOMED,Clinical Finding,S,424348007,skos:relatedMatch,0.5,,,10/2,,"1, No difficulty | 2, A little difficulty | 3, Moderate difficulty | 4, Extreme difficulty | 5, Unable to do because of eyesight | 777, Prefer not to say",
Original,6/23/2023,Yes,Yes,open-source,Yes,256,ophthalmic_survey,radio,,1255,via2,,"How much difficulty, if any, do you have reading print in newspapers, magazines, recipes, menus, or numbers on the telephone? Would you say:",40768760,How much difficulty do you have reading ordinary print in newspapers,Observation,LOINC,Clinical Observation,S,66077-9,skos:narrowMatch,0.75,,,10/2,,"1, No difficulty | 2, A little difficulty | 3, Moderate difficulty | 4, Extreme difficulty | 5, Unable to do because of eyesight | 777, Prefer not to say",
Original,6/23/2023,Yes,Yes,open-source,No,257,ophthalmic_survey,radio,,1256,via3,,"Because of your eyesight, how much difficulty do you have noticing objects off to the side while you are walking along? Would you say:",40768765,Level of difficulty seeing objects off to the side,Observation,LOINC,Clinical Observation,S,66082-9,skos:closeMatch,0.75,,,10/2,,"1, No difficulty | 2, A little difficulty | 3, Moderate difficulty | 4, Extreme difficulty | 5, Unable to do because of eyesight | 777, Prefer not to say",
Original,6/23/2023,Yes,Yes,open-source,No,258,ophthalmic_survey,radio,,1257,via4,,When was the last time you had your eyes examined by an eye care provider (ophthalmologist or optometrist)?Â ,40758529,Date of last eye examination,Observation,LOINC,Clinical Observation,S,55400-6,skos:closeMatch,0.75,,,10/2,,"1, Within the past month (anytime less than 1 month ago) | 2, Within the past year (1 month but less than 12 months ago) | 3, Within the past 2 years (1 year but less than 2 years ago) | 4, 2 or more years ago | 777, Prefer not to say",
Original,6/23/2023,Yes,Yes,open-source,Yes,259,ophthalmic_survey,radio,,1258,via5,,You have indicated that you have not seen an eye care professional in the past 12 months. What is the main reason you have not visited an eye care professional in the past 12 months?,4260904,Reason for,Observation,SNOMED,Attribute,S,410666004,skos:relatedMatch,0.5,,,10/2,,"1, Cost/Insurance | 2, Do not have/know an eye doctor | 3, Cannot get to the office/clinic (too far away, no transportation) | 4, Could not get an appointment | 5, No reason to go (no problem) | 6, Have not thought of it | 7, Other | 777, Prefer not to say",
Original,6/23/2023,Yes,Yes,open-source,Yes,260,ophthalmic_survey,radio,,1259,via6,,When was the last time you had an eye exam in which the pupils were dilated? (This would have made you temporarily sensitive to bright light),4312773,Instillation of dilating eye drops to eye,Procedure,SNOMED,Procedure,S,424986007,skos:relatedMatch,0.5,,,10/2,,"1, Within the past month (anytime less than 1 month ago) | 2, Within the past year (1 month but less than 12 months ago) | 3, Within the past 2 years (1 year but less than 2 years ago) | 4, 2 or more years ago | 5, Never | 777, Prefer not to say",
Original,6/23/2023,Yes,Yes,open-source,Yes,261,ophthalmic_survey,text,,1260,viastartts,, Ophthalmic Survey Started Timestamp (from REDCap),1988422,Time to complete survey,Observation,LOINC,Survey,S,99423-6,skos:relatedMatch,0.5,,,10/2,,,
Original,6/23/2023,Yes,Yes,open-source,Yes,262,ophthalmic_survey,text,,1261,viacmpts,, Ophthalmic Survey Completed Timestamp (from REDCap),1988422,Time to complete survey,Observation,LOINC,Survey,S,99423-6,skos:relatedMatch,0.5,,,10/2,,,
Original,6/23/2023,Yes,Yes,open-source,No,518,photopic_mars,text,,1517,plcscmpdat,,Date procedure performed,1035260,Performed on (specify date),Meas Value,LOINC,Answer,S,LA30233-3,skos:closeMatch,0.75,,,10/2,,,note that per OMOP vocab this goes in the Measurement Value Domain.
Original,6/23/2023,Yes,Yes,open-source,Yes,519,photopic_mars,checkbox,,1518,plcscmpyn,,,4256483,Contrast sensitivity test,Procedure,SNOMED,Procedure,S,410566008,skos:broadMatch,0.25,,,10/2,,"999, Photopic mars not done",
Original,6/23/2023,No,Yes,open-source,No,520,photopic_mars,text,,1519,plsc_crcid,,Interviewer code,none - OPS,,,,,,N/A - operational variable,,,,,10/2,,,
Original,6/23/2023,No,Yes,open-source,No,521,photopic_mars,notes,,1520,plcsreasn,,"If not completed, why? (explain)",44788487,Procedure not completed,Observation,OMOP,Context-dependent,S,178291000000101,skos:relatedMatch,0.5,,,10/2,,,Requires Fact relationship entry 
Original,6/23/2023,No,Yes,open-source,No,522,photopic_mars,radio,,1521,plcsodeye,,OD Form 1 (eye),40767451,Which eye [PhenX],Observation,LOINC,Clinical Observation,S,64747-9,skos:closeMatch,1,,,10/2,,"L, Left eye | R, Right eye | B, Binocular",
Original,6/23/2023,No,Yes,open-source,No,523,photopic_mars,checkbox,plcsodeyev_rw1,1522,plcsodeyev_rw1,,OD Form 1: Row 1,40767545,Letter on line read by the patient [PhenX],Observation,LOINC,Clinical Observation,S,64843-6,skos:broadMatch,0.5,,,10/2,,"C, C (0.04) | H, H (0.08) | V, V (0.12) | O, O (0.16) | S, S (0.20) | N, N (0.24)",
Original,6/23/2023,No,Yes,open-source,No,524,photopic_mars,checkbox,,1523,plcsodeyev_rw2,,OD Form 1: Row 2,40767545,Letter on line read by the patient [PhenX],Observation,LOINC,Clinical Observation,S,64843-6,skos:broadMatch,0.5,,,10/2,,"D, D (0.28) | S, S  (0.32) | Z, Z (0.36) | N, N (0.40) | R, R (0.44) | K, K (0.48)",
Original,6/23/2023,No,Yes,open-source,No,525,photopic_mars,checkbox,,1524,plcsodeyev_rw3,,OD Form 1: Row 3,40767545,Letter on line read by the patient [PhenX],Observation,LOINC,Clinical Observation,S,64843-6,skos:broadMatch,0.5,,,10/2,,"N, N (0.52) | D, D (0.56) | R, R (0.60) | H, H (0.64) | V, V (0.68) | Z, Z (0.72)",
Original,6/23/2023,No,Yes,open-source,No,526,photopic_mars,checkbox,,1525,plcsodeyev_rw4,,OD Form 1: Row 4,40767545,Letter on line read by the patient [PhenX],Observation,LOINC,Clinical Observation,S,64843-6,skos:broadMatch,0.5,,,10/2,,"C, C (0.76) | S, S (0.80) | O, O (0.84) | N, N (0.88) | K, K (0.92) | H, H (0.96)",
Original,6/23/2023,No,Yes,open-source,No,527,photopic_mars,checkbox,,1526,plcsodeyev_rw5,,OD Form 1: Row 5,40767545,Letter on line read by the patient [PhenX],Observation,LOINC,Clinical Observation,S,64843-6,skos:broadMatch,0.5,,,10/2,,"K, K (1.00) | N, N (1.04) | V, V (1.08) | D, D (1.12) | S, S (1.16) | R, R (1.20)",
Original,6/23/2023,No,Yes,open-source,No,528,photopic_mars,checkbox,,1527,plcsodeyev_rw6,,OD Form 1: Row 6,40767545,Letter on line read by the patient [PhenX],Observation,LOINC,Clinical Observation,S,64843-6,skos:broadMatch,0.5,,,10/2,,"Z, Z (1.24) | R, R (1.28) | D, D (1.32) | K, K (1.36) | H, H (1.40) | O, O (1.44)",
Original,6/23/2023,No,Yes,open-source,No,529,photopic_mars,checkbox,,1528,plcsodeyev_rw7,,OD Form 1: Row 7,40767545,Letter on line read by the patient [PhenX],Observation,LOINC,Clinical Observation,S,64843-6,skos:broadMatch,0.5,,,10/2,,"H, H (1.48) | Z, Z (1.52) | C, C (1.56) | V, V (1.60) | R, R (1.64) | K, K (1.68)",
Original,6/23/2023,No,Yes,open-source,No,530,photopic_mars,checkbox,,1529,plcsodeyev_rw8,,OD Form 1: Row 8,40767545,Letter on line read by the patient [PhenX],Observation,LOINC,Clinical Observation,S,64843-6,skos:broadMatch,0.5,,,10/2,,"S, S (1.72) | C, C (1.76) | Z, Z (1.80) | D, D (1.84) | V, V (1.88) | O, O (1.92)",
Original,6/23/2023,No,Yes,open-source,No,531,photopic_mars,text,,1530,plcsodfcl,,OD: Value of final correct letter,4256483,Contrast sensitivity test,Procedure,SNOMED,Procedure,S,410566008,skos:broadMatch,0.25,2,"1=Photopic, left eye; 2=Photopic, right eye; 3=Photopic, binocular",10/2,,,
Original,6/23/2023,No,Yes,open-source,No,532,photopic_mars,text,,1531,plcsodmiss,,OD: Number of misses prior to stopping,4256483,Contrast sensitivity test,Procedure,SNOMED,Procedure,S,410566008,skos:broadMatch,0.25,2,"1=Photopic, left eye; 2=Photopic, right eye, 3=Photopic, binocular",10/2,,,
Original,6/23/2023,Yes,Yes,open-source,Yes,533,photopic_mars,calc,,1532,plcsodlog,,OD: Log Contrast Sensitivity,4090077,Contrast sensitivity,Measurement,SNOMED,Observable Entity,S,251686008,skos:broadMatch,0.75,2,"1=Photopic, left eye; 2=Photopic, right eye, 3=Photopic, binocular",10/2,,"if([plcscmpyn(999)] = '0', [plcsodfcl] - ([plcsodmiss] * 0.04), '')",
Original,6/23/2023,No,Yes,open-source,No,534,photopic_mars,radio,,1533,plcsoseye,,OS Form 2 (eye),40767451,Which eye [PhenX],Observation,LOINC,Clinical Observation,S,64747-9,skos:closeMatch,1,,,10/2,,"L, Left eye | R, Right eye | B, Binocular",
Original,6/23/2023,No,Yes,open-source,No,535,photopic_mars,checkbox,,1534,plcsoseyev_rw1,,OS Form 2: Row 1,40767545,Letter on line read by the patient [PhenX],Observation,LOINC,Clinical Observation,S,64843-6,skos:broadMatch,0.5,,,10/2,,"C, C (0.04) | H, H (0.08) | V, V (0.12) | O, O (0.16) | S, S (0.20) | N, N (0.24)",
Original,6/23/2023,No,Yes,open-source,No,536,photopic_mars,checkbox,,1535,plcsoseyev_rw2,,OS Form 2: Row 2,40767545,Letter on line read by the patient [PhenX],Observation,LOINC,Clinical Observation,S,64843-6,skos:broadMatch,0.5,,,10/2,,"D, D (0.28) | S, S (0.32) | Z, Z (0.36) | N, N (0.40) | R, R (0.44) | K, K (0.48)",
Original,6/23/2023,No,Yes,open-source,No,537,photopic_mars,checkbox,,1536,plcsoseyev_rw3,,OS Form 2: Row 3,40767545,Letter on line read by the patient [PhenX],Observation,LOINC,Clinical Observation,S,64843-6,skos:broadMatch,0.5,,,10/2,,"N, N (0.52) | D, D (0.56) | R, R (0.60) | H, H (0.64) | V, V (0.68) | Z, Z (0.72)",
Original,6/23/2023,No,Yes,open-source,No,538,photopic_mars,checkbox,,1537,plcsoseyev_rw4,,OS Form 2: Row 4,40767545,Letter on line read by the patient [PhenX],Observation,LOINC,Clinical Observation,S,64843-6,skos:broadMatch,0.5,,,10/2,,"C, C (0.76) | S, S (0.80) | O, O (0.84) | N, N (0.88) | K, K (0.92) | H, H (0.96)",
Original,6/23/2023,No,Yes,open-source,No,539,photopic_mars,checkbox,,1538,plcsoseyev_rw5,,OS Form 2: Row 5,40767545,Letter on line read by the patient [PhenX],Observation,LOINC,Clinical Observation,S,64843-6,skos:broadMatch,0.5,,,10/2,,"K, K (1.00) | N, N (1.04) | V, V (1.08) | D, D (1.12) | S, S (1.16) | R, R (1.20)",
Original,6/23/2023,No,Yes,open-source,No,540,photopic_mars,checkbox,,1539,plcsoseyev_rw6,,OS Form 2: Row 6,40767545,Letter on line read by the patient [PhenX],Observation,LOINC,Clinical Observation,S,64843-6,skos:broadMatch,0.5,,,10/2,,"Z, Z (1.24) | R, R (1.28) | D, D (1.32) | K, K (1.36) | H, H (1.40) | O, O (1.44)",
Original,6/23/2023,No,Yes,open-source,No,541,photopic_mars,checkbox,,1540,plcsoseyev_rw7,,OS Form 2: Row 7,40767545,Letter on line read by the patient [PhenX],Observation,LOINC,Clinical Observation,S,64843-6,skos:broadMatch,0.5,,,10/2,,"H, H (1.48) | Z, Z (1.52) | C, C (1.56) | V, V (1.60) | R, R (1.64) | K, K (1.68)",
Original,6/23/2023,No,Yes,open-source,No,542,photopic_mars,checkbox,,1541,plcsoseyev_rw8,,OS Form 2: Row 8,40767545,Letter on line read by the patient [PhenX],Observation,LOINC,Clinical Observation,S,64843-6,skos:broadMatch,0.5,,,10/2,,"S, S (1.72) | C, C (1.76) | Z, Z (1.80) | D, D (1.84) | V, V (1.88) | O, O (1.92)",
Original,6/23/2023,No,Yes,open-source,No,543,photopic_mars,text,,1542,plcsosfcl,,OS: Value of final correct letter,4256483,Contrast sensitivity test,Procedure,SNOMED,Procedure,S,410566008,skos:broadMatch,0.25,1,"1=Photopic, left eye; 2=Photopic, right eye; 3=Photopic, binocular",10/2,,,
Original,6/23/2023,No,Yes,open-source,No,544,photopic_mars,text,,1543,plcsosmiss,,OS: Number of misses prior to stopping,4256483,Contrast sensitivity test,Procedure,SNOMED,Procedure,S,410566008,skos:broadMatch,0.25,1,"1=Photopic, left eye; 2=Photopic, right eye, 3=Photopic, binocular",10/2,,,
Original,6/23/2023,Yes,Yes,open-source,Yes,545,photopic_mars,calc,,1544,plcsoslog,,OS: Log Contrast Sensitivity,4090077,Contrast sensitivity,Measurement,SNOMED,Observable Entity,S,251686008,skos:broadMatch,0.75,1,"1=Photopic, left eye; 2=Photopic, right eye, 3=Photopic, binocular",10/2,,"if([plcscmpyn(999)] = '0', [plcsosfcl] - ([plcsosmiss] * 0.04), '')",
Deleted,6/27/0203,No,Yes,open-source,No,546,photopic_mars,checkbox,,1545,plcsoueye,,OU Form 3 (eye),40767451,Which eye [PhenX],Observation,LOINC,Clinical Observation,S,64747-9,skos:closeMatch,1,,,10/2,,"L, Left eye | R, Right eye | B, Binocular",
Deleted,6/27/0203,No,Yes,open-source,No,547,photopic_mars,checkbox,,1546,plcsoueyev_rw1,,OU Form 3: Row 1,40767545,Letter on line read by the patient [PhenX],Observation,LOINC,Clinical Observation,S,64843-6,skos:broadMatch,0.5,,,10/2,,"C, C (0.04) | H, H (0.08) | V, V (0.12) | O, O (0.16) | S, S (0.20) | N, N (0.24)",
Deleted,6/27/0203,No,Yes,open-source,No,548,photopic_mars,checkbox,,1547,plcsoueyev_rw2,,OU Form 3: Row 2,40767545,Letter on line read by the patient [PhenX],Observation,LOINC,Clinical Observation,S,64843-6,skos:broadMatch,0.5,,,10/2,,"D, D (0.28) | S, S (0.32) | Z, Z (0.36) | N, N (0.40) | R, R (0.44) | K, K (0.48)",
Deleted,6/27/0203,No,Yes,open-source,No,549,photopic_mars,checkbox,,1548,plcsoueyev_rw3,,OU Form 3: Row 3,40767545,Letter on line read by the patient [PhenX],Observation,LOINC,Clinical Observation,S,64843-6,skos:broadMatch,0.5,,,10/2,,"N, N (0.52) | D, D (0.56) | R, R (0.60) | H, H (0.64) | V, V (0.68) | Z, Z (0.72)",
Deleted,6/27/0203,No,Yes,open-source,No,550,photopic_mars,checkbox,,1549,plcsoueyev_rw4,,OU Form 3: Row 4,40767545,Letter on line read by the patient [PhenX],Observation,LOINC,Clinical Observation,S,64843-6,skos:broadMatch,0.5,,,10/2,,"C, C (0.76) | S, S (0.80) | O, O (0.84) | N, N (0.88) | K, K (0.92) | H, H (0.96)",
Deleted,6/27/0203,No,Yes,open-source,No,551,photopic_mars,checkbox,,1550,plcsoueyev_rw5,,OU Form 3: Row 5,40767545,Letter on line read by the patient [PhenX],Observation,LOINC,Clinical Observation,S,64843-6,skos:broadMatch,0.5,,,10/2,,"K, K (1.00) | N, N (1.04) | V, V (1.08) | D, D (1.12) | S, S (1.16) | R, R (1.20)",
Deleted,6/27/0203,No,Yes,open-source,No,552,photopic_mars,checkbox,,1551,plcsoueyev_rw6,,OU Form 3: Row 6,40767545,Letter on line read by the patient [PhenX],Observation,LOINC,Clinical Observation,S,64843-6,skos:broadMatch,0.5,,,10/2,,"Z, Z (1.24) | R, R (1.28) | D, D (1.32) | K, K (1.36) | H, H (1.40) | O, O (1.44)",
Deleted,6/27/0203,No,Yes,open-source,No,553,photopic_mars,checkbox,,1552,plcsoueyev_rw7,,OU Form 3: Row 7,40767545,Letter on line read by the patient [PhenX],Observation,LOINC,Clinical Observation,S,64843-6,skos:broadMatch,0.5,,,10/2,,"H, H (1.48) | Z, Z (1.52) | C, C (1.56) | V, V (1.60) | R, R (1.64) | K, K (1.68)",
Deleted,6/27/0203,No,Yes,open-source,No,554,photopic_mars,checkbox,,1553,plcsoueyev_rw8,,OU Form 3: Row 8,40767545,Letter on line read by the patient [PhenX],Observation,LOINC,Clinical Observation,S,64843-6,skos:broadMatch,0.5,,,10/2,,"S, S (1.72) | C, C (1.76) | Z, Z (1.80) | D, D (1.84) | V, V (1.88) | O, O (1.92)",
Deleted,6/27/0203,No,Yes,open-source,No,555,photopic_mars,text,,1554,plcsoufcl,,OU: Value of final correct letter,4256483,Contrast sensitivity test,Procedure,SNOMED,Procedure,S,410566008,skos:broadMatch,0.25,3,"1=Photopic, left eye; 2=Photopic, right eye; 3=Photopic, binocular",10/2,,,
Deleted,6/27/0203,No,Yes,open-source,No,556,photopic_mars,text,,1555,plcsoumiss,,OU: Number of misses prior to stopping,4256483,Contrast sensitivity test,Procedure,SNOMED,Procedure,S,410566008,skos:broadMatch,0.25,3,"1=Photopic, left eye; 2=Photopic, right eye; 3=Photopic, binocular",10/2,,,
Deleted,6/27/0203,Yes,Yes,open-source,Yes,557,photopic_mars,calc,,1556,plcsoulog,,OU: Log Contrast Sensitivity,4090077,Contrast sensitivity,Measurement,SNOMED,Observable Entity,S,251686008,skos:broadMatch,0.75,3,"1=Photopic, left eye; 2=Photopic, right eye; 3=Photopic, binocular",10/2,,"if([plcscmpyn(999)] = '0', [plcsoufcl] - ([plcsoumiss] * 0.04), '')",
Original,6/23/2023,Yes,Yes,open-source,No,558,mesopic_mars,text,,1557,mlcscmpdat,,Date procedure performed,1035260,Performed on (specify date),Meas Value,LOINC,Answer,S,LA30233-3,skos:closeMatch,0.75,,,10/2,,,note that per OMOP vocab this goes in the Measurement Value Domain.
Original,6/23/2023,Yes,Yes,open-source,Yes,559,mesopic_mars,checkbox,,1558,mlcscmpyn,,,4256483,Contrast sensitivity test,Procedure,SNOMED,Procedure,S,410566008,skos:broadMatch,0.75,,,10/2,,"999, Mesopic Mars not done",
Original,6/23/2023,No,Yes,open-source,No,560,mesopic_mars,text,,1559,mlcs_crcid,,Interviewer code,none - OPS,,,,,,N/A - operational variable,,,,,10/2,,,
Original,6/23/2023,No,Yes,open-source,No,561,mesopic_mars,notes,,1560,mlcsreasn,,"If not completed, why? (explain)",44788487,Procedure not completed,Observation,OMOP,Context-dependent,S,178291000000101,skos:relatedMatch,0.5,,,10/2,,,Requires Fact relationship entry 
Original,6/23/2023,No,Yes,open-source,No,562,mesopic_mars,radio,,1561,mlcsodeye,,OD Form 1 (eye),40767451,Which eye [PhenX],Observation,LOINC,Clinical Observation,S,64747-9,skos:closeMatch,1,,,10/2,,"L, Left eye | R, Right eye | B, Binocular",
Original,6/23/2023,No,Yes,open-source,No,563,mesopic_mars,checkbox,,1562,mlcsodeyev_rw1,,OD Form 1: Row 1,40767545,Letter on line read by the patient [PhenX],Observation,LOINC,Clinical Observation,S,64843-6,skos:broadMatch,0.5,,,10/2,,"C, C (0.04) | H, H (0.08) | V, V (0.12) | O, O (0.16) | S, S (0.20) | N, N (0.24)",
Original,6/23/2023,No,Yes,open-source,No,564,mesopic_mars,checkbox,,1563,mlcsodeyev_rw2,,OD Form 1: Row 2,40767545,Letter on line read by the patient [PhenX],Observation,LOINC,Clinical Observation,S,64843-6,skos:broadMatch,0.5,,,10/2,,"D, D (0.28) | S, S (0.32) | Z, Z (0.36) | N, N (0.40) | R, R (0.44) | K, K (0.48)",
Original,6/23/2023,No,Yes,open-source,No,565,mesopic_mars,checkbox,,1564,mlcsodeyev_rw3,,OD Form 1: Row 3,40767545,Letter on line read by the patient [PhenX],Observation,LOINC,Clinical Observation,S,64843-6,skos:broadMatch,0.5,,,10/2,,"N, N (0.52) | D, D (0.56) | R, R (0.60) | H, H (0.64) | V, V (0.68) | Z, Z (0.72)",
Original,6/23/2023,No,Yes,open-source,No,566,mesopic_mars,checkbox,,1565,mlcsodeyev_rw4,,OD Form 1: Row 4,40767545,Letter on line read by the patient [PhenX],Observation,LOINC,Clinical Observation,S,64843-6,skos:broadMatch,0.5,,,10/2,,"C, C (0.76) | S, S (0.80) | O, O (0.84) | N, N (0.88) | K, K (0.92) | H, H (0.96)",
Original,6/23/2023,No,Yes,open-source,No,567,mesopic_mars,checkbox,,1566,mlcsodeyev_rw5,,OD Form 1: Row 5,40767545,Letter on line read by the patient [PhenX],Observation,LOINC,Clinical Observation,S,64843-6,skos:broadMatch,0.5,,,10/2,,"K, K (1.00) | N, N (1.04) | V, V (1.08) | D, D (1.12) | S, S (1.16) | R, R (1.20)",
Original,6/23/2023,No,Yes,open-source,No,568,mesopic_mars,checkbox,,1567,mlcsodeyev_rw6,,OD Form 1: Row 6,40767545,Letter on line read by the patient [PhenX],Observation,LOINC,Clinical Observation,S,64843-6,skos:broadMatch,0.5,,,10/2,,"Z, Z (1.24) | R, R (1.28) | D, D (1.32) | K, K (1.36) | H, H (1.40) | O, O (1.44)",
Original,6/23/2023,No,Yes,open-source,No,569,mesopic_mars,checkbox,,1568,mlcsodeyev_rw7,,OD Form 1: Row 7,40767545,Letter on line read by the patient [PhenX],Observation,LOINC,Clinical Observation,S,64843-6,skos:broadMatch,0.5,,,10/2,,"H, H (1.48) | Z, Z (1.52) | C, C (1.56) | V, V (1.60) | R, R (1.64) | K, K (1.68)",
Original,6/23/2023,No,Yes,open-source,No,570,mesopic_mars,checkbox,,1569,mlcsodeyev_rw8,,OD Form 1: Row 8,40767545,Letter on line read by the patient [PhenX],Observation,LOINC,Clinical Observation,S,64843-6,skos:broadMatch,0.5,,,10/2,,"S, S (1.72) | C, C (1.76) | Z, Z (1.80) | D, D (1.84) | V, V (1.88) | O, O (1.92)",
Original,6/23/2023,No,Yes,open-source,No,571,mesopic_mars,text,,1570,mlcsodfcl,,OD: Value of final correct letter,4256483,Contrast sensitivity test,Procedure,SNOMED,Procedure,S,410566008,skos:broadMatch,0.25,2,"1=Mesopic, left eye; 2=Mesopic, right eye; 3=Mesopic, binocular",10/2,,,
Original,6/23/2023,No,Yes,open-source,No,572,mesopic_mars,text,,1571,mlcsodmiss,,OD: Number of misses prior to stopping,4256483,Contrast sensitivity test,Procedure,SNOMED,Procedure,S,410566008,skos:broadMatch,0.25,2,"1=Mesopic, left eye; 2=Mesopic, right eye; 3=Mesopic, binocular",10/2,,,
Original,6/23/2023,Yes,Yes,open-source,Yes,573,mesopic_mars,calc,,1572,mlcsodlog,,OD: Log Contrast Sensitivity,4090077,Contrast sensitivity,Measurement,SNOMED,Observable Entity,S,251686008,skos:broadMatch,0.75,2,"1=Mesopic, left eye; 2=Mesopic, right eye; 3=Mesopic, binocular",10/2,,"if([mlcscmpyn(999)] = '0', [mlcsodfcl] - ([mlcsodmiss] * 0.04), '')",
Original,6/23/2023,No,Yes,open-source,No,574,mesopic_mars,radio,,1573,mlcsoseye,,OS Form 2 (eye),40767451,Which eye [PhenX],Observation,LOINC,Clinical Observation,S,64747-9,skos:closeMatch,1,,,10/2,,"L, Left eye | R, Right eye | B, Binocular",
Original,6/23/2023,No,Yes,open-source,No,575,mesopic_mars,checkbox,,1574,mlcsoseyev_rw1,,OS Form 2: Row 1,40767545,Letter on line read by the patient [PhenX],Observation,LOINC,Clinical Observation,S,64843-6,skos:broadMatch,0.5,,,10/2,,"C, C (0.04) | H, H (0.08) | V, V (0.12) | O, O (0.16) | S, S (0.20) | N, N (0.24)",
Original,6/23/2023,No,Yes,open-source,No,576,mesopic_mars,checkbox,,1575,mlcsoseyev_rw2,,OS Form 2: Row 2,40767545,Letter on line read by the patient [PhenX],Observation,LOINC,Clinical Observation,S,64843-6,skos:broadMatch,0.5,,,10/2,,"D, D (0.28) | S, S (0.32) | Z, Z (0.36) | N, N (0.40) | R, R (0.44) | K, K (0.48)",
Original,6/23/2023,No,Yes,open-source,No,577,mesopic_mars,checkbox,,1576,mlcsoseyev_rw3,,OS Form 2: Row 3,40767545,Letter on line read by the patient [PhenX],Observation,LOINC,Clinical Observation,S,64843-6,skos:broadMatch,0.5,,,10/2,,"N, N (0.52) | D, D (0.56) | R, R (0.60) | H, H (0.64) | V, V (0.68) | Z, Z (0.72)",
Original,6/23/2023,No,Yes,open-source,No,578,mesopic_mars,checkbox,,1577,mlcsoseyev_rw4,,OS Form 2: Row 4,40767545,Letter on line read by the patient [PhenX],Observation,LOINC,Clinical Observation,S,64843-6,skos:broadMatch,0.5,,,10/2,,"C, C (0.76) | S, S (0.80) | O, O (0.84) | N, N (0.88) | K, K (0.92) | H, H (0.96)",
Original,6/23/2023,No,Yes,open-source,No,579,mesopic_mars,checkbox,,1578,mlcsoseyev_rw5,,OS Form 2: Row 5,40767545,Letter on line read by the patient [PhenX],Observation,LOINC,Clinical Observation,S,64843-6,skos:broadMatch,0.5,,,10/2,,"K, K (1.00) | N, N (1.04) | V, V (1.08) | D, D (1.12) | S, S (1.16) | R, R (1.20)",
Original,6/23/2023,No,Yes,open-source,No,580,mesopic_mars,checkbox,,1579,mlcsoseyev_rw6,,OS Form 2: Row 6,40767545,Letter on line read by the patient [PhenX],Observation,LOINC,Clinical Observation,S,64843-6,skos:broadMatch,0.5,,,10/2,,"Z, Z (1.24) | R, R (1.28) | D, D (1.32) | K, K (1.36) | H, H (1.40) | O, O (1.44)",
Original,6/23/2023,No,Yes,open-source,No,581,mesopic_mars,checkbox,,1580,mlcsoseyev_rw7,,OS Form 2: Row 7,40767545,Letter on line read by the patient [PhenX],Observation,LOINC,Clinical Observation,S,64843-6,skos:broadMatch,0.5,,,10/2,,"H, H (1.48) | Z, Z (1.52) | C, C (1.56) | V, V (1.60) | R, R (1.64) | K, K (1.68)",
Original,6/23/2023,No,Yes,open-source,No,582,mesopic_mars,checkbox,,1581,mlcsoseyev_rw8,,OS Form 2: Row 8,40767545,Letter on line read by the patient [PhenX],Observation,LOINC,Clinical Observation,S,64843-6,skos:broadMatch,0.5,,,10/2,,"S, S (1.72) | C, C (1.76) | Z, Z (1.80) | D, D (1.84) | V, V (1.88) | O, O (1.92)",
Original,6/23/2023,No,Yes,open-source,No,583,mesopic_mars,text,,1582,mlcsosfcl,,OS: Value of final correct letter,4256483,Contrast sensitivity test,Procedure,SNOMED,Procedure,S,410566008,skos:broadMatch,0.25,1,"1=Mesopic, left eye; 2=Mesopic, right eye; 3=Mesopic, binocular",10/2,,,
Original,6/23/2023,No,Yes,open-source,No,584,mesopic_mars,text,,1583,mlcsosmiss,,OS: Number of misses prior to stopping,4256483,Contrast sensitivity test,Procedure,SNOMED,Procedure,S,410566008,skos:broadMatch,0.25,1,"1=Mesopic, left eye; 2=Mesopic, right eye; 3=Mesopic, binocular",10/2,,,
Original,6/23/2023,Yes,Yes,open-source,Yes,585,mesopic_mars,calc,,1584,mlcsoslog,,OS: Log Contrast Sensitivity,4090077,Contrast sensitivity,Measurement,SNOMED,Observable Entity,S,251686008,skos:broadMatch,0.75,1,"1=Mesopic, left eye; 2=Mesopic, right eye; 3=Mesopic, binocular",10/2,,"if([mlcscmpyn(999)] = '0', [mlcsosfcl] - ([mlcsosmiss] * 0.04), '')",
Deleted,6/27/0203,No,Yes,open-source,No,586,mesopic_mars,radio,,1585,mlcsoueye,,OU Form 3 (eye),40767451,Which eye [PhenX],Observation,LOINC,Clinical Observation,S,64747-9,skos:closeMatch,1,,,10/2,,"L, Left eye | R, Right eye | B, Binocular",
Deleted,6/27/0203,No,Yes,open-source,No,587,mesopic_mars,checkbox,,1586,mlcsoueyev_rw1,,OU Form 3: Row 1,40767545,Letter on line read by the patient [PhenX],Observation,LOINC,Clinical Observation,S,64843-6,skos:broadMatch,0.5,,,10/2,,"C, C (0.04) | H, H (0.08) | V, V (0.12) | O, O (0.16) | S, S (0.20) | N, N (0.24)",
Deleted,6/27/0203,No,Yes,open-source,No,588,mesopic_mars,checkbox,,1587,mlcsoueyev_rw2,,OU Form 3: Row 2,40767545,Letter on line read by the patient [PhenX],Observation,LOINC,Clinical Observation,S,64843-6,skos:broadMatch,0.5,,,10/2,,"D, D (0.28) | S, S (0.32) | Z, Z (0.36) | N, N (0.40) | R, R (0.44) | K, K (0.48)",
Deleted,6/27/0203,No,Yes,open-source,No,589,mesopic_mars,checkbox,,1588,mlcsoueyev_rw3,,OU Form 3: Row 3,40767545,Letter on line read by the patient [PhenX],Observation,LOINC,Clinical Observation,S,64843-6,skos:broadMatch,0.5,,,10/2,,"N, N (0.52) | D, D (0.56) | R, R (0.60) | H, H (0.64) | V, V (0.68) | Z, Z (0.72)",
Deleted,6/27/0203,No,Yes,open-source,No,590,mesopic_mars,checkbox,,1589,mlcsoueyev_rw4,,OU Form 3: Row 4,40767545,Letter on line read by the patient [PhenX],Observation,LOINC,Clinical Observation,S,64843-6,skos:broadMatch,0.5,,,10/2,,"C, C (0.76) | S, S (0.80) | O, O (0.84) | N, N (0.88) | K, K (0.92) | H, H (0.96)",
Deleted,6/27/0203,No,Yes,open-source,No,591,mesopic_mars,checkbox,,1590,mlcsoueyev_rw5,,OU Form 3: Row 5,40767545,Letter on line read by the patient [PhenX],Observation,LOINC,Clinical Observation,S,64843-6,skos:broadMatch,0.5,,,10/2,,"K, K (1.00) | N, N (1.04) | V, V (1.08) | D, D (1.12) | S, S (1.16) | R, R (1.20)",
Deleted,6/27/0203,No,Yes,open-source,No,592,mesopic_mars,checkbox,,1591,mlcsoueyev_rw6,,OU Form 3: Row 6,40767545,Letter on line read by the patient [PhenX],Observation,LOINC,Clinical Observation,S,64843-6,skos:broadMatch,0.5,,,10/2,,"Z, Z (1.24) | R, R (1.28) | D, D (1.32) | K, K (1.36) | H, H (1.40) | O, O (1.44)",
Deleted,6/27/0203,No,Yes,open-source,No,593,mesopic_mars,checkbox,,1592,mlcsoueyev_rw7,,OU Form 3: Row 7,40767545,Letter on line read by the patient [PhenX],Observation,LOINC,Clinical Observation,S,64843-6,skos:broadMatch,0.5,,,10/2,,"H, H (1.48) | Z, Z (1.52) | C, C (1.56) | V, V (1.60) | R, R (1.64) | K, K (1.68)",
Deleted,6/27/0203,No,Yes,open-source,No,594,mesopic_mars,checkbox,,1593,mlcsoueyev_rw8,,OU Form 3: Row 8,40767545,Letter on line read by the patient [PhenX],Observation,LOINC,Clinical Observation,S,64843-6,skos:broadMatch,0.5,,,10/2,,"S, S (1.72) | C, C (1.76) | Z, Z (1.80) | D, D (1.84) | V, V (1.88) | O, O (1.92)",
Deleted,6/27/0203,No,Yes,open-source,No,595,mesopic_mars,text,,1594,mlcsoufcl,,OU: Value of final correct letter,4256483,Contrast sensitivity test,Procedure,SNOMED,Procedure,S,410566008,skos:broadMatch,0.25,3,"1=Mesopic, left eye; 2=Mesopic, right eye; 3=Mesopic, binocular",10/2,,,
Deleted,6/27/0203,No,Yes,open-source,No,596,mesopic_mars,text,,1595,mlcsoumiss,,OU: Number of misses prior to stopping,4256483,Contrast sensitivity test,Procedure,SNOMED,Procedure,S,410566008,skos:broadMatch,0.25,3,"1=Mesopic, left eye; 2=Mesopic, right eye; 3=Mesopic, binocular",10/2,,,
Deleted,6/27/0203,Yes,Yes,open-source,Yes,597,mesopic_mars,calc,,1596,mlcsoulog,,OU: Log Contrast Sensitivity,4090077,Contrast sensitivity,Measurement,SNOMED,Observable Entity,S,251686008,skos:broadMatch,0.5,3,"1=Mesopic, left eye; 2=Mesopic, right eye; 3=Mesopic, binocular",10/2,,"if([mlcscmpyn(999)] = '0', [mlcsoufcl] - ([mlcsoumiss] * 0.04), '')",
Original,6/23/2023,Yes,Yes,open-source,No,,ophthalmic_survey,radio,via1,2219,1,via1_1,No difficulty,45878948,No difficulty,Meas Value,LOINC,Answer,S,LA15227-4,skos:exactMatch,1,,,10/2,,,
Original,6/23/2023,Yes,Yes,open-source,No,,ophthalmic_survey,radio,via1,2220,2,via1_2,A little difficulty,45883842,A little difficulty,Meas Value,LOINC,Answer,S,LA15725-7,skos:exactMatch,1,,,10/2,,,
Original,6/23/2023,Yes,Yes,open-source,No,,ophthalmic_survey,radio,via1,2221,3,via1_3,Moderate difficulty,45879201,Moderate difficulty,Meas Value,LOINC,Answer,S,LA15726-5,skos:exactMatch,1,,,10/2,,,
Original,6/23/2023,Yes,Yes,open-source,No,,ophthalmic_survey,radio,via1,2222,4,via1_4,Extreme difficulty,45880767,Extreme difficulty,Meas Value,LOINC,Answer,S,LA15727-3,skos:exactMatch,1,,,10/2,,,
Original,6/23/2023,Yes,Yes,open-source,No,,ophthalmic_survey,radio,via1,2223,5,via1_5,Unable to do because of eyesight,45879202,Stopped doing this because of your eyesight,Meas Value,LOINC,Answer,S,LA14735-7,skos:exactMatch,1,,,10/2,,,
Original,6/23/2023,Yes,Yes,open-source,No,,ophthalmic_survey,radio,via1,2224,777,via1_777,Prefer not to say,36311156,Prefer not to say,Meas Value,LOINC,Answer,S,LA28803-7,skos:exactMatch,1,,,10/2,,,
Original,6/23/2023,Yes,Yes,open-source,No,,ophthalmic_survey,radio,via2,2225,1,via2_1,No difficulty,45878948,No difficulty,Meas Value,LOINC,Answer,S,LA15227-4,skos:exactMatch,1,,,10/2,,,
Original,6/23/2023,Yes,Yes,open-source,No,,ophthalmic_survey,radio,via2,2226,2,via2_2,A little difficulty,45883842,A little difficulty,Meas Value,LOINC,Answer,S,LA15725-7,skos:exactMatch,1,,,10/2,,,
Original,6/23/2023,Yes,Yes,open-source,No,,ophthalmic_survey,radio,via2,2227,3,via2_3,Moderate difficulty,45879201,Moderate difficulty,Meas Value,LOINC,Answer,S,LA15726-5,skos:exactMatch,1,,,10/2,,,
Original,6/23/2023,Yes,Yes,open-source,No,,ophthalmic_survey,radio,via2,2228,4,via2_4,Extreme difficulty,45880767,Extreme difficulty,Meas Value,LOINC,Answer,S,LA15727-3,skos:exactMatch,1,,,10/2,,,
Original,6/23/2023,Yes,Yes,open-source,No,,ophthalmic_survey,radio,via2,2229,5,via2_5,Unable to do because of eyesight,45879202,Stopped doing this because of your eyesight,Meas Value,LOINC,Answer,S,LA14735-7,skos:exactMatch,1,,,10/2,,,
Original,6/23/2023,Yes,Yes,open-source,No,,ophthalmic_survey,radio,via2,2230,777,via2_777,Prefer not to say,36311156,Prefer not to say,Meas Value,LOINC,Answer,S,LA28803-7,skos:exactMatch,1,,,10/2,,,
Original,6/23/2023,Yes,Yes,open-source,No,,ophthalmic_survey,radio,via3,2231,1,via3_1,No difficulty,45878948,No difficulty,Meas Value,LOINC,Answer,S,LA15227-4,skos:exactMatch,1,,,10/2,,,
Original,6/23/2023,Yes,Yes,open-source,No,,ophthalmic_survey,radio,via3,2232,2,via3_2,A little difficulty,45883842,A little difficulty,Meas Value,LOINC,Answer,S,LA15725-7,skos:exactMatch,1,,,10/2,,,
Original,6/23/2023,Yes,Yes,open-source,No,,ophthalmic_survey,radio,via3,2233,3,via3_3,Moderate difficulty,45879201,Moderate difficulty,Meas Value,LOINC,Answer,S,LA15726-5,skos:exactMatch,1,,,10/2,,,
Original,6/23/2023,Yes,Yes,open-source,No,,ophthalmic_survey,radio,via3,2234,4,via3_4,Extreme difficulty,45880767,Extreme difficulty,Meas Value,LOINC,Answer,S,LA15727-3,skos:exactMatch,1,,,10/2,,,
Original,6/23/2023,Yes,Yes,open-source,No,,ophthalmic_survey,radio,via3,2235,5,via3_5,Unable to do because of eyesight,45879202,Stopped doing this because of your eyesight,Meas Value,LOINC,Answer,S,LA14735-7,skos:exactMatch,1,,,10/2,,,
Original,6/23/2023,Yes,Yes,open-source,No,,ophthalmic_survey,radio,via3,2236,777,via3_777,Prefer not to say,36311156,Prefer not to say,Meas Value,LOINC,Answer,S,LA28803-7,skos:exactMatch,1,,,10/2,,,
Original,6/23/2023,Yes,Yes,open-source,No,,ophthalmic_survey,radio,via4,2237,1,via4_1,Within the past month (anytime less than 1 month ago),45882114,Within 30 days,Meas Value,LOINC,Answer,S,LA160-4,skos:closeMatch,1,,,10/2,,,
Original,6/23/2023,Yes,Yes,open-source,No,,ophthalmic_survey,radio,via4,2238,2,via4_2,Within the past year (1 month but less than 12 months ago),45883457,More than 30 days ago but within the past 12 months,Meas Value,LOINC,Answer,S,LA15789-3,skos:exactMatch,1,,,10/2,,,
Original,6/23/2023,Yes,Yes,open-source,Yes,,ophthalmic_survey,radio,via4,2239,3,via4_3,Within the past 2 years (1 year but less than 2 years ago),45876410,More than 12 months ago but within the past 3 years,Meas Value,LOINC,Answer,S,LA15790-1,skos:relatedMatch,1,,,10/2,,,
Original,6/23/2023,Yes,Yes,open-source,No,,ophthalmic_survey,radio,via4,2240,4,via4_4,2 or more years ago,1990160,More than 2 years ago (more than 105 weeks ago),Meas Value,LOINC,Answer,S,LA32867-6,skos:closeMatch,1,,,10/2,,,
Original,6/23/2023,Yes,Yes,open-source,No,,ophthalmic_survey,radio,via4,2241,777,via4_777,Prefer not to say,36311156,Prefer not to say,Meas Value,LOINC,Answer,S,LA28803-7,skos:exactMatch,1,,,10/2,,,
Original,6/23/2023,Yes,Yes,open-source,Yes,,ophthalmic_survey,radio,via5,2242,1,via5_1,Cost/Insurance,46237671,Insurance,Meas Value,LOINC,Answer,S,LA21462-9,skos:broadMatch,1,,,10/2,,,
Original,6/23/2023,Yes,Yes,open-source,Yes,,ophthalmic_survey,radio,via5,2243,2,via5_2,Do not have/know an eye doctor,45883792,Do not,Meas Value,LOINC,Answer,S,LA14426-3,skos:broadMatch,0.5,,,10/2,,,
Original,6/23/2023,Yes,Yes,open-source,Yes,,ophthalmic_survey,radio,via5,2244,3,via5_3,"Cannot get to the office/clinic (too far away, no transportation)",36309220,Transportation limitations,Meas Value,LOINC,Answer,S,LA28319-4,skos:broadMatch,0.5,,,10/2,,,
Original,6/23/2023,Yes,Yes,open-source,Yes,,ophthalmic_survey,radio,via5,2245,4,via5_4,Could not get an appointment,1989310,Missed scheduled appointment with healthcare provider in past Mo,Observation,LOINC,Clinical Observation,S,98867-5,skos:relatedMatch,0,,,10/2,,,
Original,6/23/2023,Yes,Yes,open-source,Yes,,ophthalmic_survey,radio,via5,2246,5,via5_5,No reason to go (no problem),45878810,No apparent problem,Meas Value,LOINC,Answer,S,LA9619-3,skos:broadMatch,0.75,,,10/2,,,
Original,6/23/2023,Yes,Yes,open-source,Yes,,ophthalmic_survey,radio,via5,2247,6,via5_6,Have not thought of it,45878810,No apparent problem,Meas Value,LOINC,Answer,S,LA9619-3,skos:relatedMatch,0.5,,,10/2,,,
Original,6/23/2023,Yes,Yes,open-source,No,,ophthalmic_survey,radio,via5,2248,7,via5_7,Other,45878142,Other,Meas Value,LOINC,Answer,S,LA46-8,skos:exactMatch,1,,,10/2,,,
Original,6/23/2023,Yes,Yes,open-source,No,,ophthalmic_survey,radio,via5,2249,777,via5_777,Prefer not to say,36311156,Prefer not to say,Meas Value,LOINC,Answer,S,LA28803-7,skos:exactMatch,1,,,10/2,,,
Original,6/23/2023,Yes,Yes,open-source,No,,ophthalmic_survey,radio,via6,2250,1,via6_1,Within the past month (anytime less than 1 month ago),45882114,Within 30 days,Meas Value,LOINC,Answer,S,LA160-4,skos:closeMatch,1,,,10/2,,,
Original,6/23/2023,Yes,Yes,open-source,No,,ophthalmic_survey,radio,via6,2251,2,via6_2,Within the past year (1 month but less than 12 months ago),45883457,More than 30 days ago but within the past 12 months,Meas Value,LOINC,Answer,S,LA15789-3,skos:exactMatch,1,,,10/2,,,
Original,6/23/2023,Yes,Yes,open-source,Yes,,ophthalmic_survey,radio,via6,2252,3,via6_3,Within the past 2 years (1 year but less than 2 years ago),45876410,More than 12 months ago but within the past 3 years,Meas Value,LOINC,Answer,S,LA15790-1,skos:relatedMatch,1,,,10/2,,,
Original,6/23/2023,Yes,Yes,open-source,No,,ophthalmic_survey,radio,via6,2253,4,via6_4,2 or more years ago,1990160,More than 2 years ago (more than 105 weeks ago),Meas Value,LOINC,Answer,S,LA32867-6,skos:closeMatch,1,,,10/2,,,
Original,6/23/2023,Yes,Yes,open-source,No,,ophthalmic_survey,radio,via6,2254,5,via6_5,Never,45876662,Never,Meas Value,LOINC,Answer,S,LA6270-8,skos:exactMatch,1,,,10/2,,,
Original,6/23/2023,Yes,Yes,open-source,No,,ophthalmic_survey,radio,via6,2255,777,via6_777,Prefer not to say,36311156,Prefer not to say,Meas Value,LOINC,Answer,S,LA28803-7,skos:exactMatch,1,,,10/2,,,
Original,6/23/2023,Yes,Yes,open-source,No,,photopic_mars,radio,plcsodeye,3037,L,plcsodeye_L,Left eye,45883829,Left eye,Meas Value,LOINC,Answer,S,LA14704-3,skos:exactMatch,1,,,10/2,,,
Original,6/23/2023,Yes,Yes,open-source,No,,photopic_mars,radio,plcsodeye,3038,R,plcsodeye_R,Right eye,45876703,Right eye,Meas Value,LOINC,Answer,S,LA14703-5,skos:exactMatch,1,,,10/2,,,
Original,6/23/2023,Yes,Yes,open-source,No,,photopic_mars,radio,plcsodeye,3039,B,plcsodeye_B,Binocular,45878882,Both eyes,Meas Value,LOINC,Answer,S,LA15091-4,skos:closeMatch,1,,,10/2,,,
Original,6/23/2023,No,Yes,open-source,No,,photopic_mars,checkbox,plcsodeyev_rw1,3040,C,plcsodeyev_rw1_C,C (0.04),none - OPS,,,,,,,,,,,10/2,,,
Original,6/23/2023,No,Yes,open-source,No,,photopic_mars,checkbox,plcsodeyev_rw1,3041,H,plcsodeyev_rw1_H,H (0.08),none - OPS,,,,,,,,,,,10/2,,,
Original,6/23/2023,No,Yes,open-source,No,,photopic_mars,checkbox,plcsodeyev_rw1,3042,V,plcsodeyev_rw1_V,V (0.12),none - OPS,,,,,,,,,,,10/2,,,
Original,6/23/2023,No,Yes,open-source,No,,photopic_mars,checkbox,plcsodeyev_rw1,3043,O,plcsodeyev_rw1_O,O (0.16),none - OPS,,,,,,,,,,,10/2,,,
Original,6/23/2023,No,Yes,open-source,No,,photopic_mars,checkbox,plcsodeyev_rw1,3044,S,plcsodeyev_rw1_S,S (0.20),none - OPS,,,,,,,,,,,10/2,,,
Original,6/23/2023,No,Yes,open-source,No,,photopic_mars,checkbox,plcsodeyev_rw1,3045,N,plcsodeyev_rw1_N,N (0.24),none - OPS,,,,,,,,,,,10/2,,,
Original,6/23/2023,No,Yes,open-source,No,,photopic_mars,checkbox,plcsodeyev_rw2,3046,D,plcsodeyev_rw2_D,D (0.28),none - OPS,,,,,,,,,,,10/2,,,
Original,6/23/2023,No,Yes,open-source,No,,photopic_mars,checkbox,plcsodeyev_rw2,3047,S,plcsodeyev_rw2_S,S  (0.32),none - OPS,,,,,,,,,,,10/2,,,
Original,6/23/2023,No,Yes,open-source,No,,photopic_mars,checkbox,plcsodeyev_rw2,3048,Z,plcsodeyev_rw2_Z,Z (0.36),none - OPS,,,,,,,,,,,10/2,,,
Original,6/23/2023,No,Yes,open-source,No,,photopic_mars,checkbox,plcsodeyev_rw2,3049,N,plcsodeyev_rw2_N,N (0.40),none - OPS,,,,,,,,,,,10/2,,,
Original,6/23/2023,No,Yes,open-source,No,,photopic_mars,checkbox,plcsodeyev_rw2,3050,R,plcsodeyev_rw2_R,R (0.44),none - OPS,,,,,,,,,,,10/2,,,
Original,6/23/2023,No,Yes,open-source,No,,photopic_mars,checkbox,plcsodeyev_rw2,3051,K,plcsodeyev_rw2_K,K (0.48),none - OPS,,,,,,,,,,,10/2,,,
Original,6/23/2023,No,Yes,open-source,No,,photopic_mars,checkbox,plcsodeyev_rw3,3052,N,plcsodeyev_rw3_N,N (0.52),none - OPS,,,,,,,,,,,10/2,,,
Original,6/23/2023,No,Yes,open-source,No,,photopic_mars,checkbox,plcsodeyev_rw3,3053,D,plcsodeyev_rw3_D,D (0.56),none - OPS,,,,,,,,,,,10/2,,,
Original,6/23/2023,No,Yes,open-source,No,,photopic_mars,checkbox,plcsodeyev_rw3,3054,R,plcsodeyev_rw3_R,R (0.60),none - OPS,,,,,,,,,,,10/2,,,
Original,6/23/2023,No,Yes,open-source,No,,photopic_mars,checkbox,plcsodeyev_rw3,3055,H,plcsodeyev_rw3_H,H (0.64),none - OPS,,,,,,,,,,,10/2,,,
Original,6/23/2023,No,Yes,open-source,No,,photopic_mars,checkbox,plcsodeyev_rw3,3056,V,plcsodeyev_rw3_V,V (0.68),none - OPS,,,,,,,,,,,10/2,,,
Original,6/23/2023,No,Yes,open-source,No,,photopic_mars,checkbox,plcsodeyev_rw3,3057,Z,plcsodeyev_rw3_Z,Z (0.72),none - OPS,,,,,,,,,,,10/2,,,
Original,6/23/2023,No,Yes,open-source,No,,photopic_mars,checkbox,plcsodeyev_rw4,3058,C,plcsodeyev_rw4_C,C (0.76),none - OPS,,,,,,,,,,,10/2,,,
Original,6/23/2023,No,Yes,open-source,No,,photopic_mars,checkbox,plcsodeyev_rw4,3059,S,plcsodeyev_rw4_S,S (0.80),none - OPS,,,,,,,,,,,10/2,,,
Original,6/23/2023,No,Yes,open-source,No,,photopic_mars,checkbox,plcsodeyev_rw4,3060,O,plcsodeyev_rw4_O,O (0.84),none - OPS,,,,,,,,,,,10/2,,,
Original,6/23/2023,No,Yes,open-source,No,,photopic_mars,checkbox,plcsodeyev_rw4,3061,N,plcsodeyev_rw4_N,N (0.88),none - OPS,,,,,,,,,,,10/2,,,
Original,6/23/2023,No,Yes,open-source,No,,photopic_mars,checkbox,plcsodeyev_rw4,3062,K,plcsodeyev_rw4_K,K (0.92),none - OPS,,,,,,,,,,,10/2,,,
Original,6/23/2023,No,Yes,open-source,No,,photopic_mars,checkbox,plcsodeyev_rw4,3063,H,plcsodeyev_rw4_H,H (0.96),none - OPS,,,,,,,,,,,10/2,,,
Original,6/23/2023,No,Yes,open-source,No,,photopic_mars,checkbox,plcsodeyev_rw5,3064,K,plcsodeyev_rw5_K,K (1.00),none - OPS,,,,,,,,,,,10/2,,,
Original,6/23/2023,No,Yes,open-source,No,,photopic_mars,checkbox,plcsodeyev_rw5,3065,N,plcsodeyev_rw5_N,N (1.04),none - OPS,,,,,,,,,,,10/2,,,
Original,6/23/2023,No,Yes,open-source,No,,photopic_mars,checkbox,plcsodeyev_rw5,3066,V,plcsodeyev_rw5_V,V (1.08),none - OPS,,,,,,,,,,,10/2,,,
Original,6/23/2023,No,Yes,open-source,No,,photopic_mars,checkbox,plcsodeyev_rw5,3067,D,plcsodeyev_rw5_D,D (1.12),none - OPS,,,,,,,,,,,10/2,,,
Original,6/23/2023,No,Yes,open-source,No,,photopic_mars,checkbox,plcsodeyev_rw5,3068,S,plcsodeyev_rw5_S,S (1.16),none - OPS,,,,,,,,,,,10/2,,,
Original,6/23/2023,No,Yes,open-source,No,,photopic_mars,checkbox,plcsodeyev_rw5,3069,R,plcsodeyev_rw5_R,R (1.20),none - OPS,,,,,,,,,,,10/2,,,
Original,6/23/2023,No,Yes,open-source,No,,photopic_mars,checkbox,plcsodeyev_rw6,3070,Z,plcsodeyev_rw6_Z,Z (1.24),none - OPS,,,,,,,,,,,10/2,,,
Original,6/23/2023,No,Yes,open-source,No,,photopic_mars,checkbox,plcsodeyev_rw6,3071,R,plcsodeyev_rw6_R,R (1.28),none - OPS,,,,,,,,,,,10/2,,,
Original,6/23/2023,No,Yes,open-source,No,,photopic_mars,checkbox,plcsodeyev_rw6,3072,D,plcsodeyev_rw6_D,D (1.32),none - OPS,,,,,,,,,,,10/2,,,
Original,6/23/2023,No,Yes,open-source,No,,photopic_mars,checkbox,plcsodeyev_rw6,3073,K,plcsodeyev_rw6_K,K (1.36),none - OPS,,,,,,,,,,,10/2,,,
Original,6/23/2023,No,Yes,open-source,No,,photopic_mars,checkbox,plcsodeyev_rw6,3074,H,plcsodeyev_rw6_H,H (1.40),none - OPS,,,,,,,,,,,10/2,,,
Original,6/23/2023,No,Yes,open-source,No,,photopic_mars,checkbox,plcsodeyev_rw6,3075,O,plcsodeyev_rw6_O,O (1.44),none - OPS,,,,,,,,,,,10/2,,,
Original,6/23/2023,No,Yes,open-source,No,,photopic_mars,checkbox,plcsodeyev_rw7,3076,H,plcsodeyev_rw7_H,H (1.48),none - OPS,,,,,,,,,,,10/2,,,
Original,6/23/2023,No,Yes,open-source,No,,photopic_mars,checkbox,plcsodeyev_rw7,3077,Z,plcsodeyev_rw7_Z,Z (1.52),none - OPS,,,,,,,,,,,10/2,,,
Original,6/23/2023,No,Yes,open-source,No,,photopic_mars,checkbox,plcsodeyev_rw7,3078,C,plcsodeyev_rw7_C,C (1.56),none - OPS,,,,,,,,,,,10/2,,,
Original,6/23/2023,No,Yes,open-source,No,,photopic_mars,checkbox,plcsodeyev_rw7,3079,V,plcsodeyev_rw7_V,V (1.60),none - OPS,,,,,,,,,,,10/2,,,
Original,6/23/2023,No,Yes,open-source,No,,photopic_mars,checkbox,plcsodeyev_rw7,3080,R,plcsodeyev_rw7_R,R (1.64),none - OPS,,,,,,,,,,,10/2,,,
Original,6/23/2023,No,Yes,open-source,No,,photopic_mars,checkbox,plcsodeyev_rw7,3081,K,plcsodeyev_rw7_K,K (1.68),none - OPS,,,,,,,,,,,10/2,,,
Original,6/23/2023,No,Yes,open-source,No,,photopic_mars,checkbox,plcsodeyev_rw8,3082,S,plcsodeyev_rw8_S,S (1.72),none - OPS,,,,,,,,,,,10/2,,,
Original,6/23/2023,No,Yes,open-source,No,,photopic_mars,checkbox,plcsodeyev_rw8,3083,C,plcsodeyev_rw8_C,C (1.76),none - OPS,,,,,,,,,,,10/2,,,
Original,6/23/2023,No,Yes,open-source,No,,photopic_mars,checkbox,plcsodeyev_rw8,3084,Z,plcsodeyev_rw8_Z,Z (1.80),none - OPS,,,,,,,,,,,10/2,,,
Original,6/23/2023,No,Yes,open-source,No,,photopic_mars,checkbox,plcsodeyev_rw8,3085,D,plcsodeyev_rw8_D,D (1.84),none - OPS,,,,,,,,,,,10/2,,,
Original,6/23/2023,No,Yes,open-source,No,,photopic_mars,checkbox,plcsodeyev_rw8,3086,V,plcsodeyev_rw8_V,V (1.88),none - OPS,,,,,,,,,,,10/2,,,
Original,6/23/2023,No,Yes,open-source,No,,photopic_mars,checkbox,plcsodeyev_rw8,3087,O,plcsodeyev_rw8_O,O (1.92),none - OPS,,,,,,,,,,,10/2,,,
Original,6/23/2023,Yes,Yes,open-source,No,,photopic_mars,radio,plcsoseye,3088,L,plcsoseye_L,Left eye,45883829,Left eye,Meas Value,LOINC,Answer,S,LA14704-3,skos:exactMatch,1,,,10/2,,,
Original,6/23/2023,Yes,Yes,open-source,No,,photopic_mars,radio,plcsoseye,3089,R,plcsoseye_R,Right eye,45876703,Right eye,Meas Value,LOINC,Answer,S,LA14703-5,skos:exactMatch,1,,,10/2,,,
Original,6/23/2023,Yes,Yes,open-source,No,,photopic_mars,radio,plcsoseye,3090,B,plcsoseye_B,Binocular,45878882,Both eyes,Meas Value,LOINC,Answer,S,LA15091-4,skos:closeMatch,1,,,10/2,,,
Original,6/23/2023,No,Yes,open-source,No,,photopic_mars,checkbox,plcsoseyev_rw1,3091,C,plcsoseyev_rw1_C,C (0.04),none - OPS,,,,,,,,,,,10/2,,,
Original,6/23/2023,No,Yes,open-source,No,,photopic_mars,checkbox,plcsoseyev_rw1,3092,H,plcsoseyev_rw1_H,H (0.08),none - OPS,,,,,,,,,,,10/2,,,
Original,6/23/2023,No,Yes,open-source,No,,photopic_mars,checkbox,plcsoseyev_rw1,3093,V,plcsoseyev_rw1_V,V (0.12),none - OPS,,,,,,,,,,,10/2,,,
Original,6/23/2023,No,Yes,open-source,No,,photopic_mars,checkbox,plcsoseyev_rw1,3094,O,plcsoseyev_rw1_O,O (0.16),none - OPS,,,,,,,,,,,10/2,,,
Original,6/23/2023,No,Yes,open-source,No,,photopic_mars,checkbox,plcsoseyev_rw1,3095,S,plcsoseyev_rw1_S,S (0.20),none - OPS,,,,,,,,,,,10/2,,,
Original,6/23/2023,No,Yes,open-source,No,,photopic_mars,checkbox,plcsoseyev_rw1,3096,N,plcsoseyev_rw1_N,N (0.24),none - OPS,,,,,,,,,,,10/2,,,
Original,6/23/2023,No,Yes,open-source,No,,photopic_mars,checkbox,plcsoseyev_rw2,3097,D,plcsoseyev_rw2_D,D (0.28),none - OPS,,,,,,,,,,,10/2,,,
Original,6/23/2023,No,Yes,open-source,No,,photopic_mars,checkbox,plcsoseyev_rw2,3098,S,plcsoseyev_rw2_S,S  (0.32),none - OPS,,,,,,,,,,,10/2,,,
Original,6/23/2023,No,Yes,open-source,No,,photopic_mars,checkbox,plcsoseyev_rw2,3099,Z,plcsoseyev_rw2_Z,Z (0.36),none - OPS,,,,,,,,,,,10/2,,,
Original,6/23/2023,No,Yes,open-source,No,,photopic_mars,checkbox,plcsoseyev_rw2,3100,N,plcsoseyev_rw2_N,N (0.40),none - OPS,,,,,,,,,,,10/2,,,
Original,6/23/2023,No,Yes,open-source,No,,photopic_mars,checkbox,plcsoseyev_rw2,3101,R,plcsoseyev_rw2_R,R (0.44),none - OPS,,,,,,,,,,,10/2,,,
Original,6/23/2023,No,Yes,open-source,No,,photopic_mars,checkbox,plcsoseyev_rw2,3102,K,plcsoseyev_rw2_K,K (0.48),none - OPS,,,,,,,,,,,10/2,,,
Original,6/23/2023,No,Yes,open-source,No,,photopic_mars,checkbox,plcsoseyev_rw3,3103,N,plcsoseyev_rw3_N,N (0.52),none - OPS,,,,,,,,,,,10/2,,,
Original,6/23/2023,No,Yes,open-source,No,,photopic_mars,checkbox,plcsoseyev_rw3,3104,D,plcsoseyev_rw3_D,D (0.56),none - OPS,,,,,,,,,,,10/2,,,
Original,6/23/2023,No,Yes,open-source,No,,photopic_mars,checkbox,plcsoseyev_rw3,3105,R,plcsoseyev_rw3_R,R (0.60),none - OPS,,,,,,,,,,,10/2,,,
Original,6/23/2023,No,Yes,open-source,No,,photopic_mars,checkbox,plcsoseyev_rw3,3106,H,plcsoseyev_rw3_H,H (0.64),none - OPS,,,,,,,,,,,10/2,,,
Original,6/23/2023,No,Yes,open-source,No,,photopic_mars,checkbox,plcsoseyev_rw3,3107,V,plcsoseyev_rw3_V,V (0.68),none - OPS,,,,,,,,,,,10/2,,,
Original,6/23/2023,No,Yes,open-source,No,,photopic_mars,checkbox,plcsoseyev_rw3,3108,Z,plcsoseyev_rw3_Z,Z (0.72),none - OPS,,,,,,,,,,,10/2,,,
Original,6/23/2023,No,Yes,open-source,No,,photopic_mars,checkbox,plcsoseyev_rw4,3109,C,plcsoseyev_rw4_C,C (0.76),none - OPS,,,,,,,,,,,10/2,,,
Original,6/23/2023,No,Yes,open-source,No,,photopic_mars,checkbox,plcsoseyev_rw4,3110,S,plcsoseyev_rw4_S,S (0.80),none - OPS,,,,,,,,,,,10/2,,,
Original,6/23/2023,No,Yes,open-source,No,,photopic_mars,checkbox,plcsoseyev_rw4,3111,O,plcsoseyev_rw4_O,O (0.84),none - OPS,,,,,,,,,,,10/2,,,
Original,6/23/2023,No,Yes,open-source,No,,photopic_mars,checkbox,plcsoseyev_rw4,3112,N,plcsoseyev_rw4_N,N (0.88),none - OPS,,,,,,,,,,,10/2,,,
Original,6/23/2023,No,Yes,open-source,No,,photopic_mars,checkbox,plcsoseyev_rw4,3113,K,plcsoseyev_rw4_K,K (0.92),none - OPS,,,,,,,,,,,10/2,,,
Original,6/23/2023,No,Yes,open-source,No,,photopic_mars,checkbox,plcsoseyev_rw4,3114,H,plcsoseyev_rw4_H,H (0.96),none - OPS,,,,,,,,,,,10/2,,,
Original,6/23/2023,No,Yes,open-source,No,,photopic_mars,checkbox,plcsoseyev_rw5,3115,K,plcsoseyev_rw5_K,K (1.00),none - OPS,,,,,,,,,,,10/2,,,
Original,6/23/2023,No,Yes,open-source,No,,photopic_mars,checkbox,plcsoseyev_rw5,3116,N,plcsoseyev_rw5_N,N (1.04),none - OPS,,,,,,,,,,,10/2,,,
Original,6/23/2023,No,Yes,open-source,No,,photopic_mars,checkbox,plcsoseyev_rw5,3117,V,plcsoseyev_rw5_V,V (1.08),none - OPS,,,,,,,,,,,10/2,,,
Original,6/23/2023,No,Yes,open-source,No,,photopic_mars,checkbox,plcsoseyev_rw5,3118,D,plcsoseyev_rw5_D,D (1.12),none - OPS,,,,,,,,,,,10/2,,,
Original,6/23/2023,No,Yes,open-source,No,,photopic_mars,checkbox,plcsoseyev_rw5,3119,S,plcsoseyev_rw5_S,S (1.16),none - OPS,,,,,,,,,,,10/2,,,
Original,6/23/2023,No,Yes,open-source,No,,photopic_mars,checkbox,plcsoseyev_rw5,3120,R,plcsoseyev_rw5_R,R (1.20),none - OPS,,,,,,,,,,,10/2,,,
Original,6/23/2023,No,Yes,open-source,No,,photopic_mars,checkbox,plcsoseyev_rw6,3121,Z,plcsoseyev_rw6_Z,Z (1.24),none - OPS,,,,,,,,,,,10/2,,,
Original,6/23/2023,No,Yes,open-source,No,,photopic_mars,checkbox,plcsoseyev_rw6,3122,R,plcsoseyev_rw6_R,R (1.28),none - OPS,,,,,,,,,,,10/2,,,
Original,6/23/2023,No,Yes,open-source,No,,photopic_mars,checkbox,plcsoseyev_rw6,3123,D,plcsoseyev_rw6_D,D (1.32),none - OPS,,,,,,,,,,,10/2,,,
Original,6/23/2023,No,Yes,open-source,No,,photopic_mars,checkbox,plcsoseyev_rw6,3124,K,plcsoseyev_rw6_K,K (1.36),none - OPS,,,,,,,,,,,10/2,,,
Original,6/23/2023,No,Yes,open-source,No,,photopic_mars,checkbox,plcsoseyev_rw6,3125,H,plcsoseyev_rw6_H,H (1.40),none - OPS,,,,,,,,,,,10/2,,,
Original,6/23/2023,No,Yes,open-source,No,,photopic_mars,checkbox,plcsoseyev_rw6,3126,O,plcsoseyev_rw6_O,O (1.44),none - OPS,,,,,,,,,,,10/2,,,
Original,6/23/2023,No,Yes,open-source,No,,photopic_mars,checkbox,plcsoseyev_rw7,3127,H,plcsoseyev_rw7_H,H (1.48),none - OPS,,,,,,,,,,,10/2,,,
Original,6/23/2023,No,Yes,open-source,No,,photopic_mars,checkbox,plcsoseyev_rw7,3128,Z,plcsoseyev_rw7_Z,Z (1.52),none - OPS,,,,,,,,,,,10/2,,,
Original,6/23/2023,No,Yes,open-source,No,,photopic_mars,checkbox,plcsoseyev_rw7,3129,C,plcsoseyev_rw7_C,C (1.56),none - OPS,,,,,,,,,,,10/2,,,
Original,6/23/2023,No,Yes,open-source,No,,photopic_mars,checkbox,plcsoseyev_rw7,3130,V,plcsoseyev_rw7_V,V (1.60),none - OPS,,,,,,,,,,,10/2,,,
Original,6/23/2023,No,Yes,open-source,No,,photopic_mars,checkbox,plcsoseyev_rw7,3131,R,plcsoseyev_rw7_R,R (1.64),none - OPS,,,,,,,,,,,10/2,,,
Original,6/23/2023,No,Yes,open-source,No,,photopic_mars,checkbox,plcsoseyev_rw7,3132,K,plcsoseyev_rw7_K,K (1.68),none - OPS,,,,,,,,,,,10/2,,,
Original,6/23/2023,No,Yes,open-source,No,,photopic_mars,checkbox,plcsoseyev_rw8,3133,S,plcsoseyev_rw8_S,S (1.72),none - OPS,,,,,,,,,,,10/2,,,
Original,6/23/2023,No,Yes,open-source,No,,photopic_mars,checkbox,plcsoseyev_rw8,3134,C,plcsoseyev_rw8_C,C (1.76),none - OPS,,,,,,,,,,,10/2,,,
Original,6/23/2023,No,Yes,open-source,No,,photopic_mars,checkbox,plcsoseyev_rw8,3135,Z,plcsoseyev_rw8_Z,Z (1.80),none - OPS,,,,,,,,,,,10/2,,,
Original,6/23/2023,No,Yes,open-source,No,,photopic_mars,checkbox,plcsoseyev_rw8,3136,D,plcsoseyev_rw8_D,D (1.84),none - OPS,,,,,,,,,,,10/2,,,
Original,6/23/2023,No,Yes,open-source,No,,photopic_mars,checkbox,plcsoseyev_rw8,3137,V,plcsoseyev_rw8_V,V (1.88),none - OPS,,,,,,,,,,,10/2,,,
Original,6/23/2023,No,Yes,open-source,No,,photopic_mars,checkbox,plcsoseyev_rw8,3138,O,plcsoseyev_rw8_O,O (1.92),none - OPS,,,,,,,,,,,10/2,,,
Original,6/23/2023,Yes,Yes,open-source,No,,photopic_mars,radio,plcsoueye,3139,L,plcsoueye_L,Left eye,45883829,Left eye,Meas Value,LOINC,Answer,S,LA14704-3,skos:exactMatch,1,,,10/2,,,
Original,6/23/2023,Yes,Yes,open-source,No,,photopic_mars,radio,plcsoueye,3140,R,plcsoueye_R,Right eye,45876703,Right eye,Meas Value,LOINC,Answer,S,LA14703-5,skos:exactMatch,1,,,10/2,,,
Original,6/23/2023,Yes,Yes,open-source,No,,photopic_mars,radio,plcsoueye,3141,B,plcsoueye_B,Binocular,45878882,Both eyes,Meas Value,LOINC,Answer,S,LA15091-4,skos:closeMatch,1,,,10/2,,,
Original,6/23/2023,No,Yes,open-source,No,,photopic_mars,checkbox,plcsoueyev_rw1,3142,C,plcsoueyev_rw1_C,C (0.04),none - OPS,,,,,,,,,,,10/2,,,
Original,6/23/2023,No,Yes,open-source,No,,photopic_mars,checkbox,plcsoueyev_rw1,3143,H,plcsoueyev_rw1_H,H (0.08),none - OPS,,,,,,,,,,,10/2,,,
Original,6/23/2023,No,Yes,open-source,No,,photopic_mars,checkbox,plcsoueyev_rw1,3144,V,plcsoueyev_rw1_V,V (0.12),none - OPS,,,,,,,,,,,10/2,,,
Original,6/23/2023,No,Yes,open-source,No,,photopic_mars,checkbox,plcsoueyev_rw1,3145,O,plcsoueyev_rw1_O,O (0.16),none - OPS,,,,,,,,,,,10/2,,,
Original,6/23/2023,No,Yes,open-source,No,,photopic_mars,checkbox,plcsoueyev_rw1,3146,S,plcsoueyev_rw1_S,S (0.20),none - OPS,,,,,,,,,,,10/2,,,
Original,6/23/2023,No,Yes,open-source,No,,photopic_mars,checkbox,plcsoueyev_rw1,3147,N,plcsoueyev_rw1_N,N (0.24),none - OPS,,,,,,,,,,,10/2,,,
Original,6/23/2023,No,Yes,open-source,No,,photopic_mars,checkbox,plcsoueyev_rw2,3148,D,plcsoueyev_rw2_D,D (0.28),none - OPS,,,,,,,,,,,10/2,,,
Original,6/23/2023,No,Yes,open-source,No,,photopic_mars,checkbox,plcsoueyev_rw2,3149,S,plcsoueyev_rw2_S,S  (0.32),none - OPS,,,,,,,,,,,10/2,,,
Original,6/23/2023,No,Yes,open-source,No,,photopic_mars,checkbox,plcsoueyev_rw2,3150,Z,plcsoueyev_rw2_Z,Z (0.36),none - OPS,,,,,,,,,,,10/2,,,
Original,6/23/2023,No,Yes,open-source,No,,photopic_mars,checkbox,plcsoueyev_rw2,3151,N,plcsoueyev_rw2_N,N (0.40),none - OPS,,,,,,,,,,,10/2,,,
Original,6/23/2023,No,Yes,open-source,No,,photopic_mars,checkbox,plcsoueyev_rw2,3152,R,plcsoueyev_rw2_R,R (0.44),none - OPS,,,,,,,,,,,10/2,,,
Original,6/23/2023,No,Yes,open-source,No,,photopic_mars,checkbox,plcsoueyev_rw2,3153,K,plcsoueyev_rw2_K,K (0.48),none - OPS,,,,,,,,,,,10/2,,,
Original,6/23/2023,No,Yes,open-source,No,,photopic_mars,checkbox,plcsoueyev_rw3,3154,N,plcsoueyev_rw3_N,N (0.52),none - OPS,,,,,,,,,,,10/2,,,
Original,6/23/2023,No,Yes,open-source,No,,photopic_mars,checkbox,plcsoueyev_rw3,3155,D,plcsoueyev_rw3_D,D (0.56),none - OPS,,,,,,,,,,,10/2,,,
Original,6/23/2023,No,Yes,open-source,No,,photopic_mars,checkbox,plcsoueyev_rw3,3156,R,plcsoueyev_rw3_R,R (0.60),none - OPS,,,,,,,,,,,10/2,,,
Original,6/23/2023,No,Yes,open-source,No,,photopic_mars,checkbox,plcsoueyev_rw3,3157,H,plcsoueyev_rw3_H,H (0.64),none - OPS,,,,,,,,,,,10/2,,,
Original,6/23/2023,No,Yes,open-source,No,,photopic_mars,checkbox,plcsoueyev_rw3,3158,V,plcsoueyev_rw3_V,V (0.68),none - OPS,,,,,,,,,,,10/2,,,
Original,6/23/2023,No,Yes,open-source,No,,photopic_mars,checkbox,plcsoueyev_rw3,3159,Z,plcsoueyev_rw3_Z,Z (0.72),none - OPS,,,,,,,,,,,10/2,,,
Original,6/23/2023,No,Yes,open-source,No,,photopic_mars,checkbox,plcsoueyev_rw4,3160,C,plcsoueyev_rw4_C,C (0.76),none - OPS,,,,,,,,,,,10/2,,,
Original,6/23/2023,No,Yes,open-source,No,,photopic_mars,checkbox,plcsoueyev_rw4,3161,S,plcsoueyev_rw4_S,S (0.80),none - OPS,,,,,,,,,,,10/2,,,
Original,6/23/2023,No,Yes,open-source,No,,photopic_mars,checkbox,plcsoueyev_rw4,3162,O,plcsoueyev_rw4_O,O (0.84),none - OPS,,,,,,,,,,,10/2,,,
Original,6/23/2023,No,Yes,open-source,No,,photopic_mars,checkbox,plcsoueyev_rw4,3163,N,plcsoueyev_rw4_N,N (0.88),none - OPS,,,,,,,,,,,10/2,,,
Original,6/23/2023,No,Yes,open-source,No,,photopic_mars,checkbox,plcsoueyev_rw4,3164,K,plcsoueyev_rw4_K,K (0.92),none - OPS,,,,,,,,,,,10/2,,,
Original,6/23/2023,No,Yes,open-source,No,,photopic_mars,checkbox,plcsoueyev_rw4,3165,H,plcsoueyev_rw4_H,H (0.96),none - OPS,,,,,,,,,,,10/2,,,
Original,6/23/2023,No,Yes,open-source,No,,photopic_mars,checkbox,plcsoueyev_rw5,3166,K,plcsoueyev_rw5_K,K (1.00),none - OPS,,,,,,,,,,,10/2,,,
Original,6/23/2023,No,Yes,open-source,No,,photopic_mars,checkbox,plcsoueyev_rw5,3167,N,plcsoueyev_rw5_N,N (1.04),none - OPS,,,,,,,,,,,10/2,,,
Original,6/23/2023,No,Yes,open-source,No,,photopic_mars,checkbox,plcsoueyev_rw5,3168,V,plcsoueyev_rw5_V,V (1.08),none - OPS,,,,,,,,,,,10/2,,,
Original,6/23/2023,No,Yes,open-source,No,,photopic_mars,checkbox,plcsoueyev_rw5,3169,D,plcsoueyev_rw5_D,D (1.12),none - OPS,,,,,,,,,,,10/2,,,
Original,6/23/2023,No,Yes,open-source,No,,photopic_mars,checkbox,plcsoueyev_rw5,3170,S,plcsoueyev_rw5_S,S (1.16),none - OPS,,,,,,,,,,,10/2,,,
Original,6/23/2023,No,Yes,open-source,No,,photopic_mars,checkbox,plcsoueyev_rw5,3171,R,plcsoueyev_rw5_R,R (1.20),none - OPS,,,,,,,,,,,10/2,,,
Original,6/23/2023,No,Yes,open-source,No,,photopic_mars,checkbox,plcsoueyev_rw6,3172,Z,plcsoueyev_rw6_Z,Z (1.24),none - OPS,,,,,,,,,,,10/2,,,
Original,6/23/2023,No,Yes,open-source,No,,photopic_mars,checkbox,plcsoueyev_rw6,3173,R,plcsoueyev_rw6_R,R (1.28),none - OPS,,,,,,,,,,,10/2,,,
Original,6/23/2023,No,Yes,open-source,No,,photopic_mars,checkbox,plcsoueyev_rw6,3174,D,plcsoueyev_rw6_D,D (1.32),none - OPS,,,,,,,,,,,10/2,,,
Original,6/23/2023,No,Yes,open-source,No,,photopic_mars,checkbox,plcsoueyev_rw6,3175,K,plcsoueyev_rw6_K,K (1.36),none - OPS,,,,,,,,,,,10/2,,,
Original,6/23/2023,No,Yes,open-source,No,,photopic_mars,checkbox,plcsoueyev_rw6,3176,H,plcsoueyev_rw6_H,H (1.40),none - OPS,,,,,,,,,,,10/2,,,
Original,6/23/2023,No,Yes,open-source,No,,photopic_mars,checkbox,plcsoueyev_rw6,3177,O,plcsoueyev_rw6_O,O (1.44),none - OPS,,,,,,,,,,,10/2,,,
Original,6/23/2023,No,Yes,open-source,No,,photopic_mars,checkbox,plcsoueyev_rw7,3178,H,plcsoueyev_rw7_H,H (1.48),none - OPS,,,,,,,,,,,10/2,,,
Original,6/23/2023,No,Yes,open-source,No,,photopic_mars,checkbox,plcsoueyev_rw7,3179,Z,plcsoueyev_rw7_Z,Z (1.52),none - OPS,,,,,,,,,,,10/2,,,
Original,6/23/2023,No,Yes,open-source,No,,photopic_mars,checkbox,plcsoueyev_rw7,3180,C,plcsoueyev_rw7_C,C (1.56),none - OPS,,,,,,,,,,,10/2,,,
Original,6/23/2023,No,Yes,open-source,No,,photopic_mars,checkbox,plcsoueyev_rw7,3181,V,plcsoueyev_rw7_V,V (1.60),none - OPS,,,,,,,,,,,10/2,,,
Original,6/23/2023,No,Yes,open-source,No,,photopic_mars,checkbox,plcsoueyev_rw7,3182,R,plcsoueyev_rw7_R,R (1.64),none - OPS,,,,,,,,,,,10/2,,,
Original,6/23/2023,No,Yes,open-source,No,,photopic_mars,checkbox,plcsoueyev_rw7,3183,K,plcsoueyev_rw7_K,K (1.68),none - OPS,,,,,,,,,,,10/2,,,
Original,6/23/2023,No,Yes,open-source,No,,photopic_mars,checkbox,plcsoueyev_rw8,3184,S,plcsoueyev_rw8_S,S (1.72),none - OPS,,,,,,,,,,,10/2,,,
Original,6/23/2023,No,Yes,open-source,No,,photopic_mars,checkbox,plcsoueyev_rw8,3185,C,plcsoueyev_rw8_C,C (1.76),none - OPS,,,,,,,,,,,10/2,,,
Original,6/23/2023,No,Yes,open-source,No,,photopic_mars,checkbox,plcsoueyev_rw8,3186,Z,plcsoueyev_rw8_Z,Z (1.80),none - OPS,,,,,,,,,,,10/2,,,
Original,6/23/2023,No,Yes,open-source,No,,photopic_mars,checkbox,plcsoueyev_rw8,3187,D,plcsoueyev_rw8_D,D (1.84),none - OPS,,,,,,,,,,,10/2,,,
Original,6/23/2023,No,Yes,open-source,No,,photopic_mars,checkbox,plcsoueyev_rw8,3188,V,plcsoueyev_rw8_V,V (1.88),none - OPS,,,,,,,,,,,10/2,,,
Original,6/23/2023,No,Yes,open-source,No,,photopic_mars,checkbox,plcsoueyev_rw8,3189,O,plcsoueyev_rw8_O,O (1.92),none - OPS,,,,,,,,,,,10/2,,,
Original,6/23/2023,Yes,Yes,open-source,No,,mesopic_mars,radio,mlcsodeye,3190,L,mlcsodeye_L,Left eye,45883829,Left eye,Meas Value,LOINC,Answer,S,LA14704-3,skos:exactMatch,1,,,10/2,,,
Original,6/23/2023,Yes,Yes,open-source,No,,mesopic_mars,radio,mlcsodeye,3191,R,mlcsodeye_R,Right eye,45876703,Right eye,Meas Value,LOINC,Answer,S,LA14703-5,skos:exactMatch,1,,,10/2,,,
Original,6/23/2023,Yes,Yes,open-source,No,,mesopic_mars,radio,mlcsodeye,3192,B,mlcsodeye_B,Binocular,45878882,Both eyes,Meas Value,LOINC,Answer,S,LA15091-4,skos:closeMatch,1,,,10/2,,,
Original,6/23/2023,No,Yes,open-source,No,,mesopic_mars,checkbox,mlcsodeyev_rw1,3193,C,mlcsodeyev_rw1_C,C (0.04),none - OPS,,,,,,,,,,,10/2,,,
Original,6/23/2023,No,Yes,open-source,No,,mesopic_mars,checkbox,mlcsodeyev_rw1,3194,H,mlcsodeyev_rw1_H,H (0.08),none - OPS,,,,,,,,,,,10/2,,,
Original,6/23/2023,No,Yes,open-source,No,,mesopic_mars,checkbox,mlcsodeyev_rw1,3195,V,mlcsodeyev_rw1_V,V (0.12),none - OPS,,,,,,,,,,,10/2,,,
Original,6/23/2023,No,Yes,open-source,No,,mesopic_mars,checkbox,mlcsodeyev_rw1,3196,O,mlcsodeyev_rw1_O,O (0.16),none - OPS,,,,,,,,,,,10/2,,,
Original,6/23/2023,No,Yes,open-source,No,,mesopic_mars,checkbox,mlcsodeyev_rw1,3197,S,mlcsodeyev_rw1_S,S (0.20),none - OPS,,,,,,,,,,,10/2,,,
Original,6/23/2023,No,Yes,open-source,No,,mesopic_mars,checkbox,mlcsodeyev_rw1,3198,N,mlcsodeyev_rw1_N,N (0.24),none - OPS,,,,,,,,,,,10/2,,,
Original,6/23/2023,No,Yes,open-source,No,,mesopic_mars,checkbox,mlcsodeyev_rw2,3199,D,mlcsodeyev_rw2_D,D (0.28),none - OPS,,,,,,,,,,,10/2,,,
Original,6/23/2023,No,Yes,open-source,No,,mesopic_mars,checkbox,mlcsodeyev_rw2,3200,S,mlcsodeyev_rw2_S,S  (0.32),none - OPS,,,,,,,,,,,10/2,,,
Original,6/23/2023,No,Yes,open-source,No,,mesopic_mars,checkbox,mlcsodeyev_rw2,3201,Z,mlcsodeyev_rw2_Z,Z (0.36),none - OPS,,,,,,,,,,,10/2,,,
Original,6/23/2023,No,Yes,open-source,No,,mesopic_mars,checkbox,mlcsodeyev_rw2,3202,N,mlcsodeyev_rw2_N,N (0.40),none - OPS,,,,,,,,,,,10/2,,,
Original,6/23/2023,No,Yes,open-source,No,,mesopic_mars,checkbox,mlcsodeyev_rw2,3203,R,mlcsodeyev_rw2_R,R (0.44),none - OPS,,,,,,,,,,,10/2,,,
Original,6/23/2023,No,Yes,open-source,No,,mesopic_mars,checkbox,mlcsodeyev_rw2,3204,K,mlcsodeyev_rw2_K,K (0.48),none - OPS,,,,,,,,,,,10/2,,,
Original,6/23/2023,No,Yes,open-source,No,,mesopic_mars,checkbox,mlcsodeyev_rw3,3205,N,mlcsodeyev_rw3_N,N (0.52),none - OPS,,,,,,,,,,,10/2,,,
Original,6/23/2023,No,Yes,open-source,No,,mesopic_mars,checkbox,mlcsodeyev_rw3,3206,D,mlcsodeyev_rw3_D,D (0.56),none - OPS,,,,,,,,,,,10/2,,,
Original,6/23/2023,No,Yes,open-source,No,,mesopic_mars,checkbox,mlcsodeyev_rw3,3207,R,mlcsodeyev_rw3_R,R (0.60),none - OPS,,,,,,,,,,,10/2,,,
Original,6/23/2023,No,Yes,open-source,No,,mesopic_mars,checkbox,mlcsodeyev_rw3,3208,H,mlcsodeyev_rw3_H,H (0.64),none - OPS,,,,,,,,,,,10/2,,,
Original,6/23/2023,No,Yes,open-source,No,,mesopic_mars,checkbox,mlcsodeyev_rw3,3209,V,mlcsodeyev_rw3_V,V (0.68),none - OPS,,,,,,,,,,,10/2,,,
Original,6/23/2023,No,Yes,open-source,No,,mesopic_mars,checkbox,mlcsodeyev_rw3,3210,Z,mlcsodeyev_rw3_Z,Z (0.72),none - OPS,,,,,,,,,,,10/2,,,
Original,6/23/2023,No,Yes,open-source,No,,mesopic_mars,checkbox,mlcsodeyev_rw4,3211,C,mlcsodeyev_rw4_C,C (0.76),none - OPS,,,,,,,,,,,10/2,,,
Original,6/23/2023,No,Yes,open-source,No,,mesopic_mars,checkbox,mlcsodeyev_rw4,3212,S,mlcsodeyev_rw4_S,S (0.80),none - OPS,,,,,,,,,,,10/2,,,
Original,6/23/2023,No,Yes,open-source,No,,mesopic_mars,checkbox,mlcsodeyev_rw4,3213,O,mlcsodeyev_rw4_O,O (0.84),none - OPS,,,,,,,,,,,10/2,,,
Original,6/23/2023,No,Yes,open-source,No,,mesopic_mars,checkbox,mlcsodeyev_rw4,3214,N,mlcsodeyev_rw4_N,N (0.88),none - OPS,,,,,,,,,,,10/2,,,
Original,6/23/2023,No,Yes,open-source,No,,mesopic_mars,checkbox,mlcsodeyev_rw4,3215,K,mlcsodeyev_rw4_K,K (0.92),none - OPS,,,,,,,,,,,10/2,,,
Original,6/23/2023,No,Yes,open-source,No,,mesopic_mars,checkbox,mlcsodeyev_rw4,3216,H,mlcsodeyev_rw4_H,H (0.96),none - OPS,,,,,,,,,,,10/2,,,
Original,6/23/2023,No,Yes,open-source,No,,mesopic_mars,checkbox,mlcsodeyev_rw5,3217,K,mlcsodeyev_rw5_K,K (1.00),none - OPS,,,,,,,,,,,10/2,,,
Original,6/23/2023,No,Yes,open-source,No,,mesopic_mars,checkbox,mlcsodeyev_rw5,3218,N,mlcsodeyev_rw5_N,N (1.04),none - OPS,,,,,,,,,,,10/2,,,
Original,6/23/2023,No,Yes,open-source,No,,mesopic_mars,checkbox,mlcsodeyev_rw5,3219,V,mlcsodeyev_rw5_V,V (1.08),none - OPS,,,,,,,,,,,10/2,,,
Original,6/23/2023,No,Yes,open-source,No,,mesopic_mars,checkbox,mlcsodeyev_rw5,3220,D,mlcsodeyev_rw5_D,D (1.12),none - OPS,,,,,,,,,,,10/2,,,
Original,6/23/2023,No,Yes,open-source,No,,mesopic_mars,checkbox,mlcsodeyev_rw5,3221,S,mlcsodeyev_rw5_S,S (1.16),none - OPS,,,,,,,,,,,10/2,,,
Original,6/23/2023,No,Yes,open-source,No,,mesopic_mars,checkbox,mlcsodeyev_rw5,3222,R,mlcsodeyev_rw5_R,R (1.20),none - OPS,,,,,,,,,,,10/2,,,
Original,6/23/2023,No,Yes,open-source,No,,mesopic_mars,checkbox,mlcsodeyev_rw6,3223,Z,mlcsodeyev_rw6_Z,Z (1.24),none - OPS,,,,,,,,,,,10/2,,,
Original,6/23/2023,No,Yes,open-source,No,,mesopic_mars,checkbox,mlcsodeyev_rw6,3224,R,mlcsodeyev_rw6_R,R (1.28),none - OPS,,,,,,,,,,,10/2,,,
Original,6/23/2023,No,Yes,open-source,No,,mesopic_mars,checkbox,mlcsodeyev_rw6,3225,D,mlcsodeyev_rw6_D,D (1.32),none - OPS,,,,,,,,,,,10/2,,,
Original,6/23/2023,No,Yes,open-source,No,,mesopic_mars,checkbox,mlcsodeyev_rw6,3226,K,mlcsodeyev_rw6_K,K (1.36),none - OPS,,,,,,,,,,,10/2,,,
Original,6/23/2023,No,Yes,open-source,No,,mesopic_mars,checkbox,mlcsodeyev_rw6,3227,H,mlcsodeyev_rw6_H,H (1.40),none - OPS,,,,,,,,,,,10/2,,,
Original,6/23/2023,No,Yes,open-source,No,,mesopic_mars,checkbox,mlcsodeyev_rw6,3228,O,mlcsodeyev_rw6_O,O (1.44),none - OPS,,,,,,,,,,,10/2,,,
Original,6/23/2023,No,Yes,open-source,No,,mesopic_mars,checkbox,mlcsodeyev_rw7,3229,H,mlcsodeyev_rw7_H,H (1.48),none - OPS,,,,,,,,,,,10/2,,,
Original,6/23/2023,No,Yes,open-source,No,,mesopic_mars,checkbox,mlcsodeyev_rw7,3230,Z,mlcsodeyev_rw7_Z,Z (1.52),none - OPS,,,,,,,,,,,10/2,,,
Original,6/23/2023,No,Yes,open-source,No,,mesopic_mars,checkbox,mlcsodeyev_rw7,3231,C,mlcsodeyev_rw7_C,C (1.56),none - OPS,,,,,,,,,,,10/2,,,
Original,6/23/2023,No,Yes,open-source,No,,mesopic_mars,checkbox,mlcsodeyev_rw7,3232,V,mlcsodeyev_rw7_V,V (1.60),none - OPS,,,,,,,,,,,10/2,,,
Original,6/23/2023,No,Yes,open-source,No,,mesopic_mars,checkbox,mlcsodeyev_rw7,3233,R,mlcsodeyev_rw7_R,R (1.64),none - OPS,,,,,,,,,,,10/2,,,
Original,6/23/2023,No,Yes,open-source,No,,mesopic_mars,checkbox,mlcsodeyev_rw7,3234,K,mlcsodeyev_rw7_K,K (1.68),none - OPS,,,,,,,,,,,10/2,,,
Original,6/23/2023,No,Yes,open-source,No,,mesopic_mars,checkbox,mlcsodeyev_rw8,3235,S,mlcsodeyev_rw8_S,S (1.72),none - OPS,,,,,,,,,,,10/2,,,
Original,6/23/2023,No,Yes,open-source,No,,mesopic_mars,checkbox,mlcsodeyev_rw8,3236,C,mlcsodeyev_rw8_C,C (1.76),none - OPS,,,,,,,,,,,10/2,,,
Original,6/23/2023,No,Yes,open-source,No,,mesopic_mars,checkbox,mlcsodeyev_rw8,3237,Z,mlcsodeyev_rw8_Z,Z (1.80),none - OPS,,,,,,,,,,,10/2,,,
Original,6/23/2023,No,Yes,open-source,No,,mesopic_mars,checkbox,mlcsodeyev_rw8,3238,D,mlcsodeyev_rw8_D,D (1.84),none - OPS,,,,,,,,,,,10/2,,,
Original,6/23/2023,No,Yes,open-source,No,,mesopic_mars,checkbox,mlcsodeyev_rw8,3239,V,mlcsodeyev_rw8_V,V (1.88),none - OPS,,,,,,,,,,,10/2,,,
Original,6/23/2023,No,Yes,open-source,No,,mesopic_mars,checkbox,mlcsodeyev_rw8,3240,O,mlcsodeyev_rw8_O,O (1.92),none - OPS,,,,,,,,,,,10/2,,,
Original,6/23/2023,Yes,Yes,open-source,No,,mesopic_mars,radio,mlcsoseye,3241,L,mlcsoseye_L,Left eye,45883829,Left eye,Meas Value,LOINC,Answer,S,LA14704-3,skos:exactMatch,1,,,10/2,,,
Original,6/23/2023,Yes,Yes,open-source,No,,mesopic_mars,radio,mlcsoseye,3242,R,mlcsoseye_R,Right eye,45876703,Right eye,Meas Value,LOINC,Answer,S,LA14703-5,skos:exactMatch,1,,,10/2,,,
Original,6/23/2023,Yes,Yes,open-source,No,,mesopic_mars,radio,mlcsoseye,3243,B,mlcsoseye_B,Binocular,45878882,Both eyes,Meas Value,LOINC,Answer,S,LA15091-4,skos:closeMatch,1,,,10/2,,,
Original,6/23/2023,No,Yes,open-source,No,,mesopic_mars,checkbox,mlcsoseyev_rw1,3244,C,mlcsoseyev_rw1_C,C (0.04),none - OPS,,,,,,,,,,,10/2,,,
Original,6/23/2023,No,Yes,open-source,No,,mesopic_mars,checkbox,mlcsoseyev_rw1,3245,H,mlcsoseyev_rw1_H,H (0.08),none - OPS,,,,,,,,,,,10/2,,,
Original,6/23/2023,No,Yes,open-source,No,,mesopic_mars,checkbox,mlcsoseyev_rw1,3246,V,mlcsoseyev_rw1_V,V (0.12),none - OPS,,,,,,,,,,,10/2,,,
Original,6/23/2023,No,Yes,open-source,No,,mesopic_mars,checkbox,mlcsoseyev_rw1,3247,O,mlcsoseyev_rw1_O,O (0.16),none - OPS,,,,,,,,,,,10/2,,,
Original,6/23/2023,No,Yes,open-source,No,,mesopic_mars,checkbox,mlcsoseyev_rw1,3248,S,mlcsoseyev_rw1_S,S (0.20),none - OPS,,,,,,,,,,,10/2,,,
Original,6/23/2023,No,Yes,open-source,No,,mesopic_mars,checkbox,mlcsoseyev_rw1,3249,N,mlcsoseyev_rw1_N,N (0.24),none - OPS,,,,,,,,,,,10/2,,,
Original,6/23/2023,No,Yes,open-source,No,,mesopic_mars,checkbox,mlcsoseyev_rw2,3250,D,mlcsoseyev_rw2_D,D (0.28),none - OPS,,,,,,,,,,,10/2,,,
Original,6/23/2023,No,Yes,open-source,No,,mesopic_mars,checkbox,mlcsoseyev_rw2,3251,S,mlcsoseyev_rw2_S,S  (0.32),none - OPS,,,,,,,,,,,10/2,,,
Original,6/23/2023,No,Yes,open-source,No,,mesopic_mars,checkbox,mlcsoseyev_rw2,3252,Z,mlcsoseyev_rw2_Z,Z (0.36),none - OPS,,,,,,,,,,,10/2,,,
Original,6/23/2023,No,Yes,open-source,No,,mesopic_mars,checkbox,mlcsoseyev_rw2,3253,N,mlcsoseyev_rw2_N,N (0.40),none - OPS,,,,,,,,,,,10/2,,,
Original,6/23/2023,No,Yes,open-source,No,,mesopic_mars,checkbox,mlcsoseyev_rw2,3254,R,mlcsoseyev_rw2_R,R (0.44),none - OPS,,,,,,,,,,,10/2,,,
Original,6/23/2023,No,Yes,open-source,No,,mesopic_mars,checkbox,mlcsoseyev_rw2,3255,K,mlcsoseyev_rw2_K,K (0.48),none - OPS,,,,,,,,,,,10/2,,,
Original,6/23/2023,No,Yes,open-source,No,,mesopic_mars,checkbox,mlcsoseyev_rw3,3256,N,mlcsoseyev_rw3_N,N (0.52),none - OPS,,,,,,,,,,,10/2,,,
Original,6/23/2023,No,Yes,open-source,No,,mesopic_mars,checkbox,mlcsoseyev_rw3,3257,D,mlcsoseyev_rw3_D,D (0.56),none - OPS,,,,,,,,,,,10/2,,,
Original,6/23/2023,No,Yes,open-source,No,,mesopic_mars,checkbox,mlcsoseyev_rw3,3258,R,mlcsoseyev_rw3_R,R (0.60),none - OPS,,,,,,,,,,,10/2,,,
Original,6/23/2023,No,Yes,open-source,No,,mesopic_mars,checkbox,mlcsoseyev_rw3,3259,H,mlcsoseyev_rw3_H,H (0.64),none - OPS,,,,,,,,,,,10/2,,,
Original,6/23/2023,No,Yes,open-source,No,,mesopic_mars,checkbox,mlcsoseyev_rw3,3260,V,mlcsoseyev_rw3_V,V (0.68),none - OPS,,,,,,,,,,,10/2,,,
Original,6/23/2023,No,Yes,open-source,No,,mesopic_mars,checkbox,mlcsoseyev_rw3,3261,Z,mlcsoseyev_rw3_Z,Z (0.72),none - OPS,,,,,,,,,,,10/2,,,
Original,6/23/2023,No,Yes,open-source,No,,mesopic_mars,checkbox,mlcsoseyev_rw4,3262,C,mlcsoseyev_rw4_C,C (0.76),none - OPS,,,,,,,,,,,10/2,,,
Original,6/23/2023,No,Yes,open-source,No,,mesopic_mars,checkbox,mlcsoseyev_rw4,3263,S,mlcsoseyev_rw4_S,S (0.80),none - OPS,,,,,,,,,,,10/2,,,
Original,6/23/2023,No,Yes,open-source,No,,mesopic_mars,checkbox,mlcsoseyev_rw4,3264,O,mlcsoseyev_rw4_O,O (0.84),none - OPS,,,,,,,,,,,10/2,,,
Original,6/23/2023,No,Yes,open-source,No,,mesopic_mars,checkbox,mlcsoseyev_rw4,3265,N,mlcsoseyev_rw4_N,N (0.88),none - OPS,,,,,,,,,,,10/2,,,
Original,6/23/2023,No,Yes,open-source,No,,mesopic_mars,checkbox,mlcsoseyev_rw4,3266,K,mlcsoseyev_rw4_K,K (0.92),none - OPS,,,,,,,,,,,10/2,,,
Original,6/23/2023,No,Yes,open-source,No,,mesopic_mars,checkbox,mlcsoseyev_rw4,3267,H,mlcsoseyev_rw4_H,H (0.96),none - OPS,,,,,,,,,,,10/2,,,
Original,6/23/2023,No,Yes,open-source,No,,mesopic_mars,checkbox,mlcsoseyev_rw5,3268,K,mlcsoseyev_rw5_K,K (1.00),none - OPS,,,,,,,,,,,10/2,,,
Original,6/23/2023,No,Yes,open-source,No,,mesopic_mars,checkbox,mlcsoseyev_rw5,3269,N,mlcsoseyev_rw5_N,N (1.04),none - OPS,,,,,,,,,,,10/2,,,
Original,6/23/2023,No,Yes,open-source,No,,mesopic_mars,checkbox,mlcsoseyev_rw5,3270,V,mlcsoseyev_rw5_V,V (1.08),none - OPS,,,,,,,,,,,10/2,,,
Original,6/23/2023,No,Yes,open-source,No,,mesopic_mars,checkbox,mlcsoseyev_rw5,3271,D,mlcsoseyev_rw5_D,D (1.12),none - OPS,,,,,,,,,,,10/2,,,
Original,6/23/2023,No,Yes,open-source,No,,mesopic_mars,checkbox,mlcsoseyev_rw5,3272,S,mlcsoseyev_rw5_S,S (1.16),none - OPS,,,,,,,,,,,10/2,,,
Original,6/23/2023,No,Yes,open-source,No,,mesopic_mars,checkbox,mlcsoseyev_rw5,3273,R,mlcsoseyev_rw5_R,R (1.20),none - OPS,,,,,,,,,,,10/2,,,
Original,6/23/2023,No,Yes,open-source,No,,mesopic_mars,checkbox,mlcsoseyev_rw6,3274,Z,mlcsoseyev_rw6_Z,Z (1.24),none - OPS,,,,,,,,,,,10/2,,,
Original,6/23/2023,No,Yes,open-source,No,,mesopic_mars,checkbox,mlcsoseyev_rw6,3275,R,mlcsoseyev_rw6_R,R (1.28),none - OPS,,,,,,,,,,,10/2,,,
Original,6/23/2023,No,Yes,open-source,No,,mesopic_mars,checkbox,mlcsoseyev_rw6,3276,D,mlcsoseyev_rw6_D,D (1.32),none - OPS,,,,,,,,,,,10/2,,,
Original,6/23/2023,No,Yes,open-source,No,,mesopic_mars,checkbox,mlcsoseyev_rw6,3277,K,mlcsoseyev_rw6_K,K (1.36),none - OPS,,,,,,,,,,,10/2,,,
Original,6/23/2023,No,Yes,open-source,No,,mesopic_mars,checkbox,mlcsoseyev_rw6,3278,H,mlcsoseyev_rw6_H,H (1.40),none - OPS,,,,,,,,,,,10/2,,,
Original,6/23/2023,No,Yes,open-source,No,,mesopic_mars,checkbox,mlcsoseyev_rw6,3279,O,mlcsoseyev_rw6_O,O (1.44),none - OPS,,,,,,,,,,,10/2,,,
Original,6/23/2023,No,Yes,open-source,No,,mesopic_mars,checkbox,mlcsoseyev_rw7,3280,H,mlcsoseyev_rw7_H,H (1.48),none - OPS,,,,,,,,,,,10/2,,,
Original,6/23/2023,No,Yes,open-source,No,,mesopic_mars,checkbox,mlcsoseyev_rw7,3281,Z,mlcsoseyev_rw7_Z,Z (1.52),none - OPS,,,,,,,,,,,10/2,,,
Original,6/23/2023,No,Yes,open-source,No,,mesopic_mars,checkbox,mlcsoseyev_rw7,3282,C,mlcsoseyev_rw7_C,C (1.56),none - OPS,,,,,,,,,,,10/2,,,
Original,6/23/2023,No,Yes,open-source,No,,mesopic_mars,checkbox,mlcsoseyev_rw7,3283,V,mlcsoseyev_rw7_V,V (1.60),none - OPS,,,,,,,,,,,10/2,,,
Original,6/23/2023,No,Yes,open-source,No,,mesopic_mars,checkbox,mlcsoseyev_rw7,3284,R,mlcsoseyev_rw7_R,R (1.64),none - OPS,,,,,,,,,,,10/2,,,
Original,6/23/2023,No,Yes,open-source,No,,mesopic_mars,checkbox,mlcsoseyev_rw7,3285,K,mlcsoseyev_rw7_K,K (1.68),none - OPS,,,,,,,,,,,10/2,,,
Original,6/23/2023,No,Yes,open-source,No,,mesopic_mars,checkbox,mlcsoseyev_rw8,3286,S,mlcsoseyev_rw8_S,S (1.72),none - OPS,,,,,,,,,,,10/2,,,
Original,6/23/2023,No,Yes,open-source,No,,mesopic_mars,checkbox,mlcsoseyev_rw8,3287,C,mlcsoseyev_rw8_C,C (1.76),none - OPS,,,,,,,,,,,10/2,,,
Original,6/23/2023,No,Yes,open-source,No,,mesopic_mars,checkbox,mlcsoseyev_rw8,3288,Z,mlcsoseyev_rw8_Z,Z (1.80),none - OPS,,,,,,,,,,,10/2,,,
Original,6/23/2023,No,Yes,open-source,No,,mesopic_mars,checkbox,mlcsoseyev_rw8,3289,D,mlcsoseyev_rw8_D,D (1.84),none - OPS,,,,,,,,,,,10/2,,,
Original,6/23/2023,No,Yes,open-source,No,,mesopic_mars,checkbox,mlcsoseyev_rw8,3290,V,mlcsoseyev_rw8_V,V (1.88),none - OPS,,,,,,,,,,,10/2,,,
Original,6/23/2023,No,Yes,open-source,No,,mesopic_mars,checkbox,mlcsoseyev_rw8,3291,O,mlcsoseyev_rw8_O,O (1.92),none - OPS,,,,,,,,,,,10/2,,,
Original,6/23/2023,Yes,Yes,open-source,No,,mesopic_mars,radio,mlcsoueye,3292,L,mlcsoueye_L,Left eye,45883829,Left eye,Meas Value,LOINC,Answer,S,LA14704-3,skos:exactMatch,1,,,10/2,,,
Original,6/23/2023,Yes,Yes,open-source,No,,mesopic_mars,radio,mlcsoueye,3293,R,mlcsoueye_R,Right eye,45876703,Right eye,Meas Value,LOINC,Answer,S,LA14703-5,skos:exactMatch,1,,,10/2,,,
Original,6/23/2023,Yes,Yes,open-source,No,,mesopic_mars,radio,mlcsoueye,3294,B,mlcsoueye_B,Binocular,45878882,Both eyes,Meas Value,LOINC,Answer,S,LA15091-4,skos:closeMatch,1,,,10/2,,,
Original,6/23/2023,No,Yes,open-source,No,,mesopic_mars,checkbox,mlcsoueyev_rw1,3295,C,mlcsoueyev_rw1_C,C (0.04),none - OPS,,,,,,,,,,,10/2,,,
Original,6/23/2023,No,Yes,open-source,No,,mesopic_mars,checkbox,mlcsoueyev_rw1,3296,H,mlcsoueyev_rw1_H,H (0.08),none - OPS,,,,,,,,,,,10/2,,,
Original,6/23/2023,No,Yes,open-source,No,,mesopic_mars,checkbox,mlcsoueyev_rw1,3297,V,mlcsoueyev_rw1_V,V (0.12),none - OPS,,,,,,,,,,,10/2,,,
Original,6/23/2023,No,Yes,open-source,No,,mesopic_mars,checkbox,mlcsoueyev_rw1,3298,O,mlcsoueyev_rw1_O,O (0.16),none - OPS,,,,,,,,,,,10/2,,,
Original,6/23/2023,No,Yes,open-source,No,,mesopic_mars,checkbox,mlcsoueyev_rw1,3299,S,mlcsoueyev_rw1_S,S (0.20),none - OPS,,,,,,,,,,,10/2,,,
Original,6/23/2023,No,Yes,open-source,No,,mesopic_mars,checkbox,mlcsoueyev_rw1,3300,N,mlcsoueyev_rw1_N,N (0.24),none - OPS,,,,,,,,,,,10/2,,,
Original,6/23/2023,No,Yes,open-source,No,,mesopic_mars,checkbox,mlcsoueyev_rw2,3301,D,mlcsoueyev_rw2_D,D (0.28),none - OPS,,,,,,,,,,,10/2,,,
Original,6/23/2023,No,Yes,open-source,No,,mesopic_mars,checkbox,mlcsoueyev_rw2,3302,S,mlcsoueyev_rw2_S,S  (0.32),none - OPS,,,,,,,,,,,10/2,,,
Original,6/23/2023,No,Yes,open-source,No,,mesopic_mars,checkbox,mlcsoueyev_rw2,3303,Z,mlcsoueyev_rw2_Z,Z (0.36),none - OPS,,,,,,,,,,,10/2,,,
Original,6/23/2023,No,Yes,open-source,No,,mesopic_mars,checkbox,mlcsoueyev_rw2,3304,N,mlcsoueyev_rw2_N,N (0.40),none - OPS,,,,,,,,,,,10/2,,,
Original,6/23/2023,No,Yes,open-source,No,,mesopic_mars,checkbox,mlcsoueyev_rw2,3305,R,mlcsoueyev_rw2_R,R (0.44),none - OPS,,,,,,,,,,,10/2,,,
Original,6/23/2023,No,Yes,open-source,No,,mesopic_mars,checkbox,mlcsoueyev_rw2,3306,K,mlcsoueyev_rw2_K,K (0.48),none - OPS,,,,,,,,,,,10/2,,,
Original,6/23/2023,No,Yes,open-source,No,,mesopic_mars,checkbox,mlcsoueyev_rw3,3307,N,mlcsoueyev_rw3_N,N (0.52),none - OPS,,,,,,,,,,,10/2,,,
Original,6/23/2023,No,Yes,open-source,No,,mesopic_mars,checkbox,mlcsoueyev_rw3,3308,D,mlcsoueyev_rw3_D,D (0.56),none - OPS,,,,,,,,,,,10/2,,,
Original,6/23/2023,No,Yes,open-source,No,,mesopic_mars,checkbox,mlcsoueyev_rw3,3309,R,mlcsoueyev_rw3_R,R (0.60),none - OPS,,,,,,,,,,,10/2,,,
Original,6/23/2023,No,Yes,open-source,No,,mesopic_mars,checkbox,mlcsoueyev_rw3,3310,H,mlcsoueyev_rw3_H,H (0.64),none - OPS,,,,,,,,,,,10/2,,,
Original,6/23/2023,No,Yes,open-source,No,,mesopic_mars,checkbox,mlcsoueyev_rw3,3311,V,mlcsoueyev_rw3_V,V (0.68),none - OPS,,,,,,,,,,,10/2,,,
Original,6/23/2023,No,Yes,open-source,No,,mesopic_mars,checkbox,mlcsoueyev_rw3,3312,Z,mlcsoueyev_rw3_Z,Z (0.72),none - OPS,,,,,,,,,,,10/2,,,
Original,6/23/2023,No,Yes,open-source,No,,mesopic_mars,checkbox,mlcsoueyev_rw4,3313,C,mlcsoueyev_rw4_C,C (0.76),none - OPS,,,,,,,,,,,10/2,,,
Original,6/23/2023,No,Yes,open-source,No,,mesopic_mars,checkbox,mlcsoueyev_rw4,3314,S,mlcsoueyev_rw4_S,S (0.80),none - OPS,,,,,,,,,,,10/2,,,
Original,6/23/2023,No,Yes,open-source,No,,mesopic_mars,checkbox,mlcsoueyev_rw4,3315,O,mlcsoueyev_rw4_O,O (0.84),none - OPS,,,,,,,,,,,10/2,,,
Original,6/23/2023,No,Yes,open-source,No,,mesopic_mars,checkbox,mlcsoueyev_rw4,3316,N,mlcsoueyev_rw4_N,N (0.88),none - OPS,,,,,,,,,,,10/2,,,
Original,6/23/2023,No,Yes,open-source,No,,mesopic_mars,checkbox,mlcsoueyev_rw4,3317,K,mlcsoueyev_rw4_K,K (0.92),none - OPS,,,,,,,,,,,10/2,,,
Original,6/23/2023,No,Yes,open-source,No,,mesopic_mars,checkbox,mlcsoueyev_rw4,3318,H,mlcsoueyev_rw4_H,H (0.96),none - OPS,,,,,,,,,,,10/2,,,
Original,6/23/2023,No,Yes,open-source,No,,mesopic_mars,checkbox,mlcsoueyev_rw5,3319,K,mlcsoueyev_rw5_K,K (1.00),none - OPS,,,,,,,,,,,10/2,,,
Original,6/23/2023,No,Yes,open-source,No,,mesopic_mars,checkbox,mlcsoueyev_rw5,3320,N,mlcsoueyev_rw5_N,N (1.04),none - OPS,,,,,,,,,,,10/2,,,
Original,6/23/2023,No,Yes,open-source,No,,mesopic_mars,checkbox,mlcsoueyev_rw5,3321,V,mlcsoueyev_rw5_V,V (1.08),none - OPS,,,,,,,,,,,10/2,,,
Original,6/23/2023,No,Yes,open-source,No,,mesopic_mars,checkbox,mlcsoueyev_rw5,3322,D,mlcsoueyev_rw5_D,D (1.12),none - OPS,,,,,,,,,,,10/2,,,
Original,6/23/2023,No,Yes,open-source,No,,mesopic_mars,checkbox,mlcsoueyev_rw5,3323,S,mlcsoueyev_rw5_S,S (1.16),none - OPS,,,,,,,,,,,10/2,,,
Original,6/23/2023,No,Yes,open-source,No,,mesopic_mars,checkbox,mlcsoueyev_rw5,3324,R,mlcsoueyev_rw5_R,R (1.20),none - OPS,,,,,,,,,,,10/2,,,
Original,6/23/2023,No,Yes,open-source,No,,mesopic_mars,checkbox,mlcsoueyev_rw6,3325,Z,mlcsoueyev_rw6_Z,Z (1.24),none - OPS,,,,,,,,,,,10/2,,,
Original,6/23/2023,No,Yes,open-source,No,,mesopic_mars,checkbox,mlcsoueyev_rw6,3326,R,mlcsoueyev_rw6_R,R (1.28),none - OPS,,,,,,,,,,,10/2,,,
Original,6/23/2023,No,Yes,open-source,No,,mesopic_mars,checkbox,mlcsoueyev_rw6,3327,D,mlcsoueyev_rw6_D,D (1.32),none - OPS,,,,,,,,,,,10/2,,,
Original,6/23/2023,No,Yes,open-source,No,,mesopic_mars,checkbox,mlcsoueyev_rw6,3328,K,mlcsoueyev_rw6_K,K (1.36),none - OPS,,,,,,,,,,,10/2,,,
Original,6/23/2023,No,Yes,open-source,No,,mesopic_mars,checkbox,mlcsoueyev_rw6,3329,H,mlcsoueyev_rw6_H,H (1.40),none - OPS,,,,,,,,,,,10/2,,,
Original,6/23/2023,No,Yes,open-source,No,,mesopic_mars,checkbox,mlcsoueyev_rw6,3330,O,mlcsoueyev_rw6_O,O (1.44),none - OPS,,,,,,,,,,,10/2,,,
Original,6/23/2023,No,Yes,open-source,No,,mesopic_mars,checkbox,mlcsoueyev_rw7,3331,H,mlcsoueyev_rw7_H,H (1.48),none - OPS,,,,,,,,,,,10/2,,,
Original,6/23/2023,No,Yes,open-source,No,,mesopic_mars,checkbox,mlcsoueyev_rw7,3332,Z,mlcsoueyev_rw7_Z,Z (1.52),none - OPS,,,,,,,,,,,10/2,,,
Original,6/23/2023,No,Yes,open-source,No,,mesopic_mars,checkbox,mlcsoueyev_rw7,3333,C,mlcsoueyev_rw7_C,C (1.56),none - OPS,,,,,,,,,,,10/2,,,
Original,6/23/2023,No,Yes,open-source,No,,mesopic_mars,checkbox,mlcsoueyev_rw7,3334,V,mlcsoueyev_rw7_V,V (1.60),none - OPS,,,,,,,,,,,10/2,,,
Original,6/23/2023,No,Yes,open-source,No,,mesopic_mars,checkbox,mlcsoueyev_rw7,3335,R,mlcsoueyev_rw7_R,R (1.64),none - OPS,,,,,,,,,,,10/2,,,
Original,6/23/2023,No,Yes,open-source,No,,mesopic_mars,checkbox,mlcsoueyev_rw7,3336,K,mlcsoueyev_rw7_K,K (1.68),none - OPS,,,,,,,,,,,10/2,,,
Original,6/23/2023,No,Yes,open-source,No,,mesopic_mars,checkbox,mlcsoueyev_rw8,3337,S,mlcsoueyev_rw8_S,S (1.72),none - OPS,,,,,,,,,,,10/2,,,
Original,6/23/2023,No,Yes,open-source,No,,mesopic_mars,checkbox,mlcsoueyev_rw8,3338,C,mlcsoueyev_rw8_C,C (1.76),none - OPS,,,,,,,,,,,10/2,,,
Original,6/23/2023,No,Yes,open-source,No,,mesopic_mars,checkbox,mlcsoueyev_rw8,3339,Z,mlcsoueyev_rw8_Z,Z (1.80),none - OPS,,,,,,,,,,,10/2,,,
Original,6/23/2023,No,Yes,open-source,No,,mesopic_mars,checkbox,mlcsoueyev_rw8,3340,D,mlcsoueyev_rw8_D,D (1.84),none - OPS,,,,,,,,,,,10/2,,,
Original,6/23/2023,No,Yes,open-source,No,,mesopic_mars,checkbox,mlcsoueyev_rw8,3341,V,mlcsoueyev_rw8_V,V (1.88),none - OPS,,,,,,,,,,,10/2,,,
Original,6/23/2023,No,Yes,open-source,No,,mesopic_mars,checkbox,mlcsoueyev_rw8,3342,O,mlcsoueyev_rw8_O,O (1.92),none - OPS,,,,,,,,,,,10/2,,,
Added,9/5/2023,Yes,Yes,open-source,No,,retinal_imaging_v2,text,rt_dat,,,rt_dat,Assessment Date,1035260,Performed on (specify date),Meas Value,LOINC,Answer,S,LA30233-3,skos:closeMatch,0.75,,,10/2,,,
Added,9/5/2023,No,Yes,open-source,No,,retinal_imaging_v2,text,crcid_rt,,,crcid_rt,Examiner Initials,,,,,,,,,,,,10/2,,,
Added,9/5/2023,No,Yes,protected,No,,retinal_imaging_v2,text,yob,,,yob,Year of birth,,,,,,,,,,,,10/2,,,
Added,9/5/2023,Yes,Yes,open-source,Yes,,retinal_imaging_v2,yesno,,,rtop_odd,,OptoMed-Disc centered-CFP,45885156,"Device or Medical/Surgical Supply, including Health Information Technology (HIT)",Meas Value,LOINC,Answer,S,LA20770-6,skos:relatedMatch,0.5,,,10/2,,,
Added,9/5/2023,Yes,Yes,open-source,Yes,,retinal_imaging_v2,yesno,,,rtop_odm,,OptoMed-Mac centered-CFP,45885156,"Device or Medical/Surgical Supply, including Health Information Technology (HIT)",Meas Value,LOINC,Answer,S,LA20770-6,skos:relatedMatch,0.5,,,10/2,,,
Added,9/5/2023,Yes,Yes,open-source,Yes,,retinal_imaging_v2,yesno,,,rtei_odir,,Eidon-UWF Central-IR,45885156,"Device or Medical/Surgical Supply, including Health Information Technology (HIT)",Meas Value,LOINC,Answer,S,LA20770-6,skos:relatedMatch,0.5,,,10/2,,,Store device name in device_source_value
Added,9/5/2023,Yes,Yes,open-source,Yes,,retinal_imaging_v2,yesno,,,rtei_odfaf,,Eidon-UWF Central-FAF,45885156,"Device or Medical/Surgical Supply, including Health Information Technology (HIT)",Meas Value,LOINC,Answer,S,LA20770-6,skos:relatedMatch,0.5,,,10/2,,,Store device name in device_source_value
Added,9/5/2023,Yes,Yes,open-source,Yes,,retinal_imaging_v2,yesno,,,rtsm_odc,,Eidon-UWF Central-CFP,45885156,"Device or Medical/Surgical Supply, including Health Information Technology (HIT)",Meas Value,LOINC,Answer,S,LA20770-6,skos:relatedMatch,0.5,,,10/2,,,Store device name in device_source_value
Added,9/5/2023,Yes,Yes,open-source,Yes,,retinal_imaging_v2,yesno,,,rtsm_odn,,Eidon-UWF Nasal-CFP,45885156,"Device or Medical/Surgical Supply, including Health Information Technology (HIT)",Meas Value,LOINC,Answer,S,LA20770-6,skos:relatedMatch,0.5,,,10/2,,,Store device name in device_source_value
Added,9/5/2023,Yes,Yes,open-source,Yes,,retinal_imaging_v2,yesno,,,rtsm_odt,,Eidon-UWF Temporal-CFP,45885156,"Device or Medical/Surgical Supply, including Health Information Technology (HIT)",Meas Value,LOINC,Answer,S,LA20770-6,skos:relatedMatch,0.5,,,10/2,,,Store device name in device_source_value
Added,9/5/2023,Yes,Yes,open-source,Yes,,retinal_imaging_v2,yesno,,,rtsm_odm,,Eidon-Create Mosaic Image-CFP,45885156,"Device or Medical/Surgical Supply, including Health Information Technology (HIT)",Meas Value,LOINC,Answer,S,LA20770-6,skos:relatedMatch,0.5,,,10/2,,,Store device name in device_source_value
Added,9/5/2023,Yes,Yes,open-source,Yes,,retinal_imaging_v2,yesno,,,rtso_odo,,Spec-ONH-RC-HR-OCT,45885156,"Device or Medical/Surgical Supply, including Health Information Technology (HIT)",Meas Value,LOINC,Answer,S,LA20770-6,skos:relatedMatch,0.5,,,10/2,,,Store device name in device_source_value
Added,9/5/2023,Yes,Yes,open-source,Yes,,retinal_imaging_v2,yesno,,,rtso_odp,,Spec-PPole Mac-HR-61 lines-OCT,45885156,"Device or Medical/Surgical Supply, including Health Information Technology (HIT)",Meas Value,LOINC,Answer,S,LA20770-6,skos:relatedMatch,0.5,,,10/2,,,Store device name in device_source_value
Added,9/5/2023,Yes,Yes,open-source,Yes,,retinal_imaging_v2,yesno,,,rtso_odm,,Spec-Mac-20x20-HS-512 lines-OCTA,45885156,"Device or Medical/Surgical Supply, including Health Information Technology (HIT)",Meas Value,LOINC,Answer,S,LA20770-6,skos:relatedMatch,0.5,,,10/2,,,Store device name in device_source_value
Added,9/5/2023,Yes,Yes,open-source,Yes,,retinal_imaging_v2,yesno,,,rtci_odm1,,Cirrus-Mac Cube-512x128-OCT,45885156,"Device or Medical/Surgical Supply, including Health Information Technology (HIT)",Meas Value,LOINC,Answer,S,LA20770-6,skos:relatedMatch,0.5,,,10/2,,,Store device name in device_source_value
Added,9/5/2023,Yes,Yes,open-source,Yes,,retinal_imaging_v2,yesno,,,rtci_odd1,,Cirrus-Disc Cube-200x200-OCT,45885156,"Device or Medical/Surgical Supply, including Health Information Technology (HIT)",Meas Value,LOINC,Answer,S,LA20770-6,skos:relatedMatch,0.5,,,10/2,,,Store device name in device_source_value
Added,9/5/2023,Yes,Yes,open-source,Yes,,retinal_imaging_v2,yesno,,,rtci_odm2,,Cirrus-Macula 6x6-OCTA,45885156,"Device or Medical/Surgical Supply, including Health Information Technology (HIT)",Meas Value,LOINC,Answer,S,LA20770-6,skos:relatedMatch,0.5,,,10/2,,,Store device name in device_source_value
Added,9/5/2023,Yes,Yes,open-source,Yes,,retinal_imaging_v2,yesno,,,rtci_odd2,,Cirrus-Disc 6x6-OCTA,45885156,"Device or Medical/Surgical Supply, including Health Information Technology (HIT)",Meas Value,LOINC,Answer,S,LA20770-6,skos:relatedMatch,0.5,,,10/2,,,Store device name in device_source_value
Added,9/5/2023,Yes,Yes,open-source,Yes,,retinal_imaging_v2,yesno,,,rtma_odw,,M2-3D Wide(H) 12x9-OCT,45885156,"Device or Medical/Surgical Supply, including Health Information Technology (HIT)",Meas Value,LOINC,Answer,S,LA20770-6,skos:relatedMatch,0.5,,,10/2,,,Store device name in device_source_value
Added,9/5/2023,Yes,Yes,open-source,Yes,,retinal_imaging_v2,yesno,,,rtma_odm,,M2-3D Macula 6x6-OCT,45885156,"Device or Medical/Surgical Supply, including Health Information Technology (HIT)",Meas Value,LOINC,Answer,S,LA20770-6,skos:relatedMatch,0.5,,,10/2,,,Store device name in device_source_value
Added,9/5/2023,Yes,Yes,open-source,Yes,,retinal_imaging_v2,yesno,,,rtma_odm1,,M2-Mac 6x6-360x360-(rep3)-OCTA,45885156,"Device or Medical/Surgical Supply, including Health Information Technology (HIT)",Meas Value,LOINC,Answer,S,LA20770-6,skos:relatedMatch,0.5,,,10/2,,,Store device name in device_source_value
Added,9/5/2023,Yes,Yes,open-source,Yes,,retinal_imaging_v2,yesno,,,rttr_odr,,Triton-3D(H)+Radial 12x9-OCT,45885156,"Device or Medical/Surgical Supply, including Health Information Technology (HIT)",Meas Value,LOINC,Answer,S,LA20770-6,skos:relatedMatch,0.5,,,10/2,,,Store device name in device_source_value
Added,9/5/2023,Yes,Yes,open-source,Yes,,retinal_imaging_v2,yesno,,,rttr_odm1,,Triton-Macula 6x6-OCTA,45885156,"Device or Medical/Surgical Supply, including Health Information Technology (HIT)",Meas Value,LOINC,Answer,S,LA20770-6,skos:relatedMatch,0.5,,,10/2,,,Store device name in device_source_value
Added,9/5/2023,Yes,Yes,open-source,Yes,,retinal_imaging_v2,yesno,,,rttr_odm2,,Triton-Macula 12x12-OCTA,45885156,"Device or Medical/Surgical Supply, including Health Information Technology (HIT)",Meas Value,LOINC,Answer,S,LA20770-6,skos:relatedMatch,0.5,,,10/2,,,Store device name in device_source_value
Added,9/5/2023,Yes,Yes,open-source,Yes,,retinal_imaging_v2,yesno,,,rtfl_od,,FLIO-Mac-HS,45885156,"Device or Medical/Surgical Supply, including Health Information Technology (HIT)",Meas Value,LOINC,Answer,S,LA20770-6,skos:relatedMatch,0.5,,,10/2,,,Store device name in device_source_value
Added,9/5/2023,Yes,Yes,open-source,Yes,,retinal_imaging_v2,yesno,,,rtop_osd,,OptoMed-Disc centered-CFP ,45885156,"Device or Medical/Surgical Supply, including Health Information Technology (HIT)",Meas Value,LOINC,Answer,S,LA20770-6,skos:relatedMatch,0.5,,,10/2,,,Store device name in device_source_value
Added,9/5/2023,Yes,Yes,open-source,Yes,,retinal_imaging_v2,yesno,,,rtop_osm,,OptoMed-Mac centered-CFP,45885156,"Device or Medical/Surgical Supply, including Health Information Technology (HIT)",Meas Value,LOINC,Answer,S,LA20770-6,skos:relatedMatch,0.5,,,10/2,,,Store device name in device_source_value
Added,9/5/2023,Yes,Yes,open-source,Yes,,retinal_imaging_v2,yesno,,,rtei_osir,,Eidon-UWF Central-IR,45885156,"Device or Medical/Surgical Supply, including Health Information Technology (HIT)",Meas Value,LOINC,Answer,S,LA20770-6,skos:relatedMatch,0.5,,,10/2,,,Store device name in device_source_value
Added,9/5/2023,Yes,Yes,open-source,Yes,,retinal_imaging_v2,yesno,,,rtei_osfaf,,Eidon-UWF Central-FAF,45885156,"Device or Medical/Surgical Supply, including Health Information Technology (HIT)",Meas Value,LOINC,Answer,S,LA20770-6,skos:relatedMatch,0.5,,,10/2,,,Store device name in device_source_value
Added,9/5/2023,Yes,Yes,open-source,Yes,,retinal_imaging_v2,yesno,,,rtsm_osc,,Eidon-UWF Central-CFP,45885156,"Device or Medical/Surgical Supply, including Health Information Technology (HIT)",Meas Value,LOINC,Answer,S,LA20770-6,skos:relatedMatch,0.5,,,10/2,,,Store device name in device_source_value
Added,9/5/2023,Yes,Yes,open-source,Yes,,retinal_imaging_v2,yesno,,,rtsm_osn,,Eidon-UWF Nasal-CFP,45885156,"Device or Medical/Surgical Supply, including Health Information Technology (HIT)",Meas Value,LOINC,Answer,S,LA20770-6,skos:relatedMatch,0.5,,,10/2,,,Store device name in device_source_value
Added,9/5/2023,Yes,Yes,open-source,Yes,,retinal_imaging_v2,yesno,,,rtsm_ost,,Eidon-UWF temporal-CFP,45885156,"Device or Medical/Surgical Supply, including Health Information Technology (HIT)",Meas Value,LOINC,Answer,S,LA20770-6,skos:relatedMatch,0.5,,,10/2,,,Store device name in device_source_value
Added,9/5/2023,Yes,Yes,open-source,Yes,,retinal_imaging_v2,yesno,,,rtsm_osm,,Eidon- Create Mosaic Image-CFP,45885156,"Device or Medical/Surgical Supply, including Health Information Technology (HIT)",Meas Value,LOINC,Answer,S,LA20770-6,skos:relatedMatch,0.5,,,10/2,,,Store device name in device_source_value
Added,9/5/2023,Yes,Yes,open-source,Yes,,retinal_imaging_v2,yesno,,,rtso_oso,,Spec-ONH-RC-HR-OCT,45885156,"Device or Medical/Surgical Supply, including Health Information Technology (HIT)",Meas Value,LOINC,Answer,S,LA20770-6,skos:relatedMatch,0.5,,,10/2,,,Store device name in device_source_value
Added,9/5/2023,Yes,Yes,open-source,Yes,,retinal_imaging_v2,yesno,,,rtso_osp,,Spec-PPole Mac-HR-61 lines-OCT,45885156,"Device or Medical/Surgical Supply, including Health Information Technology (HIT)",Meas Value,LOINC,Answer,S,LA20770-6,skos:relatedMatch,0.5,,,10/2,,,Store device name in device_source_value
Added,9/5/2023,Yes,Yes,open-source,Yes,,retinal_imaging_v2,yesno,,,rtso_osm,,Spec-Mac-20x20-HS-512 lines-OCTA,45885156,"Device or Medical/Surgical Supply, including Health Information Technology (HIT)",Meas Value,LOINC,Answer,S,LA20770-6,skos:relatedMatch,0.5,,,10/2,,,Store device name in device_source_value
Added,9/5/2023,Yes,Yes,open-source,Yes,,retinal_imaging_v2,yesno,,,rtci_osm1,,Cirrus-Mac Cube-512x128-OCT,45885156,"Device or Medical/Surgical Supply, including Health Information Technology (HIT)",Meas Value,LOINC,Answer,S,LA20770-6,skos:relatedMatch,0.5,,,10/2,,,Store device name in device_source_value
Added,9/5/2023,Yes,Yes,open-source,Yes,,retinal_imaging_v2,yesno,,,rtci_osd1,,Cirrus-Disc Cube-200x200-OCT,45885156,"Device or Medical/Surgical Supply, including Health Information Technology (HIT)",Meas Value,LOINC,Answer,S,LA20770-6,skos:relatedMatch,0.5,,,10/2,,,Store device name in device_source_value
Added,9/5/2023,Yes,Yes,open-source,Yes,,retinal_imaging_v2,yesno,,,rtci_osm2,,Cirrus-Macula 6x6-OCTA,45885156,"Device or Medical/Surgical Supply, including Health Information Technology (HIT)",Meas Value,LOINC,Answer,S,LA20770-6,skos:relatedMatch,0.5,,,10/2,,,Store device name in device_source_value
Added,9/5/2023,Yes,Yes,open-source,Yes,,retinal_imaging_v2,yesno,,,rtci_osd2,,Cirrus-Disc 6x6-OCTA,45885156,"Device or Medical/Surgical Supply, including Health Information Technology (HIT)",Meas Value,LOINC,Answer,S,LA20770-6,skos:relatedMatch,0.5,,,10/2,,,Store device name in device_source_value
Added,9/5/2023,Yes,Yes,open-source,Yes,,retinal_imaging_v2,yesno,,,rtma_osw,,M2-3D Wide(H) 12x9-OCT,45885156,"Device or Medical/Surgical Supply, including Health Information Technology (HIT)",Meas Value,LOINC,Answer,S,LA20770-6,skos:relatedMatch,0.5,,,10/2,,,Store device name in device_source_value
Added,9/5/2023,Yes,Yes,open-source,Yes,,retinal_imaging_v2,yesno,,,rtma_osm,,M2-3D Macula 6x6-OCT,45885156,"Device or Medical/Surgical Supply, including Health Information Technology (HIT)",Meas Value,LOINC,Answer,S,LA20770-6,skos:relatedMatch,0.5,,,10/2,,,Store device name in device_source_value
Added,9/5/2023,Yes,Yes,open-source,Yes,,retinal_imaging_v2,yesno,,,rtma_osm1,,M2-Mac 6x6-360x360-(rep3)-OCTA,45885156,"Device or Medical/Surgical Supply, including Health Information Technology (HIT)",Meas Value,LOINC,Answer,S,LA20770-6,skos:relatedMatch,0.5,,,10/2,,,Store device name in device_source_value
Added,9/5/2023,Yes,Yes,open-source,Yes,,retinal_imaging_v2,yesno,,,rttr_osr,,Triton-3D(H)+Radial 12x9-OCT,45885156,"Device or Medical/Surgical Supply, including Health Information Technology (HIT)",Meas Value,LOINC,Answer,S,LA20770-6,skos:relatedMatch,0.5,,,10/2,,,Store device name in device_source_value
Added,9/5/2023,Yes,Yes,open-source,Yes,,retinal_imaging_v2,yesno,,,rttr_osm1,,Triton-Macula 6x6-OCTA,45885156,"Device or Medical/Surgical Supply, including Health Information Technology (HIT)",Meas Value,LOINC,Answer,S,LA20770-6,skos:relatedMatch,0.5,,,10/2,,,Store device name in device_source_value
Added,9/5/2023,Yes,Yes,open-source,Yes,,retinal_imaging_v2,yesno,,,rttr_osm2,,Triton-Macula 12x12-OCTA,45885156,"Device or Medical/Surgical Supply, including Health Information Technology (HIT)",Meas Value,LOINC,Answer,S,LA20770-6,skos:relatedMatch,0.5,,,10/2,,,Store device name in device_source_value
Added,9/5/2023,Yes,Yes,open-source,Yes,,retinal_imaging_v2,yesno,,,rtfl_os,,FLIO-Mac-HS,45885156,"Device or Medical/Surgical Supply, including Health Information Technology (HIT)",Meas Value,LOINC,Answer,S,LA20770-6,skos:relatedMatch,0.5,,,10/2,,,Store device name in device_source_value
Added,9/5/2023,Yes,Yes,open-source,No,,retinal_imaging_v2,notes,rt_cmt,,,,Comments ,4083205,Result comments,Observation,SNOMED,Qualifier Value,S,281296001,skos:closeMatch,0.75,,,10/2,,"ehr, EHR Information|
mail, Mailing Information|
svy, Recruitment & Survey Management|
rec, Recruitment Survey|
faq, FAQ Survey|
scr, Screening Survey|
scrout, Screening Stop Message|
precon, Pre-Consent Survey|
icfs, Consent Survey|
icfa, Staff Consent Attestation Survey|
dicf, Download Consent|
prt, Participant Contact Information Survey|
dmg, Demographics Survey|
mh, Health Survey|
sus, Substance Use Survey|
ces, CESD-10 Survey|
paid, PAID-5 Dm Survey|
dml, Diabetes Survey|
diet, Dietary Survey|
via, Ophthalmic Survey|
pxep, PX SDOH Combined Survey|
pxfi, PX Food Insecurity Survey|
pxne, PX Neighborhood Environment Survey|
pxrd, PX Racial Ethnic Discrimination Survey|
scrn_out, Decline Participation Survey|
enrl, Study Enrollment|
dri, Driving Record|
dv, Device Distribution|
cma, Meds Assessment|
cm, Current Medications|
pa, Physical Assessment|
bcva, BCVA|
plcs, Photopic Mars|
mics, Mesopic Mars|
mss, Monofilament|
moca, MoCA|
ekg, ECG|
rt, Retinal Imaging|
lbr, Lab Results|
lb, Specimen Management|
dc, Return|
cnct, Contact Log|
eos, Disposition|
dmt, Data Management|",