FORM_NAME,FIELD_TYPE,FIELD_ID,FIELD_ID_NUM,SRC_CODE,SRC_CODE_ID,SRC_CD_DESCRIPTION,TARGET_CONCEPT_ID,LOCAL_CONCEPT_ID,TARGET_CONCEPT_NAME,TARGET_DOMAIN_ID,TARGET_VOCABULARY_ID,TARGET_CONCEPT_CLASS_ID,TARGET_STANDARD_CONCEPT,TARGET_CONCEPT_CODE,PREDICATE_ID,CONFIDENCE,MODIFIER,NOTES
recruitment_survey,text,,1029,recstartts,,Recruitment Survey Started Timestamp (from REDCap),1988422,,Time to complete survey,Observation,LOINC,Survey,S,99423-6,,0.5,,
recruitment_survey,text,,1030,reccmpts,,Recruitment Survey Completed Timestamp (from REDCap),1988422,,Time to complete survey,Observation,LOINC,Survey,S,99423-6,,0.5,,
faq_survey,text,,1035,faqstartts,,FAQ Survey Started Timestamp (from REDCap),1988422,,Time to complete survey,Observation,LOINC,Survey,S,99423-6,,0.5,,
faq_survey,text,,1036,faqcmpts,,FAQ Survey Completed Timestamp (from REDCap),1988422,,Time to complete survey,Observation,LOINC,Survey,S,99423-6,,0.5,,
screening_survey,yesno,,1049,cmtrt_lfst,,"Do you use lifestyle changes to control your A1C and blood glucose levels? Examples: regular exercise, avoiding sugary foods and beverages, eating a balanced diet with lots of vegetables, sticking to a consistent eating schedule",607008,,Able to modify behavior and lifestyle to support health improvement,Condition,SNOMED,Clinical Finding,S,1148971005,,0.75,,
screening_survey,text,,1059,ancestry,,"What is your ancestry or ethnic origin?(Examples: Italian, Jamaican, African American, Cambodian, Cape Verdean, Cherokee, Navajo, Nez Pearce, Norwegian, Dominican, French Canadian, Haitian, Korean, Lebanese, Polish, Nigerian, Mexican, Taiwanese, Ukrainian, and so on.)",45880188,,Your ancestry or national origin,Meas Value,LOINC,Answer,S,LA15574-9,,0.5,,
screening_survey,text,,1060,scrstartts,,Screening Survey Started Timestamp (from REDCap),1988422,,Time to complete survey,Observation,LOINC,Survey,S,99423-6,,0.5,,
screening_survey,text,,1061,scrcmpts,,Screening Survey Completed Timestamp (from REDCap),1988422,,Time to complete survey,Observation,LOINC,Survey,S,99423-6,,0.5,,
preconsent_survey,text,,1069,preconstartts,,Pre-consent Survey Started Timestamp (from REDCap),1988422,,Time to complete survey,Observation,LOINC,Survey,S,99423-6,,0.5,,
preconsent_survey,text,,1070,preconcmpts,,Pre-consent Survey Completed Timestamp (from REDCap),1988422,,Time to complete survey,Observation,LOINC,Survey,S,99423-6,,0.5,,
bcva,checkbox,,1495,viaocmpyn,,,,,,,,,,,,,,
bcva,radio,,1498,viaomthd,,Method used to complete form,4129438,,Method,Observation,SNOMED,Attribute,S,260686004,,0.75,,
bcva,text,,1505,viaodpsf,,Snellen fraction - Photopic VA - OD,21491744,,Visual acuity best corrected Right eye by Snellen eye chart,Measurement,LOINC,Clinical Observation,S,79880-1,,0.75,,
bcva,text,,1506,viaospsf,,Snellen fraction - Photopic VA - OS,21491745,,Visual acuity best corrected Left eye by Snellen eye chart,Measurement,LOINC,Clinical Observation,S,79881-9,,0.75,,
health_survey,radio,,1125,mhoccur_circ,,"Circulation problems (Examples: arteriosclerosis, atherosclerosis, blood clots in lungs or leg veins)",40770062,,History of Problems with your heart or circulation [PhenX],Observation,LOINC,Clinical Observation,S,67434-1,,0.5,,
health_survey,radio,,1130,mhoccur_ad,,"Dementia (Examples: Alzheimer's Disease, vascular dementia, etc)",36210750,,Dementia,Meas Value,LOINC,Answer,S,LA20372-1,,0.75,,
health_survey,radio,,1143,mhoccur_ua,,"Urinary problems (Examples: urinary tract infections, incontinence, prostate problems)",45877281,,Urinary tract problems,Meas Value,LOINC,Answer,S,LA17005-2,,0.75,,
health_survey,radio,,1144,mhoccur_rnl,,Kidney problems,45881016,,Kidney,Meas Value,LOINC,Answer,S,LA4591-9,,0.75,,
health_survey,radio,,1147,fh_dm2pt,,Were either of your parents diagnosed with Type II Diabetes?,4051114,,Family history of diabetes mellitus,Observation,SNOMED,Context-dependent,S,160303001,,0.5,,
health_survey,radio,,1149,fh_dm2sb,,Has a sibling been diagnosed with Type II Diabetes?,4334340,,Family history of diabetes mellitus type 2,Observation,SNOMED,Context-dependent,S,430679000,,0.5,,
health_survey,radio,,1153,mhoccur_crt,,Cataracts (in one or both eyes),45876993,,Cataracts,Meas Value,LOINC,Answer,S,LA16306-5,,1,,
health_survey,text,,1161,mhstartts,,Health Survey Started Timestamp (from REDCap),1988422,,Time to complete survey,Observation,LOINC,Survey,S,99423-6,,0.5,,
health_survey,text,,1162,mhcmpts,,Heath Survey Completed Timestamp (from REDCap),1988422,,Time to complete survey,Observation,LOINC,Survey,S,99423-6,,0.5,,
substance_use_survey,dropdown,,1169,susmkstoage,,How many total years have you smoked?,36303803,,Tobacco use duration,Observation,LOINC,Clinical Observation,S,88029-4,,0.5,,
substance_use_survey,radio,,1174,subrkncf,,Have you had any beer or ale in the past year?,4238768,,Details of alcohol drinking behavior,Observation,SNOMED,Observable Entity,S,363905002,,0.25,,
substance_use_survey,dropdown,,1175,subrdosfr,,"During the average week, how many 12 oz. bottles or cans of beer do you usually drink? (Number of bottles or cans per week)",4238768,,Details of alcohol drinking behavior,Observation,SNOMED,Observable Entity,S,363905002,,0.25,,
substance_use_survey,radio,,1176,suwnkncf,,Have you had any wine in the past year?,4238768,,Details of alcohol drinking behavior,Observation,SNOMED,Observable Entity,S,363905002,,0.25,,
substance_use_survey,dropdown,,1177,suwndosfr,,"During the average week, how many 5 oz. glasses of wine do you usually drink?ÿ The average wine bottle has 5 servings. (Number of glasses per week)",4238768,,Details of alcohol drinking behavior,Observation,SNOMED,Observable Entity,S,363905002,,0.25,,
substance_use_survey,radio,,1178,sulqkncf,,"Have you had any liquor in the past year, such as brandy, whiskey, vodka, gin, schnapps, cocktails, or liqueurs?",4238768,,Details of alcohol drinking behavior,Observation,SNOMED,Observable Entity,S,363905002,,0.25,,
substance_use_survey,dropdown,,1179,sulqdosfr,,"During the average week, how many 1.5 oz. of liquor do you usually drink, either as shots or in mixed cocktails? (Number of drinks per week)",4238768,,Details of alcohol drinking behavior,Observation,SNOMED,Observable Entity,S,363905002,,0.25,,
substance_use_survey,radio,,1180,sualcdrv,,"Do you drive after having a drink, even if it is only one drink?",4226563,,Risk control behavior: alcohol use,Observation,SNOMED,Observable Entity,S,405137009,,0.25,,
substance_use_survey,radio,,1181,suvpkncf1,,Have you ever vaped or used e-cigarettes?,903655,,Electronic cigarette smoker,Observation,SNOMED,OMOP Extension,S,OMOP5181836,,0.25,,
substance_use_survey,dropdown,,1182,suvpstage,,At what age did you start vaping or using e-cigarettes? (Age started - years old),903655,,Electronic cigarette smoker,Observation,OMOP Extension,Clinical Finding,S,OMOP5181836,,0.25,1,"1 = start age in years, 2= current user, 3= total number of years"
substance_use_survey,radio,,1183,suvpcdur,,Do you vape or use e-cigarettes now?,903655,,Electronic cigarette smoker,Observation,OMOP Extension,Clinical Finding,S,OMOP5181836,,0.25,2,"1 = start age in years, 2= current user, 3= total number of years"
substance_use_survey,dropdown,,1184,suvptoage,,How many total years have you vaped or used e-cigarettes?,903655,,Electronic cigarette smoker,Observation,OMOP Extension,Clinical Finding,S,OMOP5181836,,0.25,3,"1 = start age in years, 2= current user, 3= total number of years"
substance_use_survey,dropdown,,1185,suvpdosfr,,"When you vaped or used e-cigarettes, approximately how many days in a typical week would you use it?",4014044,,Duration,Observation,SNOMED,Attribute,S,103335007,,0.5,,
substance_use_survey,radio,,1186,sumrjkncf,,"Have you ever used marijuana (cannabis)? (This includes smoking marijuana, using cannabis concentrates, and edibles.)",37116660,,Marijuana user,Condition,SNOMED,Clinical Finding,S,733460004,,0.5,1,"1= ever used, 2 = currently use, 3= route form of marijuana use, 4= total years used, 5=how many days in typical week"
substance_use_survey,checkbox,,1189,sumrjtrt,,In what form do you usually use marijuana?ÿ (check all that apply),37116660,,Marijuana user,Condition,SNOMED,Clinical Finding,S,733460004,,0.5,3,"1= ever used, 2 = currently use, 3= route form of marijuana use, 4= total years used, 5=how many days in typical week"
substance_use_survey,dropdown,,1190,sumrjceddur,,How many total years have you used marijuana?,37116660,,Marijuana user,Condition,SNOMED,Clinical Finding,S,733460004,,0.5,4,"1= ever used, 2 = currently use, 3= route form of marijuana use, 4= total years used, 5=how many days in typical week"
substance_use_survey,dropdown,,1191,sumrjfr,,"When you used marijuana, approximately how many days in a typical week would you use it?",37116660,,Marijuana user,Condition,SNOMED,Clinical Finding,S,733460004,,0.5,5,"1= ever used, 2 = currently use, 3= route form of marijuana use, 4= total years used, 5=how many days in typical week"
substance_use_survey,text,,1192,sustartts,,Substance Use Survey Started Timestamp (from REDCap),1988422,,Time to complete survey,Observation,LOINC,Survey,S,99423-6,,0.5,,
substance_use_survey,text,,1193,sucmpts,,Substance Use Survey Completed Timestamp (from REDCap),1988422,,Time to complete survey,Observation,LOINC,Survey,S,99423-6,,0.5,,
bcva,text,,1507,viaodplog,,VA Letter Score - Photopic VA - OD,21491740,,Visual acuity best corrected Right eye by ETDRS eye chart,Measurement,LOINC,Clinical Observation,S,79876-9,,0.75,1,"1=VA Letter Score - Photopic VA, 2=LLVA Letter Score - Mesopic VA"
bcva,text,,1508,viaosplog,,VA Letter Score - Photopic VA - OS,21491741,,Visual acuity best corrected Left eye by ETDRS eye chart,Measurement,LOINC,Clinical Observation,S,79877-7,,0.75,1,"1=VA Letter Score - Photopic VA, 2=LLVA Letter Score - Mesopic VA"
paid5_dm_survey,radio,,1213,paid_scrd,,Feeling scared when you think about living with diabetes,36716888,,Fear of metabolic disease,Condition,SNOMED,Clinical Finding,S,723113005,,0.25,,
paid5_dm_survey,radio,,1214,paid_dpr,,Feeling depressed when you think about living with diabetes,40546087,,Depressed mood,Condition,SNOMED,Clinical Finding,S,366979004,,0.25,,
paid5_dm_survey,radio,,1215,paid_wr,,Worrying about the future and the possibility of serious complications,4084699,,Anxiety about body function or health,Condition,SNOMED,Clinical Finding,S,247808006,,0.25,,
paid5_dm_survey,radio,,1216,paid_eng,,Feeling that diabetes is taking up too much of your mental and physical energy every day,4265571,,Finding related to ability to comply with treatment,Observation,SNOMED,Clinical Finding,S,397695000,,0.25,,
paid5_dm_survey,radio,,1217,paid_cml,,Coping with complications of diabetes,4262172,,Finding related to ability to cope,Condition,SNOMED,Clinical Finding,S,397706001,,0.25,,
paid5_dm_survey,calc,,1218,paidscore,,PAID score,46273583,,Assessment of attitude toward health status,Procedure,SNOMED,Procedure,S,710834001,,0.25,,
paid5_dm_survey,text,,1219,paidstartts,,PAID-5 DM Survey Start Timestamp (from REDCap),1988422,,Time to complete survey,Observation,LOINC,Survey,S,99423-6,,0.5,,
paid5_dm_survey,text,,1220,paidcmpts,,PAID-5 DM Survey Completed Timestamp (from REDCap),1988422,,Time to complete survey,Observation,LOINC,Survey,S,99423-6,,0.5,,
bcva,calc,,1509,viaodpscore,,Photopic LogMAR OD Score,3036966,,Visual acuity log MAR Eye - right,Measurement,LOINC,Clinical Observation,S,6616-7,,0.5,1,"1=Photopic, 2=Mesopic"
bcva,calc,,1510,viaospscore,,Photopic LogMAR OS Score,3037488,,Visual acuity log MAR Eye - left,Measurement,LOINC,Clinical Observation,S,6617-5,,0.5,1,"1=Photopic, 2=Mesopic"
bcva,text,,1511,viaodmsf,,Snellen fraction - Mesopic VA - OD,21491744,,Visual acuity best corrected Right eye by Snellen eye chart,Measurement,LOINC,Clinical Observation,S,79880-1,,0.75,,
bcva,text,,1512,viaosmsf,,Snellen fraction - Mesopic VA - OS,21491745,,Visual acuity best corrected Left eye by Snellen eye chart,Measurement,LOINC,Clinical Observation,S,79881-9,,0.75,,
bcva,text,,1513,viaodmlog,,LLVA Letter Score - Mesopic VA - OD,21491740,,Visual acuity best corrected Right eye by ETDRS eye chart,Measurement,LOINC,Clinical Observation,S,79876-9,,0.75,2,"1=VA Letter Score - Photopic VA, 2=LLVA Letter Score - Mesopic VA"
bcva,text,,1514,viaosmlog,,LLVA Letter Score - Mesopic VA - OS,21491741,,Visual acuity best corrected Left eye by ETDRS eye chart,Measurement,LOINC,Clinical Observation,S,79877-7,,0.75,2,"1=VA Letter Score - Photopic VA, 2=LLVA Letter Score - Mesopic VA"
bcva,radio,viaomthd,3035,1,viaomthd_1,EVA,21495306,,Type of Visual acuity exam method,Measurement,LOINC,Clinical Observation,S,79908-0,,0.25,,
dietary_survey,radio,,1243,diet5,,"How many times a week did you eat beans (like pinto or black beans), chicken, or fish?",3656010,,Oral intake,Observation,SNOMED,Observable Entity,S,870690008,,0.25,,
dietary_survey,radio,,1244,diet6,,How many times a week did you eat regular snack chips or crackers (not low-fat)?,4044783,,Savory snack intake,Observation,SNOMED,Observable Entity,S,230079003,,0.75,,
dietary_survey,radio,,1245,diet7,,How many times a week did you eat desserts and other sweets (not the low-fat kind)?,4025584,,Sweets intake,Observation,SNOMED,Observable Entity,S,226463006,,0.75,,
dietary_survey,radio,,1246,diet8,,"How much margarine, butter, or meat fat do you use to season vegetables or put on potatoes, bread or corn?",3663241,,Fat and oil intake,Observation,SNOMED,Observable Entity,S,870372004,,0.75,,
dietary_survey,radio,,1247,diet9,,How many servings of fruit juice did you drink each day?,4025566,,Fruit juice intake,Observation,SNOMED,Observable Entity,S,226389005,,0.75,,
dietary_survey,calc,,1248,dietscore,,Diet score,4021174,,Dietary intake assessment,Procedure,SNOMED,Procedure,S,225388007,,0.5,,
dietary_survey,text,,1249,dietstartts,,Dietary Survey Start Timestamp (from REDCap),1988422,,Time to complete survey,Observation,LOINC,Survey,S,99423-6,,0.5,,
dietary_survey,text,,1250,dietcmpts,,Dietary Survey Completed Timestamp (from REDCap),1988422,,Time to complete survey,Observation,LOINC,Survey,S,99423-6,,0.5,,
ophthalmic_survey,radio,,1254,via1,,"How much difficulty, if any, do you have in recognizing a friend across the street? Would you say:",4173597,,Difficulty seeing distant objects,Condition,SNOMED,Clinical Finding,S,424348007,,0.5,,
ophthalmic_survey,radio,,1255,via2,,"How much difficulty, if any, do you have reading print in newspapers, magazines, recipes, menus, or numbers on the telephone? Would you say:",40768760,,How much difficulty do you have reading ordinary print in newspapers,Observation,LOINC,Clinical Observation,S,66077-9,,0.75,,
ophthalmic_survey,radio,,1258,via5,,You have indicated that you have not seen an eye care professional in the past 12 months. What is the main reason you have not visited an eye care professional in the past 12 months?,4260904,,Reason for,Observation,SNOMED,Attribute,S,410666004,,0.5,,
ophthalmic_survey,radio,,1259,via6,,When was the last time you had an eye exam in which the pupils were dilated? (This would have made you temporarily sensitive to bright light),4312773,,Instillation of dilating eye drops to eye,Procedure,SNOMED,Procedure,S,424986007,,0.5,,
ophthalmic_survey,text,,1260,viastartts,,Ophthalmic Survey Started Timestamp (from REDCap),1988422,,Time to complete survey,Observation,LOINC,Survey,S,99423-6,,0.5,,
ophthalmic_survey,text,,1261,viacmpts,,Ophthalmic Survey Completed Timestamp (from REDCap),1988422,,Time to complete survey,Observation,LOINC,Survey,S,99423-6,,0.5,,
px_sdoh_combined_survey,radio,,1269,pxji1,,"Thinking about the next 12 months, how likely do you think it is that you will lose your job or be laid off?",,,,,PhenX,,,PX280301010000,,,,
px_sdoh_combined_survey,radio,,1270,pxji2,,"About how easy would it be for you to find a job with another employer with approximately the same income and fringe benefits you now have? Would you say very easy, somewhat easy, or not easy at all?",,,,,PhenX,,,PX280301020000,,,,
px_sdoh_combined_survey,radio,,1271,pxhi1,,What is your living situation today?,42869557,,Housing status,Observation,PhenX,Survey,S,71802-3,,0.5,,
px_sdoh_combined_survey,checkbox,,1272,pxhi2,,Think about the place you live. Do you have problems with any of the following? CHOOSE ALL THAT APPLY,,,,,PhenX,,,,,,,
px_sdoh_combined_survey,radio,,1273,pxpa1,,"In the last 12 months, have you delayed getting prescription medicines because of worry about the cost?",,,,,PhenX,,,,,,,
px_sdoh_combined_survey,radio,,1274,pxpa2,,Did any other person in your household delay getting prescription medicines because of worry about the cost?,,,,,PhenX,,,,,,,
px_sdoh_combined_survey,radio,,1275,pxpa3,,"In the last 12 months, was there any time when you needed prescription medicines, but did not get them because you couldn't afford it?",,,,,PhenX,,,,,,,
px_sdoh_combined_survey,radio,,1276,pxpa4,,"In the last 12 months, was there any time when anyone else in your household needed prescription medicines, but did not get them because you/they couldn't afford it?",,,,,PhenX,,,,,,,
px_sdoh_combined_survey,radio,,1277,pxhic1,,Insurance through a current or former employer or union (of yours or another family member's). This would include COBRA coverage.,40765798,,PhenX - health insurance coverage protocol 011501,Measurement,LOINC,Clinical Observation,S,63066-5,,0.5,,
px_sdoh_combined_survey,radio,,1278,pxhic2,,"Insurance purchased directly from an insurance company (by you or another family member). This would include coverage purchased through an exchange or marketplace, such as HealthCare.gov",40765798,,PhenX - health insurance coverage protocol 011501,Measurement,LOINC,Clinical Observation,S,63066-5,,0.5,,
px_sdoh_combined_survey,radio,,1279,pxhic3,,"Medicare, for people 65 and older, or people with certain disabilities.",40765798,,PhenX - health insurance coverage protocol 011501,Measurement,LOINC,Clinical Observation,S,63066-5,,0.5,,
px_sdoh_combined_survey,radio,,1280,pxhic4,,"Medicaid, Medical Assistance (MA), the Children's Health Insurance Program (CHIP), or any kind of state or government-sponsored assistance. plan based on income or a disability.",40765798,,PhenX - health insurance coverage protocol 011501,Measurement,LOINC,Clinical Observation,S,63066-5,,0.5,,
px_sdoh_combined_survey,radio,,1281,pxhic5,,"TRICARE or other military health care, including VA health care.",40765798,,PhenX - health insurance coverage protocol 011501,Measurement,LOINC,Clinical Observation,S,63066-5,,0.5,,
px_sdoh_combined_survey,radio,,1282,pxhic6,,Indian Health Service.,40765798,,PhenX - health insurance coverage protocol 011501,Measurement,LOINC,Clinical Observation,S,63066-5,,0.5,,
px_sdoh_combined_survey,radio,,1283,pxhic7,,Any other type of health insurance coverage or health coverage plan,40765798,,PhenX - health insurance coverage protocol 011501,Measurement,LOINC,Clinical Observation,S,63066-5,,0.5,,
px_sdoh_combined_survey,radio,,1284,pxhic8,,"Does this mean you currently have no health insurance or health coverage plan? In answering this question, please exclude plans that pay for only one type of service (such as, nursing home care, accidents, family planning, or dental care) and plans that only provide extra cash when hospitalized).",40765798,,PhenX - health insurance coverage protocol 011501,Measurement,LOINC,Clinical Observation,S,63066-5,,0.5,,
px_sdoh_combined_survey,text,,1285,pxhic9,,What type of health insurance do you have?,40765798,,PhenX - health insurance coverage protocol 011501,Measurement,LOINC,Clinical Observation,S,63066-5,,0.5,,
px_sdoh_combined_survey,radio,,1286,pxahc1,,About how long has it been since you last saw a doctor or other health care professional about your health?,3655035,,Date of last examination,Observation,SNOMED,Observable Entity,S,840643003,,0.5,,
px_sdoh_combined_survey,radio,,1287,pxahc2,,"Was this a wellness visit, physical, or general purpose check-up?",,,,,PhenX,,,,,,,
px_sdoh_combined_survey,radio,,1288,pxahc3,,"About how long has it been since you last saw a doctor or other health professional for a wellness visit, physical, or general purpose check-up?",,,,,PhenX,,,,,,,
px_sdoh_combined_survey,radio,,1289,pxahc4,,Is there a place that you USUALLY go to if you are sick and need health care?ÿ,,,,,PhenX,,,,,,,
px_sdoh_combined_survey,radio,,1290,pxahc5,,"What kind of place is it/do you go to most often? A doctor's office or health center is a place where you see the same doctor or the same group of doctors every visit, where you usually need to make an appointment ahead of time, and where your medical records are on file.Urgent care centers and clinics in a drug store or grocery store are places where you do not need to make an appointment ahead of time, and do not usually see the same health care provider at each visit.",,,,,PhenX,,,,,,,
px_sdoh_combined_survey,dropdown,,1291,pxahc6,,"During the past 12 months, how many times have you gone to an urgent care center or a clinic in a drug store or grocery store about your health?Urgent care centers and clinics in drug stores or grocery stores are places where you do not need to make an appointment ahead of time, and do not usually see the same health care provider at each visit. This is different from a hospital emergency room.",,,,,PhenX,,,,,,,
px_sdoh_combined_survey,dropdown,,1292,pxahc7,,"During the past 12 months, how many times have you gone to a hospital emergency room about your health?ÿ *This includes emergency room visits that resulted in a hospital admission.",,,,,PhenX,,,,,,,
px_sdoh_combined_survey,radio,,1293,pxahc8,,"During the past 12 months, have you been hospitalized overnight? (Do not include an overnight stay in the emergency room)",,,,,PhenX,,,,,,,
px_sdoh_combined_survey,radio,,1294,pxahc9,,"During the past 12 months, have you DELAYED getting medical care because of the cost?",,,,,PhenX,,,,,,,
px_sdoh_combined_survey,radio,,1295,pxahc10,,"During the past 12 months, was there any time when you needed medical care, but DID NOT GET IT because of the cost?",,,,,PhenX,,,,,,,
px_sdoh_combined_survey,text,,1303,pxsdohstartts,,PhenX SDOH Survey Started Timestamp (from REDCap),1988422,,Time to complete survey,Observation,LOINC,Survey,S,99423-6,,0.5,,
px_sdoh_combined_survey,text,,1304,pxsdohcmpts,,PhenX SDOH Survey Completed Timestamp (from REDCap),1988422,,Time to complete survey,Observation,LOINC,Survey,S,99423-6,,0.5,,
px_sdoh_combined_survey,text,,1305,px270201_metadata,,PhenX English Proficiency MetaData,none - OPS,,,,,,,,,,,
px_sdoh_combined_survey,text,,1306,px011002_metadata,,PhenX Education Attainment MetaData,none - OPS,,,,,,,,,,,
px_sdoh_combined_survey,text,,1307,px280301_metadata,,PhenX Job Security MetaDataÿ,none - OPS,,,,,,,,,,,
px_sdoh_combined_survey,text,,1308,px281401_metadata,,PhenX Housing Insecurity MetaDataÿ,none - OPS,,,,,,,,,,,
px_sdoh_combined_survey,text,,1309,px280801_metadata,,PhenX Prescriptions Affordability MetaDataÿ,none - OPS,,,,,,,,,,,
px_sdoh_combined_survey,text,,1310,px11502_metadata,,PhenX Health Insurance MetaData,none - OPS,,,,,,,,,,,
px_sdoh_combined_survey,text,,1311,px270101_metadata,,PhenX Health Care Access MetaData,none - OPS,,,,,,,,,,,
px_sdoh_combined_survey,text,,1312,px280901_metadata,,PhenX Healthcare Discrimination MetaData,none - OPS,,,,,,,,,,,
px_food_insecurity_survey,text,,1322,pxfistartts,,PhenX Food Insecurity Survey Started Timestamp (from REDCap),1988422,,Time to complete survey,Observation,LOINC,Survey,S,99423-6,,0.5,,
px_food_insecurity_survey,text,,1323,pxsficmpts,,PhenX Food Insecurity Survey Completed Timestamp (from REDCap),1988422,,Time to complete survey,Observation,LOINC,Survey,S,99423-6,,0.5,,
px_food_insecurity_survey,text,,1324,px270301_metadata,,PhenX MetaData,none - OPS,,,,,,,,,,,
px_neighborhood_environment_survey,radio,,1335,pxne8,,There is so much traffic on the streets that it makes it difficult or unpleasant to walk in my neighborhood. Would you say that you...,,,,,PhenX,,,,,,,
px_neighborhood_environment_survey,radio,,1336,pxne9,,"I see many people being physically active in my neighborhood doing things like walking, jogging, cycling, or playing sports and active games. Would you say that you...",,,,,PhenX,,,,,,,
px_neighborhood_environment_survey,radio,,1337,pxne10,,There are many interesting things to look at while walking in my neighborhood. Would you say you...,,,,,PhenX,,,,,,,
px_neighborhood_environment_survey,dropdown,,1338,pxne11,,"How many motor vehicles in working order (e.g., cars, trucks, motorcycles) are there at your household?",,,,,PhenX,,,,,,,
px_neighborhood_environment_survey,radio,,1339,pxne12,,There are many four-way intersections in my neighborhood. Would you say that you...,,,,,PhenX,,,,,,,
px_neighborhood_environment_survey,radio,,1340,pxne13,,"The sidewalks in my neighborhood are well maintained (paved, with few cracks) and not obstructed. Would you say that you...",,,,,PhenX,,,,,,,
px_neighborhood_environment_survey,radio,,1341,pxne14,,Places for bicycling (such as bike paths) in and around my neighborhood are well maintained and not obstructed. Would you say that you...,,,,,PhenX,,,,,,,
px_neighborhood_environment_survey,radio,,1342,pxne15,,There is so much traffic on the streets that it makes it difficult or unpleasant to ride a bicycle in my neighborhood. Would you say that you...,,,,,PhenX,,,,,,,
px_neighborhood_environment_survey,radio,,1343,pxne16,,The crime rate in my neighborhood makes it unsafe to go on walks during the day. Would you say that you...,,,,,PhenX,,,,,,,
px_neighborhood_environment_survey,radio,,1344,pxne17,,There are many places to go within easy walking distance of my home. Would you say that you...,,,,,PhenX,,,,,,,
px_neighborhood_environment_survey,text,,1345,pxnestartts,,PhenX Neighborhood Enviroment Survey Started Timestamp (from REDCap),1988422,,Time to complete survey,Observation,LOINC,Survey,S,99423-6,,0.5,,
px_neighborhood_environment_survey,text,,1346,pxnecmpts,,PhenX Neighborhood Environment Survey Completed Timestamp (from REDCap),1988422,,Time to complete survey,Observation,LOINC,Survey,S,99423-6,,0.5,,
px_neighborhood_environment_survey,text,,1347,px291201_metadata,,PhenX Neighborhood Environment MetaData,none - OPS,,,,,,,,,,,
px_racial_ethnic_discrimination_survey,radio,,1351,pxrd1,,How often in the past year?,,,,,PhenX,,,,,,,
px_racial_ethnic_discrimination_survey,radio,,1352,pxrd2,,How often in your entire life?,,,,,PhenX,,,,,,,
px_racial_ethnic_discrimination_survey,radio,,1353,pxrd3,,"On a scale of 1-6, how stressful was this for you? 1 = Not at all stressful; 6 = Extremely stressful",,,,,PhenX,,,,,,,
px_racial_ethnic_discrimination_survey,radio,,1402,pxrd52,,In the Past Year?,,,,,PhenX,,,,,,,
px_racial_ethnic_discrimination_survey,radio,,1403,pxrd53,,In your entire life?,,,,,PhenX,,,,,,,
px_racial_ethnic_discrimination_survey,text,,1405,pxrdcmpts,,PhenX Racial/Ethnic Discrimination Survey Completed Timestamp (from REDCap),1988422,,Time to complete survey,Observation,LOINC,Survey,S,99423-6,,0.5,,
px_racial_ethnic_discrimination_survey,text,,1406,pxrdstartts,,PhenX Racial/Ethnic Discrimination Survey Started Timestamp (from REDCap),1988422,,Time to complete survey,Observation,LOINC,Survey,S,99423-6,,0.5,,
px_racial_ethnic_discrimination_survey,text,,1407,px281501_metadata,,PhenX Racial/Ethnic MetaData,none - OPS,,,,,,,,,,,
study_enrollment,text,,1416,visdat,,Planned date & time of in-person visit,4085800,,Appointment date,Observation,SNOMED,Observation,S,185353001,,0.5,,
driving_record,text,,1425,dricmpdat,,Date driving record assessment conducted,1176381,,Date and time of scheduled task,Observation,LOINC,Clinical Observation,S,90118-1,,0.5,,
driving_record,text,,1429,dri1,,"In an average week, how many days per week do you normally drive? (number of days)",,,,,,,,,,,,
driving_record,radio,,1430,dri2,,About how many miles did you personally drive during the past 12 months in all motorized vehicles?,,,,,,,,,,,,
driving_record,dropdown,,,dristate,,Drivers license state,4161694,,State,Observation,SNOMED,Location,S,398070004,,1,,
cesd10_survey,text,,1208,cesstartts,,CES-D-10 Survey Started Timestamp (from REDCap),1988422,,Time to complete survey,Observation,LOINC,Survey,S,99423-6,,0.5,,
cesd10_survey,text,,1209,cescmpts,,CES-D-10 Survey Completed Timestamp (from REDCap),1988422,,Time to complete survey,Observation,LOINC,Survey,S,99423-6,,0.5,,
cesd10_survey,radio,ces1,2078,0,ces1_0,Rarely or none of the time (< 1 day),45883771,,Rarely or never,Meas Value,LOINC,Answer,S,LA15665-5,,1,,
cesd10_survey,radio,ces1,2079,1,ces1_1,Some or a little of the time (1-2 days),45879198,,Some of the time,Meas Value,LOINC,Answer,S,LA14733-2,,1,,
cesd10_survey,radio,ces1,2080,2,ces1_2,Occasionally or a moderate amount of time (3-4 days),45879593,,Occasionally,Meas Value,LOINC,Answer,S,LA6483-7,,1,,
cesd10_survey,radio,ces1,2081,3,ces1_3,All of the time (5-7 days),45879199,,Most of the time,Meas Value,LOINC,Answer,S,LA14734-0,,1,,
meds_assessment,radio,,1461,cm_asp,,Have you taken aspirin in the past 2 weeks?,,,,,,,,,,,,
meds_assessment,radio,,1462,cm_act,,"Have you taken acetaminophen medicines, such as Tylenol, in the past 2 weeks?",,,,,,,,,,,,
meds_assessment,radio,,1463,cm_ibp,,Have you taken ibuprofen or ibuprofen-containing medicines such as Advil or Motrin in the past 2 weeks?,,,,,,,,,,,,
meds_assessment,radio,,1464,cm_ant,,"Have you taken antihistamines, such as cold pills or allergy pills, in the past 2 weeks?",,,,,,,,,,,,
meds_assessment,radio,,1465,cm_dcg,,"Have you taken decongestants, such as cold pills or allergy pills, in the past 2 weeks?",,,,,,,,,,,,
meds_assessment,radio,,1466,cm_slp,,Have you taken sleeping pills in the past 2 weeks?,,,,,,,,,,,,
physical_assessment,text,,1481,paate,,How many hours since you last ate? (number of hours),4200039,,Time of last food intake,Observation,SNOMED,Observable Entity,S,301897001,,0.5,,
physical_assessment,text,,1485,waist_vsorres,,Waist Circumference (inches),4172830,,Waist circumference,Measurement,SNOMED,Observable Entity,S,276361009,,0.75,,
physical_assessment,text,,1486,hip_vsorres,,Hip Circumference (inches),4111665,,Hip circumference,Measurement,SNOMED,Observable Entity,S,284472007,,0.75,,
photopic_mars,checkbox,,1518,plcscmpyn,,,4256483,,Contrast sensitivity test,Procedure,SNOMED,Procedure,S,410566008,,0.25,,
photopic_mars,calc,,1532,plcsodlog,,OD: Log Contrast Sensitivity,4090077,,Contrast sensitivity,Measurement,SNOMED,Observable Entity,S,251686008,,0.75,2,"1=Photopic, left eye; 2=Photopic, right eye, 3=Photopic, binocular"
photopic_mars,calc,,1544,plcsoslog,,OS: Log Contrast Sensitivity,4090077,,Contrast sensitivity,Measurement,SNOMED,Observable Entity,S,251686008,,0.75,1,"1=Photopic, left eye; 2=Photopic, right eye, 3=Photopic, binocular"
photopic_mars,calc,,1556,plcsoulog,,OU: Log Contrast Sensitivity,4090077,,Contrast sensitivity,Measurement,SNOMED,Observable Entity,S,251686008,,0.75,3,"1=Photopic, left eye; 2=Photopic, right eye; 3=Photopic, binocular"
mesopic_mars,checkbox,,1558,mlcscmpyn,,,4256483,,Contrast sensitivity test,Procedure,SNOMED,Procedure,S,410566008,,0.75,,
monofilament,calc,,1611,mssrffl,,Right Foot - Felt:,4047085,,Monofilament foot sensation test,Procedure,SNOMED,Procedure,S,134388005,,0.5,,
monofilament,calc,,1612,mssrftt,,Right Foot - Tested:,4047085,,Monofilament foot sensation test,Procedure,SNOMED,Procedure,S,134388005,,0.5,,
monofilament,calc,,1623,msslffl,,Left Foot - Felt:,4047085,,Monofilament foot sensation test,Procedure,SNOMED,Procedure,S,134388005,,0.5,,
monofilament,calc,,1624,msslftt,,Left Foot - Tested:,4047085,,Monofilament foot sensation test,Procedure,SNOMED,Procedure,S,134388005,,0.5,,
procedures,notes,,1627,mocareasn,,"If not performed, please explain why:",44788487,,Procedure not completed,Observation,OMOP,Context-dependent,S,1.78291E+14,,0.5,,
procedures,text,,1629,rtfncmpdattim,,Date & time Fundus - Edion performed,1176381,,Date and time of scheduled task,Observation,LOINC,Clinical Observation,S,90118-1,,0.5,,
procedures,checkbox,,1630,rtfncmpyn,,,4189584,,Confocal scanning laser ophthalmoscopy,Procedure,SNOMED,Procedure,S,391999003,,0.75,,
procedures,text,,1633,rtfnocmpdattim,,Date & time Fundus - Optomed performed,1176381,,Date and time of scheduled task,Observation,LOINC,Clinical Observation,S,90118-1,,0.5,,
procedures,checkbox,,1634,rtfnocmpyn,,,4063911,,Ocular fundus photography,Procedure,SNOMED,Procedure,S,20067007,,0.75,,
procedures,text,,1637,rthracmpdattim,,Date & time OCT & OCTA - Spectralis HRA OCT performed,1176381,,Date and time of scheduled task,Observation,LOINC,Clinical Observation,S,90118-1,,0.5,,
procedures,checkbox,,1638,rthracmpyn,,,4213040,,Optical coherence tomography,Procedure,SNOMED,Procedure,S,392010000,,0.75,,
procedures,text,,1641,rtoctcmpdattim,,Date & time OCT - Triton OCT performed,1176381,,Date and time of scheduled task,Observation,LOINC,Clinical Observation,S,90118-1,,0.5,,
procedures,checkbox,,1642,rtoctcmpyn,,,4213040,,Optical coherence tomography,Procedure,SNOMED,Procedure,S,392010000,,0.75,,
procedures,text,,1645,rtm2cmpdattim,,Date & time OCT & OCTA - Maestro2 performed,1176381,,Date and time of scheduled task,Observation,LOINC,Clinical Observation,S,90118-1,,0.5,,
procedures,checkbox,,1646,rtm2cmpyn,,,4213040,,Optical coherence tomography,Procedure,SNOMED,Procedure,S,392010000,,0.75,,
procedures,text,,1649,rtfliocmpdattim,,Date & time FLIO performed,1176381,,Date and time of scheduled task,Observation,LOINC,Clinical Observation,S,90118-1,,0.5,,
procedures,checkbox,,1650,rtfliocmpyn,,,37311158,,Fluorescence imaging of eye,Procedure,SNOMED,Procedure,S,827055000,,0.75,,
procedures,text,,1653,rtaccmpdattim,,Date & time Angioplex - Cirrus 5000 performed,1176381,,Date and time of scheduled task,Observation,LOINC,Clinical Observation,S,90118-1,,0.5,,
procedures,checkbox,,1654,rtaccmpyn,,,4213040,,Optical coherence tomography,Procedure,SNOMED,Procedure,S,392010000,,0.75,,
procedures,text,,1657,rtekgcmpdattim,,Date & time Cardiology - EKG - Pagewriter TC30 Cardiograp performed,1176381,,Date and time of scheduled task,Observation,LOINC,Clinical Observation,S,90118-1,,0.5,,
procedures,checkbox,,1658,rtekgcmpyn,,,2313814,,"Electrocardiogram, routine ECG with at least 12 leads; with interpretation and report",Procedure,CPT4,CPT4,S,93000,,0.75,,
lab_results,text,,1661,lbdattim1,,Date & time clinical labs performed,1176381,,Date and time of scheduled task,Observation,LOINC,Clinical Observation,S,90118-1,,0.5,,
lab_results,checkbox,,1662,lbperfyn1,,,4013827,,Laboratory procedure performed,Observation,SNOMED,Context-dependent,s,165331007,,0.25,,
lab_results,text,,1665,lbscat_wbc,,White Blood Cells (WBC) - x10E3/æL,4298431,,White blood cell count,Measurement,SNOMED,Procedure,s,767002,,0.75,,
lab_results,text,,1666,lbscat_rbc,,Red Blood Cells (RBC) - x10E6/æL,4030871,,Red blood cell count,Measurement,SNOMED,Procedure,s,14089001,,0.75,,
lab_results,text,,1667,lbscat_a1c,,Hemoglobin - g/dL,3000963,,Hemoglobin [Mass/volume] in Blood,Measurement,LOINC,Lab Test,s,718-7,,0.5,,
specimen_management,yesno,,,lbproc_bl1,,One 3ml EDTA tube collected,4218408,,Collection of blood specimen for laboratory,Procedure,SNOMED,Procedure,S,82078001,,0.75,,Potentially don't map
specimen_management,yesno,,,lbproc_bl2,,Two 6ml EDTA tubes collected,4218408,,Collection of blood specimen for laboratory,Procedure,SNOMED,Procedure,S,82078001,,0.75,,
specimen_management,yesno,,,lbproc_bl3,,Two 5.0 ml Serum SST/Gold Top tubes collected,4218408,,Collection of blood specimen for laboratory,Procedure,SNOMED,Procedure,S,82078001,,0.75,,
specimen_management,yesno,,,lbproc_bl4,,One PAXgene RNA tube collected,4218408,,Collection of blood specimen for laboratory,Procedure,SNOMED,Procedure,S,82078001,,0.75,,
specimen_management,yesno,,,lbproc_bl5,,Two CPT tubes collected,4218408,,Collection of blood specimen for laboratory,Procedure,SNOMED,Procedure,S,82078001,,0.75,,
specimen_management,text,,1694,lbuplddat,,Date results were uploaded,4256607,,Date,Observation,SNOMED,Observation,s,410671006,,0.5,,
disposition,yesno,,1721,uppdae,,"Was there any Unanticipated Problems, Protocol Deviations or Adverse Event's that occurred or were associated with this participant?",4158959,,Serious reportable event,Observation,SNOMED,Event,S,370894009,,0.5,,
disposition,yesno,,1724,eos_ds,,Did the subject complete the study?,40482840,,Completion of clinical trial,Condition,SNOMED,Clinical Finding,S,443729008,,0.5,,
disposition,text,,1730,eos_dsstdat,,What was the study discontinuation or completion date?,44810922,,Participation in research study completed,Observation,SNOMED,Observation,s,8.71441E+14,,0.5,,
substance_use_survey,dropdown,susmkdosfr,2011,41,susmkdosfr_41,41-50 (up to 2.5 packs),45884478,,31 or more (3 points),Meas Value,LOINC,Answer,S,LA15915-4,,1,,
substance_use_survey,dropdown,susmkdosfr,2012,51,susmkdosfr_51,More than 50 (3 or more packs),45884478,,31 or more (3 points),Meas Value,LOINC,Answer,S,LA15915-4,,1,,
substance_use_survey,dropdown,subrdosfr,2025,22,subrdosfr_22,22 to 28,45876700,,14 drinks or more a week,Meas Value,LOINC,Answer,S,LA14679-7,,1,,
substance_use_survey,dropdown,subrdosfr,2026,29,subrdosfr_29,29 to 35,45876700,,14 drinks or more a week,Meas Value,LOINC,Answer,S,LA14679-7,,1,,
substance_use_survey,dropdown,subrdosfr,2027,36,subrdosfr_36,36 or more,45876700,,14 drinks or more a week,Meas Value,LOINC,Answer,S,LA14679-7,,1,,
substance_use_survey,dropdown,suwndosfr,2033,21,suwndosfr_21,21-25 (5 bottles),45876700,,14 drinks or more a week,Meas Value,LOINC,Answer,S,LA14679-7,,1,,
retinal_imaging_v2,yesno,,,rtma_osw,,M2-3D Wide(H) 12x9-OCT,45885156,,"Device or Medical/Surgical Supply, including Health Information Technology (HIT)",Meas Value,LOINC,Answer,S,LA20770-6,,0.5,,
retinal_imaging_v2,yesno,,,rtma_osm,,M2-3D Macula 6x6-OCT,45885156,,"Device or Medical/Surgical Supply, including Health Information Technology (HIT)",Meas Value,LOINC,Answer,S,LA20770-6,,0.5,,
retinal_imaging_v2,yesno,,,rtma_osm1,,M2-Mac 6x6-360x360-(rep3)-OCTA,45885156,,"Device or Medical/Surgical Supply, including Health Information Technology (HIT)",Meas Value,LOINC,Answer,S,LA20770-6,,0.5,,
retinal_imaging_v2,yesno,,,rttr_osr,,Triton-3D(H)+Radial 12x9-OCT,45885156,,"Device or Medical/Surgical Supply, including Health Information Technology (HIT)",Meas Value,LOINC,Answer,S,LA20770-6,,0.5,,
retinal_imaging_v2,yesno,,,rttr_osm1,,Triton-Macula 6x6-OCTA,45885156,,"Device or Medical/Surgical Supply, including Health Information Technology (HIT)",Meas Value,LOINC,Answer,S,LA20770-6,,0.5,,
retinal_imaging_v2,yesno,,,rttr_osm2,,Triton-Macula 12x12-OCTA,45885156,,"Device or Medical/Surgical Supply, including Health Information Technology (HIT)",Meas Value,LOINC,Answer,S,LA20770-6,,0.5,,
device_return,radio,dvamwenhand,,dvamwenhand,,Physical Activity Monitor was worn on which wrist?,40768904,,Which hand [PhenX],Observation,LOINC,Clinical Observation,S,66226-2,,0.5,,
physical_assessment,checkbox,,1478,pacmpyn,,,4216060,,Physical assessment,Procedure,SNOMED,Procedure,S,81375008,,,,
substance_use_survey,dropdown,suwndosfr,2034,26,suwndosfr_26,26-30 (6 bottles),45876700,,14 drinks or more a week,Meas Value,LOINC,Answer,S,LA14679-7,,1,,
substance_use_survey,dropdown,suwndosfr,2035,31,suwndosfr_31,31-35 (7 bottles),45876700,,14 drinks or more a week,Meas Value,LOINC,Answer,S,LA14679-7,,1,,
substance_use_survey,dropdown,suwndosfr,2036,35,suwndosfr_35,More than 36 (greater than 7 bottles),45876700,,14 drinks or more a week,Meas Value,LOINC,Answer,S,LA14679-7,,1,,
substance_use_survey,dropdown,suvptoage,2060,98,suvptoage_98,More than 20 years,903655,,Electronic cigarette smoker,Clinical Finding,OMOP Extension,Clinical Finding,S,OMOP5181836,,0.25,,
substance_use_survey,dropdown,sumrjceddur,2075,98,sumrjceddur_98,More than 50 years,4010847,,Age more than 50 years,Condition,SNOMED,Clinical Finding,S,102524005,,0.75,,
paid5_dm_survey,radio,paid_scrd,2118,0,paid_scrd_0,Not a problem,45878810,,No apparent problem,Meas Value,LOINC,Answer,S,LA9619-3,,0.5,,
paid5_dm_survey,radio,paid_scrd,2119,1,paid_scrd_1,Minor problem,45881304,,Potential problem,Meas Value,LOINC,Answer,S,LA9618-5,,0.5,,
paid5_dm_survey,radio,paid_scrd,2120,2,paid_scrd_2,Moderate problem,45881304,,Potential problem,Meas Value,LOINC,Answer,S,LA9618-5,,0.5,,
paid5_dm_survey,radio,paid_scrd,2121,3,paid_scrd_3,Somewhat serious problem,45884351,,Problem,Meas Value,LOINC,Answer,S,LA9617-7,,0.5,,
paid5_dm_survey,radio,paid_scrd,2122,4,paid_scrd_4,Serious problem,45884351,,Problem,Meas Value,LOINC,Answer,S,LA9617-7,,0.5,,
consent_survey,text,,1081,icfsvyts,,Consent Survey Start Timestamp,1988422,,Time to complete survey,Observation,LOINC,Survey,S,99423-6,,,,
consent_survey,text,,1082,icfcmpts,,Consent Survey Completed Timestamp,1988422,,Time to complete survey,Observation,LOINC,Survey,S,99423-6,,,,
current_medications,text,,1476,cmtrt,,RxNorm (assign after visit),,,,,,,,,,,,
current_medications,dropdown,,1474,cmdosu,,"Unit (Record the dose unit of the dose of concomitant medication/treatment/therapy taken (e.g., mg.)).",,,,,,,,,,,,
current_medications,dropdown,cmdosu,3018,13,cmdosu_13,Puff,45758813,,Metered dose inhaler,Device,SNOMED,Physical Object,S,463710006,,0.75,,
demographics_survey,text,,1117,dmgstartts,,Demographics Survey Started Timestamp (from REDCap),1988422,,Time to complete survey,Observation,LOINC,Survey,S,99423-6,,0.5,,
demographics_survey,text,,1118,dmgcmpts,,Demograhics Survey Completed Timestamp (from REDCap),1988422,,Time to complete survey,Observation,LOINC,Survey,S,99423-6,,0.5,,
device_distribution,yesno,,1433,dvamwyn,,Was the activity monitor/watch sent home with the participant?,42528781,,Wearable device external physiologic monitoring panel,Meas Value,LOINC,Clinical Observation,S,82611-5,,0.5,,
device_distribution,notes,,1436,dvamwreasn,,"If participant did not receive a device , please explain why:",44788487,,Procedure not completed,Observation,OMOP,Context-dependent,S,1.78291E+14,,0.5,,
device_distribution,yesno,,1439,dvcgmyn,,Was the sensor inserted?,42528781,,Wearable device external physiologic monitoring panel,Meas Value,LOINC,Clinical Observation,S,82611-5,,0.5,,
device_distribution,notes,,1442,dvcgmreasn,,"If sensor was not inserted, please explain why:",44788487,,Procedure not completed,Observation,OMOP,Context-dependent,S,1.78291E+14,,0.5,,
device_distribution,text,,1443,dvcgmstcrcid,,Interviewer code (insertion and initializing),none - OPS,,,,,,,N/A - operational variable,,,,
device_distribution,yesno,,1445,dvcgmvrfy,,Did you verify that the Dexcom sensor was initialized and recording?,42528781,,Wearable device external physiologic monitoring panel,Meas Value,LOINC,Clinical Observation,S,82611-5,,0.5,,
device_distribution,yesno,,1446,dvenvyn,,Was the environmental sensor sent home with the participant?,42528781,,Wearable device external physiologic monitoring panel,Meas Value,LOINC,Clinical Observation,S,82611-5,,0.5,,
device_distribution,radio,,1453,dvrtmthd,,Planned method of device return,4129438,,Method,Observation,SNOMED,Attribute,S,260686004,,0.5,,
device_distribution,yesno,,1454,dvrtnyn,,Was the participant given return instructions sheet and shipping box?,4180631,,Medical equipment or device education,Procedure,SNOMED,Procedure,S,362978005,,0.5,,
device_distribution,radio,dvenvcrcid,2945,1,dvenvcrcid_1,Demonstration of use performed,4254480,,Education,Procedure,SNOMED,Procedure,S,409073007,,0.5,,
device_distribution,radio,dvenvcrcid,2946,2,dvenvcrcid_2,Demonstration of use NOT performed,4254480,,Education,Procedure,SNOMED,Procedure,S,409073007,,0.25,,
device_return,text,,1708,dvamwendat,,Date device received back from participant,4256607,,Date,Observation,SNOMED,Observation,s,410671006,,0.5,,
device_return,yesno,,1715,dvcgmdwnd,,Data downloaded from transmitter? Data downloaded/retrieved from device?,42528781,,Wearable device external physiologic monitoring panel,Meas Value,LOINC,Clinical Observation,S,82611-5,,0.5,,
dietary_survey,radio,diet1,2183,0,diet1_0,Less than 1 time,45882431,,1 time per week,Meas Value,LOINC,Answer,S,LA13829-9,,0.75,,
dietary_survey,radio,diet1,2184,1,diet1_1,1 - 3 times,46237352,,1-2 times,Meas Value,LOINC,Answer,S,LA23695-2,,1,,
dietary_survey,radio,diet2,2187,0,diet2_0,5 or more,21499051,,5 or more times,Meas Value,LOINC,Answer,S,LA26057-2,,0.75,,
dietary_survey,radio,diet2,2189,2,diet2_2,2 or less,45884526,,2-Jan,Meas Value,LOINC,Answer,S,LA14352-1,,0.75,,
dietary_survey,radio,diet4,2195,0,diet4_0,Less than 1,45882431,,1 time per week,Meas Value,LOINC,Answer,S,LA13829-9,,0.75,,
dietary_survey,radio,diet6,2203,0,diet6_0,1 time or less,45882431,,1 time per week,Meas Value,LOINC,Answer,S,LA13829-9,,0.75,,
ophthalmic_survey,radio,via4,2239,3,via4_3,Within the past 2 years (1 year but less than 2 years ago),45876410,,More than 12 months ago but within the past 3 years,Meas Value,LOINC,Answer,S,LA15790-1,,1,,
ophthalmic_survey,radio,via5,2242,1,via5_1,Cost/Insurance,46237671,,Insurance,Meas Value,LOINC,Answer,S,LA21462-9,,1,,
ophthalmic_survey,radio,via5,2243,2,via5_2,Do not have/know an eye doctor,45883792,,Do not,Meas Value,LOINC,Answer,S,LA14426-3,,0.5,,
ophthalmic_survey,radio,via5,2244,3,via5_3,"Cannot get to the office/clinic (too far away, no transportation)",36309220,,Transportation limitations,Meas Value,LOINC,Answer,S,LA28319-4,,0.5,,
ophthalmic_survey,radio,via5,2245,4,via5_4,Could not get an appointment,1989310,,Missed scheduled appointment with healthcare provider in past Mo,Observation,LOINC,Clinical Observation,S,98867-5,,0,,
ophthalmic_survey,radio,via5,2246,5,via5_5,No reason to go (no problem),45878810,,No apparent problem,Meas Value,LOINC,Answer,S,LA9619-3,,0.75,,
ophthalmic_survey,radio,via5,2247,6,via5_6,Have not thought of it,45878810,,No apparent problem,Meas Value,LOINC,Answer,S,LA9619-3,,0.5,,
px_sdoh_combined_survey,radio,pxji1,2296,5,pxji1_5,Will be leaving labor force voluntarily,45877709,,Unemployed,Meas Value,LOINC,Answer,S,LA17956-6,,0.5,,
px_sdoh_combined_survey,radio,pxhic1,2335,1,pxhic1_1,Covered,46237671,,Insurance,Meas Value,LOINC,Answer,S,LA21462-9,,0.5,,
px_sdoh_combined_survey,radio,pxhic8,2363,0,pxhic8_0,I do NOT have health insurance,45881114,,Not Covered by Insurance,Meas Value,LOINC,Answer,S,LA10041-4,,0.75,,
px_sdoh_combined_survey,radio,pxhic8,2364,1,pxhic8_1,I HAVE some kind of health insurance,46237671,,Insurance,Meas Value,LOINC,Answer,S,LA21462-9,,0.5,,
px_sdoh_combined_survey,radio,pxahc1,2371,5,pxahc1_5,Within the last 10 years (5 years but less than 10 years ago),45884538,,More than 5 years,Meas Value,LOINC,Answer,S,LA14769-6,,0.75,,
px_sdoh_combined_survey,radio,pxahc4,2389,0,pxahc4_0,There is NO place,,,Health encounter sites (environment),,SNOMED,,,394777002,,0.25,,
px_sdoh_combined_survey,radio,pxahc4,2390,2,pxahc4_2,There is MORE THAN ONE place,,,Health encounter sites (environment),,SNOMED,,,394777002,,0.25,,
px_sdoh_combined_survey,radio,pxahc5,2393,1,pxahc5_1,A doctor's office or health center,36309375,,Doctor's office,Meas Value,LOINC,Answer,S,LA26177-8,,1,,
px_sdoh_combined_survey,radio,pxahc5,2394,2,pxahc5_2,"Walk-in clinic, urgent care center, or retail clinic in a pharmacy or grocery store",1990187,,Urgent Care Center,Meas Value,LOINC,Answer,S,LA24179-6,,1,,
px_sdoh_combined_survey,radio,pxahc5,2396,4,pxahc5_4,A VA Medical Center or VA outpatient clinic,36309555,,Hospital outpatient clinic,Meas Value,LOINC,Answer,S,LA26180-2,,0.75,,
px_sdoh_combined_survey,radio,pxahc5,2398,6,pxahc5_6,Does not go to one place most often,,,Health encounter sites (environment),,SNOMED,,,394777002,,0.25,,
px_sdoh_combined_survey,dropdown,pxahc6,2402,1,pxahc6_1,1 - 10 times,45876834,,10-Jan,Meas Value,LOINC,Answer,S,LA14422-2,,0.5,,
px_sdoh_combined_survey,dropdown,pxahc6,2403,2,pxahc6_2,11 - 19 times,46237301,,More than 10 times,Meas Value,LOINC,Answer,S,LA23703-4,,0.75,,
px_sdoh_combined_survey,dropdown,pxahc6,2404,3,pxahc6_3,20 - 29 times,46237301,,More than 10 times,Meas Value,LOINC,Answer,S,LA23703-4,,0.5,,
px_sdoh_combined_survey,dropdown,pxahc6,2405,4,pxahc6_4,30 - 39 times,46237301,,More than 10 times,Meas Value,LOINC,Answer,S,LA23703-4,,0.5,,
px_sdoh_combined_survey,dropdown,pxahc6,2406,5,pxahc6_5,40 - 49 times,46237301,,More than 10 times,Meas Value,LOINC,Answer,S,LA23703-4,,0.5,,
px_sdoh_combined_survey,dropdown,pxahc6,2407,6,pxahc6_6,50 or more times,45884714,,More than 50,Meas Value,LOINC,Answer,S,LA15343-9,,0.5,,
px_neighborhood_environment_survey,radio,pxne4,2523,88,pxne4_88,Does not apply to my neighborhood,45879146,,Does not apply,Meas Value,LOINC,Answer,S,LA14452-9,,0.75,,
px_neighborhood_environment_survey,radio,pxne8,2549,88,pxne8_88,There are no streets or roads in my neighborhood,129685008,,Neighborhood / workplace safety finding,Observation,SNOMED,Clinical Finding,S,129685008,,0.25,,
px_neighborhood_environment_survey,dropdown,pxne11,2565,6,pxne11_6,6 or more,45879188,,6 or more times,Meas Value,LOINC,Answer,S,LA14674-8,,0.75,,
driving_record,radio,dri2,2937,1,dri2_1,5000 miles or less,4151655,,Driving assessment,Procedure,SNOMED,Procedure,S,310859004,,0,,
driving_record,radio,dri2,2938,2,dri2_2,"5001 to 10,000 miles",4151655,,Driving assessment,Procedure,SNOMED,Procedure,S,310859004,,0,,
driving_record,radio,dri2,2939,3,dri2_3,"10,001 to 15.000 miles",4151655,,Driving assessment,Procedure,SNOMED,Procedure,S,310859004,,0,,
driving_record,radio,dri2,2940,4,dri2_4,"15,001 to 20,000 miles",4151655,,Driving assessment,Procedure,SNOMED,Procedure,S,310859004,,0,,
driving_record,radio,dri2,2941,5,dri2_5,"More than 20,000 miles",4151655,,Driving assessment,Procedure,SNOMED,Procedure,S,310859004,,0,,
device_return,yesno,,1720,dvenvdwnd,,Data downloaded from device?,42528781,,Wearable device external physiologic monitoring panel,Meas Value,LOINC,Clinical Observation,S,82611-5,,0.5,,
diabetes_survey,radio,,1224,dmlvex,,"In a typical week, how often do you engage in vigorous exercise? (Examples: hiking, jogging at 6 mph, shoveling, carrying heavy loads, bicycling fast (14-16 mph), playing basketball, playing soccer, playing tennis, or any activity during which you cannot say more than a few words without taking a breath)",4248672,,Physical activity target strenuous exercise,Condition,SNOMED,Clinical Finding,S,408579009,,0.5,,
diabetes_survey,radio,,1226,dmlhex,,"How often would you say that you engage in daily home exercise? (Examples: stretching, calisthenics, or yoga)",4037807,,Home exercise program,Observation,SNOMED,Procedure,S,229075007,,0.75,,
disposition,radio,uppdaeot2,3345,999,uppdaeot2_999,Not an Adverse Event,45884383,,Adverse event,Meas Value,LOINC,Answer,S,LA7266-5,,0.75,,
disposition,radio,eos_dsdecod,3346,1,eos_dsdecod_1,Did not meet Inclusion/Exclusion criteria,36310644,,Does not meet diagnostic threshold,Meas Value,LOINC,Answer,S,LA24349-5,,0.5,,
disposition,radio,eos_dsdecod,3348,3,eos_dsdecod_3,Withdrawal by Subject,36662359,,Person refused.,Meas Value,LOINC,Answer,S,LA30915-5,,0.5,,
disposition,radio,eos_dsdecod,3349,4,eos_dsdecod_4,Geographic Inaccessibility,4081426,,Residence remote from medical care,Observation,SNOMED,Context-dependent,S,183928007,,0.5,,
disposition,radio,eos_dsdecod,3351,6,eos_dsdecod_6,Currently enrolled in a conflicting study,4204933,,Research administrative status,Observation,SNOMED,Clinical Finding,S,309032007,,0.25,,
disposition,radio,eos_dsdecod,3354,9,eos_dsdecod_9,Protocol Deviation,4204933,,Research administrative status,Observation,SNOMED,Clinical Finding,S,309032007,,0.25,,
disposition,checkbox,eos_dsdecodie,3356,1,eos_dsdecodie_1,Individual was under age 40,1620925,,Under 45 years,Meas Value,LOINC,Answer,S,LA31987-3,,0.75,,
disposition,checkbox,eos_dsdecodie,3358,3,eos_dsdecodie_3,Individual is not needed at this time for recruitment goals,40480675,,Does not meet eligibility criteria for clinical trial,Observation,SNOMED,Clinical Finding,S,444734003,,0.25,,
disposition,checkbox,eos_dsdecodie,3359,4,eos_dsdecodie_4,Individual had Type 1 Diabetes,45883360,,Diabetes Type 1,Meas Value,LOINC,Answer,S,LA10551-2,,0.75,,
disposition,radio,eos_dsvst,3363,2,eos_dsvst_2,In Person (Baseline),764337,,In-person encounter,Observation,SNOMED,Procedure,S,4.53701E+14,,0.5,,
retinal_imaging_v2,yesno,,,rtop_odd,,OptoMed-Disc centered-CFP,45885156,,"Device or Medical/Surgical Supply, including Health Information Technology (HIT)",Meas Value,LOINC,Answer,S,LA20770-6,,0.5,,
retinal_imaging_v2,yesno,,,rtop_odm,,OptoMed-Mac centered-CFP,45885156,,"Device or Medical/Surgical Supply, including Health Information Technology (HIT)",Meas Value,LOINC,Answer,S,LA20770-6,,0.5,,
retinal_imaging_v2,yesno,,,rtei_odir,,Eidon-UWF Central-IR,45885156,,"Device or Medical/Surgical Supply, including Health Information Technology (HIT)",Meas Value,LOINC,Answer,S,LA20770-6,,0.5,,
retinal_imaging_v2,yesno,,,rtei_odfaf,,Eidon-UWF Central-FAF,45885156,,"Device or Medical/Surgical Supply, including Health Information Technology (HIT)",Meas Value,LOINC,Answer,S,LA20770-6,,0.5,,
retinal_imaging_v2,yesno,,,rtsm_odc,,Eidon-UWF Central-CFP,45885156,,"Device or Medical/Surgical Supply, including Health Information Technology (HIT)",Meas Value,LOINC,Answer,S,LA20770-6,,0.5,,
retinal_imaging_v2,yesno,,,rtsm_odn,,Eidon-UWF Nasal-CFP,45885156,,"Device or Medical/Surgical Supply, including Health Information Technology (HIT)",Meas Value,LOINC,Answer,S,LA20770-6,,0.5,,
retinal_imaging_v2,yesno,,,rtsm_odt,,Eidon-UWF Temporal-CFP,45885156,,"Device or Medical/Surgical Supply, including Health Information Technology (HIT)",Meas Value,LOINC,Answer,S,LA20770-6,,0.5,,
retinal_imaging_v2,yesno,,,rtsm_odm,,Eidon-Create Mosaic Image-CFP,45885156,,"Device or Medical/Surgical Supply, including Health Information Technology (HIT)",Meas Value,LOINC,Answer,S,LA20770-6,,0.5,,
retinal_imaging_v2,yesno,,,rtso_odo,,Spec-ONH-RC-HR-OCT,45885156,,"Device or Medical/Surgical Supply, including Health Information Technology (HIT)",Meas Value,LOINC,Answer,S,LA20770-6,,0.5,,
retinal_imaging_v2,yesno,,,rtso_odp,,Spec-PPole Mac-HR-61 lines-OCT,45885156,,"Device or Medical/Surgical Supply, including Health Information Technology (HIT)",Meas Value,LOINC,Answer,S,LA20770-6,,0.5,,
retinal_imaging_v2,yesno,,,rtso_odm,,Spec-Mac-20x20-HS-512 lines-OCTA,45885156,,"Device or Medical/Surgical Supply, including Health Information Technology (HIT)",Meas Value,LOINC,Answer,S,LA20770-6,,0.5,,
retinal_imaging_v2,yesno,,,rtci_odm1,,Cirrus-Mac Cube-512x128-OCT,45885156,,"Device or Medical/Surgical Supply, including Health Information Technology (HIT)",Meas Value,LOINC,Answer,S,LA20770-6,,0.5,,
retinal_imaging_v2,yesno,,,rtci_odd1,,Cirrus-Disc Cube-200x200-OCT,45885156,,"Device or Medical/Surgical Supply, including Health Information Technology (HIT)",Meas Value,LOINC,Answer,S,LA20770-6,,0.5,,
retinal_imaging_v2,yesno,,,rtci_odm2,,Cirrus-Macula 6x6-OCTA,45885156,,"Device or Medical/Surgical Supply, including Health Information Technology (HIT)",Meas Value,LOINC,Answer,S,LA20770-6,,0.5,,
retinal_imaging_v2,yesno,,,rtci_odd2,,Cirrus-Disc 6x6-OCTA,45885156,,"Device or Medical/Surgical Supply, including Health Information Technology (HIT)",Meas Value,LOINC,Answer,S,LA20770-6,,0.5,,
retinal_imaging_v2,yesno,,,rtfl_od,,FLIO-Mac-HS,45885156,,"Device or Medical/Surgical Supply, including Health Information Technology (HIT)",Meas Value,LOINC,Answer,S,LA20770-6,,0.5,,
diabetes_survey,radio,,1227,dmlsugar,,"When reflecting on your typical eating habits, which of the following options best describes how often you consume simple sugars?",46272478,,Assessment of eating and drinking behavior,Procedure,SNOMED,Procedure,S,710848001,,0.25,,
diabetes_survey,radio,,1228,dmlgrain,,"In a typical day, how often do you consume whole grains? (Examples: include whole wheat, brown bread, or brown rice).",46272478,,Assessment of eating and drinking behavior,Procedure,SNOMED,Procedure,S,710848001,,0.25,,
diabetes_survey,radio,,1231,dmledu,,"How often would you say that you engage in diabetes health education? (Examples: consulting with a dietician, attending support groups, reading books on diabetes, using diabetes-focused websites, watching TV shows on health, or using health-focused apps on your phone or tablet)",4135171,,Diabetes self-monitoring health education,Procedure,SNOMED,Procedure,S,398773005,,0.75,,
diabetes_survey,radio,,1232,dmlfeet,,How often do you inspect your feet?,608849,,Inspection of foot,Procedure,SNOMED,Procedure,S,4.7251E+13,,0.75,,
diabetes_survey,radio,,1233,dmlmd,,Which of the following options best describes you with respect to physician care and medications?,4251597,,Assessment of compliance with medical regimen,Procedure,SNOMED,Procedure,S,410119004,,0.5,,
diabetes_survey,text,,1234,dmlstartts,,Diabetes Survey Started Timestamp (from REDCap),1988422,,Time to complete survey,Observation,LOINC,Survey,S,99423-6,,0.5,,
diabetes_survey,text,,1235,dmlcmpts,,Diabetes Survey Completed Timestamp (from REDCap),1988422,,Time to complete survey,Observation,LOINC,Survey,S,99423-6,,0.5,,
diabetes_survey,radio,dmlvex,2143,10,dmlvex_10,At least 30 minutes daily 3 or more days a week,45876950,,3 or more days,Meas Value,LOINC,Answer,S,LA14480-0,,0.25,,
diabetes_survey,radio,dmlvex,2144,5,dmlvex_5,Less than 30 minutes daily less than 3 days a week,4100948,,Infrequent,Observation,SNOMED,Qualifier Value,S,27789000,,0,,
diabetes_survey,radio,dmlact,2147,10,dmlact_10,"Active (stairs, walks, housework)",45883573,,Active,Meas Value,LOINC,Answer,S,LA16666-2,,1,,
diabetes_survey,radio,dmlact,2148,5,dmlact_5,Somewhat active,1990229,,Low active,Meas Value,LOINC,Answer,S,LA32776-9,,0.75,,
diabetes_survey,radio,dmlact,2149,0,dmlact_0,"Not Active (TV, computer, phone, use lifts)",1990276,,Sedentary,Meas Value,LOINC,Answer,S,LA32775-1,,0.75,,
diabetes_survey,radio,dmlhex,2151,10,dmlhex_10,Doing daily or almost daily,45879676,,Daily or almost daily,Meas Value,LOINC,Answer,S,LA18934-2,,1,,
diabetes_survey,radio,dmlhex,2152,5,dmlhex_5,Irregular; once or twice a week,42530680,,Once or twice a week,Meas Value,LOINC,Answer,S,LA26457-4,,1,,
diabetes_survey,radio,dmlsugar,2155,10,dmlsugar_10,Rarely eat sweets,45876672,,Rarely,Meas Value,LOINC,Answer,S,LA10066-1,,1,,
diabetes_survey,radio,dmlsugar,2156,5,dmlsugar_5,Occasionally eat sweets,45879593,,Occasionally,Meas Value,LOINC,Answer,S,LA6483-7,,1,,
diabetes_survey,radio,dmlsugar,2157,0,dmlsugar_0,Frequently eat sweets,45883983,,Frequently,Meas Value,LOINC,Answer,S,LA6482-9,,1,,
diabetes_survey,radio,dmlgrain,2159,10,dmlgrain_10,Usually eat whole grain,45882948,,Usually,Meas Value,LOINC,Answer,S,LA14747-2,,1,,
diabetes_survey,radio,dmlgrain,2160,5,dmlgrain_5,Rarely eat whole grain,45876672,,Rarely,Meas Value,LOINC,Answer,S,LA10066-1,,1,,
diabetes_survey,radio,dmlgrain,2161,0,dmlgrain_0,Usually eat white bread or white rice,45882948,,Usually,Meas Value,LOINC,Answer,S,LA14747-2,,1,,
diabetes_survey,radio,dmlpor,2163,10,dmlpor_10,Eat small portions and avoid second servings,45879464,,I eat much less than usual and only with personal effort,Meas Value,LOINC,Answer,S,LA14830-6,,0.5,,
diabetes_survey,radio,dmlpor,2164,5,dmlpor_5,Occasionally limit portions,45879593,,Occasionally,Meas Value,LOINC,Answer,S,LA6483-7,,0.75,,
diabetes_survey,radio,dmlpor,2165,0,dmlpor_0,Rarely or none; eat at buffets and restaurants with large portions,45876672,,Rarely,Meas Value,LOINC,Answer,S,LA10066-1,,0.75,,
diabetes_survey,radio,dmlfrveg,2167,10,dmlfrveg_10,4-5 servings or pieces of fruits and raw vegetables per day,45882430,,4-5 times per day,Meas Value,LOINC,Answer,S,LA13856-2,,0.75,,
diabetes_survey,radio,dmlfrveg,2168,5,dmlfrveg_5,1-3 servings or pieces per day,21498536,,1-3 times per day,Meas Value,LOINC,Answer,S,LA25000-3,,0.75,,
diabetes_survey,radio,dmledu,2171,10,dmledu_10,"Regularly; at least monthly (dietician, support groups, books, websites, apps)",45879060,,Monthly,Meas Value,LOINC,Answer,S,LA18876-5,,0.75,,
diabetes_survey,radio,dmledu,2172,5,dmledu_5,Occasionally; every 2-3 months,45879593,,Occasionally,Meas Value,LOINC,Answer,S,LA6483-7,,1,,
diabetes_survey,radio,dmlmd,2179,10,dmlmd_10,3 or more visits a year to the same doctor. Regular with medicines.,45878438,,3 or more,Meas Value,LOINC,Answer,S,LA19812-9,,0.75,,
diabetes_survey,radio,dmlmd,2180,5,dmlmd_5,1-2 visits a year. Forgetting medicines frequently.,46237352,,1-2 times,Meas Value,LOINC,Answer,S,LA23695-2,,0.75,,
diabetes_survey,radio,dmlmd,2181,0,dmlmd_0,Rarely or none. Not taking 1 or more recommended medicines,45883771,,Rarely or never,Meas Value,LOINC,Answer,S,LA15665-5,,1,,
meds_assessment,radio,,1467,cmotyn,,"Are there any other medications that you are currently taking that are not included here? This includes prescription or over-the-counter medications, vitamins and herbal supplements.",,,,,,,,,,,,
bcva,calc,,1515,viaodmscore,,Mesopic LogMAR OD Score,3036966,,Visual acuity log MAR Eye - right,Measurement,LOINC,Clinical Observation,S,6616-7,,0.5,2,"1=Photopic, 2=Mesopic"
bcva,calc,,1516,viaosmscore,,Mesopic LogMAR OS Score,3037488,,Visual acuity log MAR Eye - left,Measurement,LOINC,Clinical Observation,S,6617-5,,0.5,2,"1=Photopic, 2=Mesopic"
photopic_mars,text,,1530,plcsodfcl,,OD: Value of final correct letter,4256483,,Contrast sensitivity test,Procedure,SNOMED,Procedure,S,410566008,,0.25,2,"1=Photopic, left eye; 2=Photopic, right eye; 3=Photopic, binocular"
photopic_mars,text,,1531,plcsodmiss,,OD: Number of misses prior to stopping,4256483,,Contrast sensitivity test,Procedure,SNOMED,Procedure,S,410566008,,0.25,2,"1=Photopic, left eye; 2=Photopic, right eye, 3=Photopic, binocular"
photopic_mars,text,,1542,plcsosfcl,,OS: Value of final correct letter,4256483,,Contrast sensitivity test,Procedure,SNOMED,Procedure,S,410566008,,0.25,1,"1=Photopic, left eye; 2=Photopic, right eye; 3=Photopic, binocular"
photopic_mars,text,,1543,plcsosmiss,,OS: Number of misses prior to stopping,4256483,,Contrast sensitivity test,Procedure,SNOMED,Procedure,S,410566008,,0.25,1,"1=Photopic, left eye; 2=Photopic, right eye, 3=Photopic, binocular"
photopic_mars,text,,1554,plcsoufcl,,OU: Value of final correct letter,4256483,,Contrast sensitivity test,Procedure,SNOMED,Procedure,S,410566008,,0.25,3,"1=Photopic, left eye; 2=Photopic, right eye; 3=Photopic, binocular"
photopic_mars,text,,1555,plcsoumiss,,OU: Number of misses prior to stopping,4256483,,Contrast sensitivity test,Procedure,SNOMED,Procedure,S,410566008,,0.25,3,"1=Photopic, left eye; 2=Photopic, right eye; 3=Photopic, binocular"
MOCA (Version 8.1),,,,sec,,seconds,,,,measurement,,,,,,,,
MOCA (Version 8.1),,,,,,,,,,observation,,,,,,,,
