concept_id_1,SRC_CODE,concept_id_2,concept_name,vocabulary_id_1,relationship_id,temp name,temp domain,vocabulary_id_2,temp class,concept_code_2,temp standard,relationship_valid_start_date,relationship_valid_end_date,invalid_reason,confidence,predicate_id,mapping_source,mapping_justification,mapping_tool,Notes,source
2005200042,viaodplog,21491740,VA Letter Score - Photopic VA - OD,AIREADI-Vision,,Visual acuity best corrected Right eye by ETDRS eye chart,Measurement,LOINC,Clinical Observation,79876-9,S,,,,,,,,,,RedCap
2005200043,viaosplog,21491741,VA Letter Score - Photopic VA - OS,AIREADI-Vision,,Visual acuity best corrected Left eye by ETDRS eye chart,Measurement,LOINC,Clinical Observation,79877-7,S,,,,,,,,,,RedCap
2005200052,viaodpscore,3036966,Photopic LogMAR OD Score,AIREADI-Vision,,Visual acuity log MAR Eye - right,Measurement,LOINC,Clinical Observation,6616-7,S,,,,,,,,,,RedCap
2005200053,viaospscore,3037488,Photopic LogMAR OS Score,AIREADI-Vision,,Visual acuity log MAR Eye - left,Measurement,LOINC,Clinical Observation,6617-5,S,,,,,,,,,,RedCap
2005200056,viaodmlog,21491740,LLVA Letter Score - Mesopic VA - OD,AIREADI-Vision,,Visual acuity best corrected Right eye by ETDRS eye chart,Measurement,LOINC,Clinical Observation,79876-9,S,,,,,,,,,,RedCap
2005200057,viaosmlog,21491741,LLVA Letter Score - Mesopic VA - OS,AIREADI-Vision,,Visual acuity best corrected Left eye by ETDRS eye chart,Measurement,LOINC,Clinical Observation,79877-7,S,,,,,,,,,,RedCap
2005200336,viaodmscore,3036966,Mesopic LogMAR OD Score,AIREADI-Vision,,Visual acuity log MAR Eye - right,Measurement,LOINC,Clinical Observation,6616-7,S,,,,,,,,,,RedCap
2005200337,viaosmscore,3037488,Mesopic LogMAR OS Score,AIREADI-Vision,,Visual acuity log MAR Eye - left,Measurement,LOINC,Clinical Observation,6617-5,S,,,,,,,,,,RedCap
2005200012,viaodpsf,21491744,Snellen fraction - Photopic VA - OD,AIREADI-Vision,,Visual acuity best corrected Right eye by Snellen eye chart,Measurement,LOINC,Clinical Observation,79880-1,S,,,,,,,,,,RedCap
2005200013,viaospsf,21491745,Snellen fraction - Photopic VA - OS,AIREADI-Vision,,Visual acuity best corrected Left eye by Snellen eye chart,Measurement,LOINC,Clinical Observation,79881-9,S,,,,,,,,,,RedCap
2005200054,viaodmsf,21491744,Snellen fraction - Mesopic VA - OD,AIREADI-Vision,,Visual acuity best corrected Right eye by Snellen eye chart,Measurement,LOINC,Clinical Observation,79880-1,S,,,,,,,,,,RedCap
2005200055,viaosmsf,21491745,Snellen fraction - Mesopic VA - OS,AIREADI-Vision,,Visual acuity best corrected Left eye by Snellen eye chart,Measurement,LOINC,Clinical Observation,79881-9,S,,,,,,,,,,RedCap
2005200058,1,21495306,EVA,AIREADI-Vision,,Type of Visual acuity exam method,Measurement,LOINC,Clinical Observation,79908-0,S,,,,,,,,,,RedCap
2005200486,mlcsodfcl,4256483,"OD: Value of final correct letter - Mesopic, right eye",AIREADI-Vision,,Contrast sensitivity test,Procedure,SNOMED,Procedure,410566008,S,,,,,,,,,,RedCap
2005200487,mlcsodmiss,4256483,"OD: Number of misses prior to stopping - Mesopic, right eye",AIREADI-Vision,,Contrast sensitivity test,Procedure,SNOMED,Procedure,410566008,S,,,,,,,,,,RedCap
2005200552,mlcsodlog,4090077,"OD: Log Contrast Sensitivity - Mesopic, right eye",AIREADI-Vision,,Contrast sensitivity,Measurement,SNOMED,Observable Entity,251686008,S,,,,,,,,,,RedCap
2005200488,mlcsosfcl,4256483,"OS: Value of final correct letter - Mesopic, left eye",AIREADI-Vision,,Contrast sensitivity test,Procedure,SNOMED,Procedure,410566008,S,,,,,,,,,,RedCap
2005200489,mlcsosmiss,4256483,"OS: Number of misses prior to stopping - Mesopic, left eye",AIREADI-Vision,,Contrast sensitivity test,Procedure,SNOMED,Procedure,410566008,S,,,,,,,,,,RedCap
2005200553,mlcsoslog,4090077,"OS: Log Contrast Sensitivity - Mesopic, left eye",AIREADI-Vision,,Contrast sensitivity,Measurement,SNOMED,Observable Entity,251686008,S,,,,,,,,,,RedCap
2005200338,plcsodfcl,4256483,"OD: Value of final correct letter - Photopic, right eye",AIREADI-Vision,,Contrast sensitivity test,Procedure,SNOMED,Procedure,410566008,S,,,,,,,,,,RedCap
2005200339,plcsodmiss,4256483,"OD: Number of misses prior to stopping - Photopic, right eye",AIREADI-Vision,,Contrast sensitivity test,Procedure,SNOMED,Procedure,410566008,S,,,,,,,,,,RedCap
2005200155,plcsodlog,4090077,"OD: Log Contrast Sensitivity - Photopic, right eye",AIREADI-Vision,,Contrast sensitivity,Measurement,SNOMED,Observable Entity,251686008,S,,,,,,,,,,RedCap
2005200340,plcsosfcl,4256483,"OS: Value of final correct letter - Photopic, left eye",AIREADI-Vision,,Contrast sensitivity test,Procedure,SNOMED,Procedure,410566008,S,,,,,,,,,,RedCap
2005200341,plcsosmiss,4256483,"OS: Number of misses prior to stopping - Photopic, left eye",AIREADI-Vision,,Contrast sensitivity test,Procedure,SNOMED,Procedure,410566008,S,,,,,,,,,,RedCap
2005200156,plcsoslog,4090077,"OS: Log Contrast Sensitivity - Photopic, left eye",AIREADI-Vision,,Contrast sensitivity,Measurement,SNOMED,Observable Entity,251686008,S,,,,,,,,,,RedCap
2005200289,rtop_odd,45885156,OptoMed-Disc centered-CFP,AIREADI-Vision,,"Device or Medical/Surgical Supply, including Health Information Technology (HIT)",Meas Value,LOINC,Answer,LA20770-6,S,,,,,,,,,,RedCap
2005200290,rtop_odm,45885156,OptoMed-Mac centered-CFP,AIREADI-Vision,,"Device or Medical/Surgical Supply, including Health Information Technology (HIT)",Meas Value,LOINC,Answer,LA20770-6,S,,,,,,,,,,RedCap
2005200291,rtei_odir,45885156,Eidon-UWF Central-IR,AIREADI-Vision,,"Device or Medical/Surgical Supply, including Health Information Technology (HIT)",Meas Value,LOINC,Answer,LA20770-6,S,,,,,,,,,,RedCap
2005200292,rtei_odfaf,45885156,Eidon-UWF Central-FAF,AIREADI-Vision,,"Device or Medical/Surgical Supply, including Health Information Technology (HIT)",Meas Value,LOINC,Answer,LA20770-6,S,,,,,,,,,,RedCap
2005200293,rtsm_odc,45885156,Eidon-UWF Central-CFP,AIREADI-Vision,,"Device or Medical/Surgical Supply, including Health Information Technology (HIT)",Meas Value,LOINC,Answer,LA20770-6,S,,,,,,,,,,RedCap
2005200294,rtsm_odn,45885156,Eidon-UWF Nasal-CFP,AIREADI-Vision,,"Device or Medical/Surgical Supply, including Health Information Technology (HIT)",Meas Value,LOINC,Answer,LA20770-6,S,,,,,,,,,,RedCap
2005200295,rtsm_odt,45885156,Eidon-UWF Temporal-CFP,AIREADI-Vision,,"Device or Medical/Surgical Supply, including Health Information Technology (HIT)",Meas Value,LOINC,Answer,LA20770-6,S,,,,,,,,,,RedCap
2005200296,rtsm_odm,45885156,Eidon- Create Mosaic Image-CFP,AIREADI-Vision,,"Device or Medical/Surgical Supply, including Health Information Technology (HIT)",Meas Value,LOINC,Answer,LA20770-6,S,,,,,,,,,,RedCap
2005200297,rtso_odo,45885156,Spec-ONH-RC-HR-OCT,AIREADI-Vision,,"Device or Medical/Surgical Supply, including Health Information Technology (HIT)",Meas Value,LOINC,Answer,LA20770-6,S,,,,,,,,,,RedCap
2005200298,rtso_odp,45885156,Spec-PPole Mac-HR-61 lines-OCT,AIREADI-Vision,,"Device or Medical/Surgical Supply, including Health Information Technology (HIT)",Meas Value,LOINC,Answer,LA20770-6,S,,,,,,,,,,RedCap
2005200299,rtso_odm,45885156,Spec-Mac-20x20-HS-512 lines-OCTA,AIREADI-Vision,,"Device or Medical/Surgical Supply, including Health Information Technology (HIT)",Meas Value,LOINC,Answer,LA20770-6,S,,,,,,,,,,RedCap
2005200300,rtci_odm1,45885156,Cirrus-Mac Cube-512x128-OCT,AIREADI-Vision,,"Device or Medical/Surgical Supply, including Health Information Technology (HIT)",Meas Value,LOINC,Answer,LA20770-6,S,,,,,,,,,,RedCap
2005200301,rtci_odd1,45885156,Cirrus-Disc Cube-200x200-OCT,AIREADI-Vision,,"Device or Medical/Surgical Supply, including Health Information Technology (HIT)",Meas Value,LOINC,Answer,LA20770-6,S,,,,,,,,,,RedCap
2005200302,rtci_odm2,45885156,Cirrus-Macula 6x6-OCTA,AIREADI-Vision,,"Device or Medical/Surgical Supply, including Health Information Technology (HIT)",Meas Value,LOINC,Answer,LA20770-6,S,,,,,,,,,,RedCap
2005200303,rtci_odd2,45885156,Cirrus-Disc 6x6-OCTA,AIREADI-Vision,,"Device or Medical/Surgical Supply, including Health Information Technology (HIT)",Meas Value,LOINC,Answer,LA20770-6,S,,,,,,,,,,RedCap
2005200200,rtma_odw,45885156,M2-3D Wide(H) 12x9-OCT,AIREADI-Vision,,"Device or Medical/Surgical Supply, including Health Information Technology (HIT)",Meas Value,LOINC,Answer,LA20770-6,S,,,,,,,,,,RedCap
2005200201,rtma_odm,45885156,M2-3D Macula 6x6-OCT,AIREADI-Vision,,"Device or Medical/Surgical Supply, including Health Information Technology (HIT)",Meas Value,LOINC,Answer,LA20770-6,S,,,,,,,,,,RedCap
2005200202,rtma_odm1,45885156,M2-Mac 6x6-360x360-(rep3)-OCTA,AIREADI-Vision,,"Device or Medical/Surgical Supply, including Health Information Technology (HIT)",Meas Value,LOINC,Answer,LA20770-6,S,,,,,,,,,,RedCap
2005200203,rttr_odr,45885156,Triton-3D(H)+Radial 12x9-OCT,AIREADI-Vision,,"Device or Medical/Surgical Supply, including Health Information Technology (HIT)",Meas Value,LOINC,Answer,LA20770-6,S,,,,,,,,,,RedCap
2005200204,rttr_odm1,45885156,Triton-Macula 6x6-OCTA,AIREADI-Vision,,"Device or Medical/Surgical Supply, including Health Information Technology (HIT)",Meas Value,LOINC,Answer,LA20770-6,S,,,,,,,,,,RedCap
2005200205,rttr_odm2,45885156,Triton-Macula 12x12-OCTA,AIREADI-Vision,,"Device or Medical/Surgical Supply, including Health Information Technology (HIT)",Meas Value,LOINC,Answer,LA20770-6,S,,,,,,,,,,RedCap
2005200304,rtfl_od,45885156,FLIO-Mac-HS,AIREADI,,"Device or Medical/Surgical Supply, including Health Information Technology (HIT)",Meas Value,LOINC,Answer,LA20770-6,S,,,,,,,,,,RedCap
2005200289,rtop_osd,45885156,OptoMed-Disc centered-CFP,AIREADI-Vision,,"Device or Medical/Surgical Supply, including Health Information Technology (HIT)",Meas Value,LOINC,Answer,LA20770-6,S,,,,,,,,,,RedCap
2005200290,rtop_osm,45885156,OptoMed-Mac centered-CFP,AIREADI-Vision,,"Device or Medical/Surgical Supply, including Health Information Technology (HIT)",Meas Value,LOINC,Answer,LA20770-6,S,,,,,,,,,,RedCap
2005200291,rtei_osir,45885156,Eidon-UWF Central-IR,AIREADI-Vision,,"Device or Medical/Surgical Supply, including Health Information Technology (HIT)",Meas Value,LOINC,Answer,LA20770-6,S,,,,,,,,,,RedCap
2005200292,rtei_osfaf,45885156,Eidon-UWF Central-FAF,AIREADI-Vision,,"Device or Medical/Surgical Supply, including Health Information Technology (HIT)",Meas Value,LOINC,Answer,LA20770-6,S,,,,,,,,,,RedCap
2005200293,rtsm_osc,45885156,Eidon-UWF Central-CFP,AIREADI-Vision,,"Device or Medical/Surgical Supply, including Health Information Technology (HIT)",Meas Value,LOINC,Answer,LA20770-6,S,,,,,,,,,,RedCap
2005200294,rtsm_osn,45885156,Eidon-UWF Nasal-CFP,AIREADI-Vision,,"Device or Medical/Surgical Supply, including Health Information Technology (HIT)",Meas Value,LOINC,Answer,LA20770-6,S,,,,,,,,,,RedCap
2005200295,rtsm_ost,45885156,Eidon-UWF Temporal-CFP,AIREADI-Vision,,"Device or Medical/Surgical Supply, including Health Information Technology (HIT)",Meas Value,LOINC,Answer,LA20770-6,S,,,,,,,,,,RedCap
2005200296,rtsm_osm,45885156,Eidon- Create Mosaic Image-CFP,AIREADI-Vision,,"Device or Medical/Surgical Supply, including Health Information Technology (HIT)",Meas Value,LOINC,Answer,LA20770-6,S,,,,,,,,,,RedCap
2005200297,rtso_oso,45885156,Spec-ONH-RC-HR-OCT,AIREADI-Vision,,"Device or Medical/Surgical Supply, including Health Information Technology (HIT)",Meas Value,LOINC,Answer,LA20770-6,S,,,,,,,,,,RedCap
2005200298,rtso_osp,45885156,Spec-PPole Mac-HR-61 lines-OCT,AIREADI-Vision,,"Device or Medical/Surgical Supply, including Health Information Technology (HIT)",Meas Value,LOINC,Answer,LA20770-6,S,,,,,,,,,,RedCap
2005200299,rtso_osm,45885156,Spec-Mac-20x20-HS-512 lines-OCTA,AIREADI-Vision,,"Device or Medical/Surgical Supply, including Health Information Technology (HIT)",Meas Value,LOINC,Answer,LA20770-6,S,,,,,,,,,,RedCap
2005200300,rtci_osm1,45885156,Cirrus-Mac Cube-512x128-OCT,AIREADI-Vision,,"Device or Medical/Surgical Supply, including Health Information Technology (HIT)",Meas Value,LOINC,Answer,LA20770-6,S,,,,,,,,,,RedCap
2005200301,rtci_osd1,45885156,Cirrus-Disc Cube-200x200-OCT,AIREADI-Vision,,"Device or Medical/Surgical Supply, including Health Information Technology (HIT)",Meas Value,LOINC,Answer,LA20770-6,S,,,,,,,,,,RedCap
2005200302,rtci_osm2,45885156,Cirrus-Macula 6x6-OCTA,AIREADI-Vision,,"Device or Medical/Surgical Supply, including Health Information Technology (HIT)",Meas Value,LOINC,Answer,LA20770-6,S,,,,,,,,,,RedCap
2005200303,rtci_osd2,45885156,Cirrus-Disc 6x6-OCTA,AIREADI-Vision,,"Device or Medical/Surgical Supply, including Health Information Technology (HIT)",Meas Value,LOINC,Answer,LA20770-6,S,,,,,,,,,,RedCap
2005200200,rtma_osw,45885156,M2-3D Wide(H) 12x9-OCT,AIREADI-Vision,,"Device or Medical/Surgical Supply, including Health Information Technology (HIT)",Meas Value,LOINC,Answer,LA20770-6,S,,,,,,,,,,RedCap
2005200201,rtma_osm,45885156,M2-3D Macula 6x6-OCT,AIREADI-Vision,,"Device or Medical/Surgical Supply, including Health Information Technology (HIT)",Meas Value,LOINC,Answer,LA20770-6,S,,,,,,,,,,RedCap
2005200202,rtma_osm1,45885156,M2-Mac 6x6-360x360-(rep3)-OCTA,AIREADI-Vision,,"Device or Medical/Surgical Supply, including Health Information Technology (HIT)",Meas Value,LOINC,Answer,LA20770-6,S,,,,,,,,,,RedCap
2005200203,rttr_osr,45885156,Triton-3D(H)+Radial 12x9-OCT,AIREADI-Vision,,"Device or Medical/Surgical Supply, including Health Information Technology (HIT)",Meas Value,LOINC,Answer,LA20770-6,S,,,,,,,,,,RedCap
2005200204,rttr_osm1,45885156,Triton-Macula 6x6-OCTA,AIREADI-Vision,,"Device or Medical/Surgical Supply, including Health Information Technology (HIT)",Meas Value,LOINC,Answer,LA20770-6,S,,,,,,,,,,RedCap
2005200205,rttr_osm2,45885156,Triton-Macula 12x12-OCTA,AIREADI-Vision,,"Device or Medical/Surgical Supply, including Health Information Technology (HIT)",Meas Value,LOINC,Answer,LA20770-6,S,,,,,,,,,,RedCap
2005200304,rtfl_os,45885156,FLIO-Mac-HS,AIREADI,,"Device or Medical/Surgical Supply, including Health Information Technology (HIT)",Meas Value,LOINC,Answer,LA20770-6,S,,,,,,,,,,RedCap
2005200485,cmrouteot,45883155,Specify other,AIREADI,,Other (specify),Meas Value,LOINC,Answer,LA6310-2,S,,,,,,,,,,RedCap
2005200485,mhoccur_ot,45883155,Specify other,AIREADI,,Other (specify),Meas Value,LOINC,Answer,LA6310-2,S,,,,,,,,,,RedCap
2005200629,paate_6hr,4060364,"Have you had anything to eat or drink in the last six hours, including coffee or tea with milk or sugar or any other drink other than water?",AIREADI,,Fasting,Observation,SNOMED,Clinical Finding,16985007,S,,,,,,,,,,RedCap
2005200206,dvamwenhand,40768904,Physical Activity Monitor was worn on which wrist?,AIREADI,,Which hand [PhenX],Observation,LOINC,Clinical Observation,66226-2,S,,,,,,,,,,RedCap
2005200014,mhoccur_mi,,Has a doctor or other healthcare professional ever told you that you have/had...,AIREADI,,,,,,,,,,,,,,,,,RedCap
2005200014,mhoccur_cvdot,,Has a doctor or other healthcare professional ever told you that you have/had...,AIREADI,,,,,,,,,,,,,,,,,RedCap
2005200014,mhoccur_strk,,Has a doctor or other healthcare professional ever told you that you have/had...,AIREADI,,,,,,,,,,,,,,,,,RedCap
2005200014,mhoccur_clsh,,Has a doctor or other healthcare professional ever told you that you have/had...,AIREADI,,,,,,,,,,,,,,,,,RedCap
2005200014,mhoccur_hbp,,Has a doctor or other healthcare professional ever told you that you have/had...,AIREADI,,,,,,,,,,,,,,,,,RedCap
2005200014,mhoccur_ua,,Has a doctor or other healthcare professional ever told you that you have/had...,AIREADI,,,,,,,,,,,,,,,,,RedCap
2005200014,mhoccur_ear,,Has a doctor or other healthcare professional ever told you that you have/had...,AIREADI,,,,,,,,,,,,,,,,,RedCap
2005200014,mhoccur_pdr,,Has a doctor or other healthcare professional ever told you that you have/had...,AIREADI,,,,,,,,,,,,,,,,,RedCap
2005200627,1,40770062,"Other heart issues (Examples: pacemaker, heart valve disease, open heart surgery)",AIREADI,,History of Problems with your heart or circulation [PhenX],Observation,LOINC,Clinical Observation,67434-1,S,,,,,,,,,,RedCap
2005200628,1,40770062,Stroke,AIREADI,,History of Problems with your heart or circulation [PhenX],Observation,LOINC,Clinical Observation,67434-1,S,,,,,,,,,,RedCap
2005200015,1,40770062,"Circulation problems (Examples: arteriosclerosis, atherosclerosis, blood clots in lungs or leg veins)",AIREADI,,History of Problems with your heart or circulation [PhenX],Observation,LOINC,Clinical Observation,67434-1,S,,,,,,,,,,RedCap
2005200017,1,45881016,Kidney problems,AIREADI,,Kidney,Meas Value,LOINC,Answer,LA4591-9,S,,,,,,,,,,RedCap
2005200014,mhterm_dm1,,Has a doctor or other healthcare professional ever told you that you have/had...,AIREADI,,,,,,,,,,,,,,,,,RedCap
2005200547,1,4152671,Elevated A1C levels (elevated blood sugars),AIREADI,,Hemoglobin A1C - diabetic control interpretation,Measurement,SNOMED,Observable Entity,269823000,S,,,,,,,,,,RedCap
2005200558,cesstartts,4294901,Survey Started Timestamp,AIREADI,,Started,Observation,SNOMED,Qualifier Value,385652002,S,,,,,,,,,,RedCap
2005200559,cescmpts,44788181,Survey Completed Timestamp,AIREADI,,Completed successfully,Observation,SNOMED,Qualifier Value,15501000000100,S,,,,,,,,,,RedCap
2005200558,icfsvyts,4294901,Survey Started Timestamp,AIREADI,,Started,Observation,SNOMED,Qualifier Value,385652002,S,,,,,,,,,,RedCap
2005200559,icfcmpts,44788181,Survey Completed Timestamp,AIREADI,,Completed successfully,Observation,SNOMED,Qualifier Value,15501000000100,S,,,,,,,,,,RedCap
2005200558,dmgstartts,4294901,Survey Started Timestamp,AIREADI,,Started,Observation,SNOMED,Qualifier Value,385652002,S,,,,,,,,,,RedCap
2005200559,dmgcmpts,44788181,Survey Completed Timestamp,AIREADI,,Completed successfully,Observation,SNOMED,Qualifier Value,15501000000100,S,,,,,,,,,,RedCap
2005200589,dcvgmenyn,44811193,Device returned,AIREADI,,Loan equipment returned,Observation,SNOMED,Clinical Finding,892231000000100,S,,,,,,,,,,RedCap
2005200589,dvenvenyn,44811193,Device returned,AIREADI,,Loan equipment returned,Observation,SNOMED,Clinical Finding,892231000000100,S,,,,,,,,,,RedCap
2005200558,dmlstartts,4294901,Survey Started Timestamp,AIREADI,,Started,Observation,SNOMED,Qualifier Value,385652002,S,,,,,,,,,,RedCap
2005200559,dmlcmpts,44788181,Survey Completed Timestamp,AIREADI,,Completed successfully,Observation,SNOMED,Qualifier Value,15501000000100,S,,,,,,,,,,RedCap
2005200558,dietstartts,4294901,Survey Started Timestamp,AIREADI,,Started,Observation,SNOMED,Qualifier Value,385652002,S,,,,,,,,,,RedCap
2005200559,dietcmpts,44788181,Survey Completed Timestamp,AIREADI,,Completed successfully,Observation,SNOMED,Qualifier Value,15501000000100,S,,,,,,,,,,RedCap
2005200558,faqstartts,4294901,Survey Started Timestamp,AIREADI,,Started,Observation,SNOMED,Qualifier Value,385652002,S,,,,,,,,,,RedCap
2005200559,faqcmpts,44788181,Survey Completed Timestamp,AIREADI,,Completed successfully,Observation,SNOMED,Qualifier Value,15501000000100,S,,,,,,,,,,RedCap
2005200014,mhoccur_circ,,Has a doctor or other healthcare professional ever told you that you have/had...,AIREADI,,,,,,,,,,,,,,,,,RedCap
2005200014,mhoccur_lbp,,Has a doctor or other healthcare professional ever told you that you have/had...,AIREADI,,,,,,,,,,,,,,,,,RedCap
2005200014,mhoccur_pd,,Has a doctor or other healthcare professional ever told you that you have/had...,AIREADI,,,,,,,,,,,,,,,,,RedCap
2005200014,mhoccur_ad,,Has a doctor or other healthcare professional ever told you that you have/had...,AIREADI,,,,,,,,,,,,,,,,,RedCap
2005200014,mhcat_adot,,Has a doctor or other healthcare professional ever told you that you have/had...,AIREADI,,,,,,,,,,,,,,,,,RedCap
2005200014,mhcat_dmtaot,,Has a doctor or other healthcare professional ever told you that you have/had...,AIREADI,,,,,,,,,,,,,,,,,RedCap
2005200014,mhoccur_cogn,,Has a doctor or other healthcare professional ever told you that you have/had...,AIREADI,,,,,,,,,,,,,,,,,RedCap
2005200014,mhoccur_ms,,Has a doctor or other healthcare professional ever told you that you have/had...,AIREADI,,,,,,,,,,,,,,,,,RedCap
2005200014,mhoccur_cns,,Has a doctor or other healthcare professional ever told you that you have/had...,AIREADI,,,,,,,,,,,,,,,,,RedCap
2005200455,mhoccur_cnsot,36309562,Neurocognitive disorder please specify,AIREADI,,Other neurological conditions,Meas Value,LOINC,Answer,LA28880-5,S,,,,,,,,,,RedCap
2005200014,mhoccur_ra,,Has a doctor or other healthcare professional ever told you that you have/had...,AIREADI,,,,,,,,,,,,,,,,,RedCap
2005200014,mhoccur_oa,,Has a doctor or other healthcare professional ever told you that you have/had...,AIREADI,,,,,,,,,,,,,,,,,RedCap
2005200014,mhoccur_ca,,Has a doctor or other healthcare professional ever told you that you have/had...,AIREADI,,,,,,,,,,,,,,,,,RedCap
2005200459,mhoccur_cnrot,45884514,Other cancer type please (specify),AIREADI,,Other cancer,Meas Value,LOINC,Answer,LA14284-6,S,,,,,,,,,,RedCap
2005200014,mhoccur_plm,,Has a doctor or other healthcare professional ever told you that you have/had...,AIREADI,,,,,,,,,,,,,,,,,RedCap
2005200014,mhoccur_gi,,Has a doctor or other healthcare professional ever told you that you have/had...,AIREADI,,,,,,,,,,,,,,,,,RedCap
2005200014,mhoccur_rnl,,Has a doctor or other healthcare professional ever told you that you have/had...,AIREADI,,,,,,,,,,,,,,,,,RedCap
2005200014,mhoccur_obs,,Has a doctor or other healthcare professional ever told you that you have/had...,AIREADI,,,,,,,,,,,,,,,,,RedCap
2005200014,mhoccur_glc,,Has a doctor or other healthcare professional ever told you that you have/had...,AIREADI,,,,,,,,,,,,,,,,,RedCap
2005200014,mhoccur_amd,,Has a doctor or other healthcare professional ever told you that you have/had...,AIREADI,,,,,,,,,,,,,,,,,RedCap
2005200014,mhoccur_crt,,Has a doctor or other healthcare professional ever told you that you have/had...,AIREADI,,,,,,,,,,,,,,,,,RedCap
2005200014,mhoccur_rvo,,Has a doctor or other healthcare professional ever told you that you have/had...,AIREADI,,,,,,,,,,,,,,,,,RedCap
2005200014,mhoccur_ded,,Has a doctor or other healthcare professional ever told you that you have/had...,AIREADI,,,,,,,,,,,,,,,,,RedCap
2005200558,mhstartts,4294901,Survey Started Timestamp,AIREADI,,Started,Observation,SNOMED,Qualifier Value,385652002,S,,,,,,,,,,RedCap
2005200559,mhcmpts,44788181,Survey Completed Timestamp,AIREADI,,Completed successfully,Observation,SNOMED,Qualifier Value,15501000000100,S,,,,,,,,,,RedCap
2005200558,viastartts,4294901,Survey Started Timestamp,AIREADI,,Started,Observation,SNOMED,Qualifier Value,385652002,S,,,,,,,,,,RedCap
2005200559,viacmpts,44788181,Survey Completed Timestamp,AIREADI,,Completed successfully,Observation,SNOMED,Qualifier Value,15501000000100,S,,,,,,,,,,RedCap
2005200558,paidstartts,4294901,Survey Started Timestamp,AIREADI,,Started,Observation,SNOMED,Qualifier Value,385652002,S,,,,,,,,,,RedCap
2005200559,paidcmpts,44788181,Survey Completed Timestamp,AIREADI,,Completed successfully,Observation,SNOMED,Qualifier Value,15501000000100,S,,,,,,,,,,RedCap
2005200558,preconstartts,4294901,Survey Started Timestamp,AIREADI,,Started,Observation,SNOMED,Qualifier Value,385652002,S,,,,,,,,,,RedCap
2005200559,preconcmpts,44788181,Survey Completed Timestamp,AIREADI,,Completed successfully,Observation,SNOMED,Qualifier Value,15501000000100,S,,,,,,,,,,RedCap
2005200558,pxfistartts,4294901,Survey Started Timestamp,AIREADI,,Started,Observation,SNOMED,Qualifier Value,385652002,S,,,,,,,,,,RedCap
2005200559,pxsficmpts,44788181,Survey Completed Timestamp,AIREADI,,Completed successfully,Observation,SNOMED,Qualifier Value,15501000000100,S,,,,,,,,,,RedCap
2005200102,px270301_metadata,,PhenX MetaData,AIREADI,,,,,,,,,,,,,,,,,RedCap
2005200558,pxnestartts,4294901,Survey Started Timestamp,AIREADI,,Started,Observation,SNOMED,Qualifier Value,385652002,S,,,,,,,,,,RedCap
2005200559,pxnecmpts,44788181,Survey Completed Timestamp,AIREADI,,Completed successfully,Observation,SNOMED,Qualifier Value,15501000000100,S,,,,,,,,,,RedCap
2005200102,px291201_metadata,,PhenX MetaData,AIREADI,,,,,,,,,,,,,,,,,RedCap
2005200558,pxrdcmpts,4294901,Survey Started Timestamp,AIREADI,,Started,Observation,SNOMED,Qualifier Value,385652002,S,,,,,,,,,,RedCap
2005200559,pxrdstartts,44788181,Survey Completed Timestamp,AIREADI,,Completed successfully,Observation,SNOMED,Qualifier Value,15501000000100,S,,,,,,,,,,RedCap
2005200102,px281501_metadata,,PhenX MetaData,AIREADI,,,,,,,,,,,,,,,,,RedCap
2005200558,pxsdohstartts,4294901,Survey Started Timestamp,AIREADI,,Started,Observation,SNOMED,Qualifier Value,385652002,S,,,,,,,,,,RedCap
2005200559,pxsdohcmpts,44788181,Survey Completed Timestamp,AIREADI,,Completed successfully,Observation,SNOMED,Qualifier Value,15501000000100,S,,,,,,,,,,RedCap
2005200102,px270201_metadata,,PhenX MetaData,AIREADI,,,,,,,,,,,,,,,,,RedCap
2005200102,px011002_metadata,,PhenX MetaData,AIREADI,,,,,,,,,,,,,,,,,RedCap
2005200102,px280301_metadata,,PhenX MetaData,AIREADI,,,,,,,,,,,,,,,,,RedCap
2005200102,px281401_metadata,,PhenX MetaData,AIREADI,,,,,,,,,,,,,,,,,RedCap
2005200102,px280801_metadata,,PhenX MetaData,AIREADI,,,,,,,,,,,,,,,,,RedCap
2005200102,px11502_metadata,,PhenX MetaData,AIREADI,,,,,,,,,,,,,,,,,RedCap
2005200102,px270101_metadata,,PhenX MetaData,AIREADI,,,,,,,,,,,,,,,,,RedCap
2005200102,px280901_metadata,,PhenX MetaData,AIREADI,,,,,,,,,,,,,,,,,RedCap
2005200558,recstartts,4294901,Survey Started Timestamp,AIREADI,,Started,Observation,SNOMED,Qualifier Value,385652002,S,,,,,,,,,,RedCap
2005200559,reccmpts,44788181,Survey Completed Timestamp,AIREADI,,Completed successfully,Observation,SNOMED,Qualifier Value,15501000000100,S,,,,,,,,,,RedCap
2005200014,mh_a1c,,Has a doctor or other healthcare professional ever told you that you have/had...,AIREADI,,,,,,,,,,,,,,,,,RedCap
2005200014,mhterm_dm2,,Has a doctor or other healthcare professional ever told you that you have/had...,AIREADI,,,,,,,,,,,,,,,,,RedCap
2005200014,mhterm_predm,,Has a doctor or other healthcare professional ever told you that you have/had...,AIREADI,,,,,,,,,,,,,,,,,RedCap
2005200558,scrstartts,4294901,Survey Started Timestamp,AIREADI,,Started,Observation,SNOMED,Qualifier Value,385652002,S,,,,,,,,,,RedCap
2005200559,scrcmpts,44788181,Survey Completed Timestamp,AIREADI,,Completed successfully,Observation,SNOMED,Qualifier Value,15501000000100,S,,,,,,,,,,RedCap
2005200558,sustartts,4294901,Survey Started Timestamp,AIREADI,,Started,Observation,SNOMED,Qualifier Value,385652002,S,,,,,,,,,,RedCap
2005200559,sucmpts,44788181,Survey Completed Timestamp,AIREADI,,Completed successfully,Observation,SNOMED,Qualifier Value,15501000000100,S,,,,,,,,,,RedCap
2005200557,ancestry,45880188,"What is your ancestry or ethnic origin?(Examples: Italian, Jamaican, African American, Cambodian, Cape Verdean, Cherokee, Navajo, Nez Pearce, Norwegian, Dominican, French Canadian, Haitian, Korean, Lebanese, Polish, Nigerian, Mexican, Taiwanese, Ukrainian, and so on.)",AIREADI,,Your ancestry or national origin,Meas Value,LOINC,Answer,LA15574-9,S,,,,,,,,,,RedCap
2005200555,dvamwenyn,42528781,Activity monitor returned?,AIREADI,,Wearable device external physiologic monitoring panel,Measurement,LOINC,Clinical Observation,82611-5,S,,,,,,,,,,RedCap
2005200313,5,27789000,Less than 30 minutes daily less than 3 days a week,AIREADI,,,,,,,,,,,,,,,,,RedCap
2005200243,0,45882431,1 time or less,AIREADI,,1 time per week,Meas Value,LOINC,Answer,LA13829-9,S,,,,,,,,,,RedCap
2005200271,1,4151655,5000 miles or less,AIREADI,,Driving assessment,Procedure,SNOMED,Procedure,310859004,S,,,,,,,,,,RedCap
2005200272,2,4151655,"5001 to 10,000 miles",AIREADI,,Driving assessment,Procedure,SNOMED,Procedure,310859004,S,,,,,,,,,,RedCap
2005200273,3,4151655,"10,001 to 15.000 miles",AIREADI,,Driving assessment,Procedure,SNOMED,Procedure,310859004,S,,,,,,,,,,RedCap
2005200274,4,4151655,"15,001 to 20,000 miles",AIREADI,,Driving assessment,Procedure,SNOMED,Procedure,310859004,S,,,,,,,,,,RedCap
2005200275,5,4151655,"More than 20,000 miles",AIREADI,,Driving assessment,Procedure,SNOMED,Procedure,310859004,S,,,,,,,,,,RedCap
2005200159,mssrffl,45882337,Right Foot - Felt:,AIREADI,,Right leg or foot,Meas Value,LOINC,Answer,LA16381-8,S,,,,,,,,,,RedCap
2005200160,mssrftt,45882337,Right Foot - Tested:,AIREADI,,Right leg or foot,Meas Value,LOINC,Answer,LA16381-8,S,,,,,,,,,,RedCap
2005200161,msslffl,45876849,Left Foot - Felt:,AIREADI,,Left leg or foot,Meas Value,LOINC,Answer,LA16378-4,S,,,,,,,,,,RedCap
2005200162,msslftt,45876849,Left Foot - Tested:,AIREADI,,Left leg or foot,Meas Value,LOINC,Answer,LA16378-4,S,,,,,,,,,,RedCap
2005200248,4,1989310,Could not get an appointment,AIREADI,,Missed scheduled appointment with healthcare provider in past Mo,Observation,LOINC,Clinical Observation,98867-5,S,,,,,,,,,,RedCap
2005200151,paate,4200039,How many hours since you last ate? (number of hours),AIREADI,,Time of last food intake,Observation,SNOMED,Observable Entity,301897001,S,,,,,,,,,,RedCap
2005200269,88,4030757,There are no streets or roads in my neighborhood,AIREADI,,Neighborhood / workplace safety finding,Observation,SNOMED,Clinical Finding,129685008,S,,,,,,,,,,RedCap
2005200269,88,4030757,There are no streets or roads in my neighborhood,AIREADI,,Neighborhood / workplace safety finding,Observation,SNOMED,Clinical Finding,129685008,S,,,,,,,,,,RedCap
2005200256,0,3198235,There is NO place,AIREADI,,Health encounter sites,Place of Service,Nebraska Lexicon,Location,394777002,,,,,,,,,,,RedCap
2005200257,2,3198236,There is MORE THAN ONE place,AIREADI,,Choline,Drug,Nebraska Lexicon,Substance,65123005,,,,,,,,,,,RedCap
2005200261,6,4192764,Does not go to one place most often,AIREADI,,Health encounter sites,Observation,SNOMED,Location,394777002,,,,,,,,,,,RedCap
2005200549,cmtrt_insln,440922,Do you inject insulin to control your blood glucose levels?,AIREADI,,Diabetic on insulin,Observation,SNOMED,Clinical Finding,170747006,S,,,,,,,,,,RedCap
2005200004,cmtrt_lfst,607008,"Do you use lifestyle changes to control your A1C and blood glucose levels? Examples: regular exercise, avoiding sugary foods and beverages, eating a balanced diet with lots of vegetables, sticking to a consistent eating schedule",AIREADI,,Able to modify behavior and lifestyle to support health improvement,Observation,SNOMED,Clinical Finding,1148971005,S,,,,,,,,,,RedCap
2005200211,98,903655,More than 20 years,AIREADI,,Electronic cigarette smoker,Observation,OMOP Extension,Clinical Finding,OMOP5181836,S,,,,,,,,,,RedCap
2005200212,98,4010847,More than 50 years,AIREADI,,Age more than 50 years,Observation,SNOMED,Clinical Finding,102524005,S,,,,,,,,,,RedCap
2005200059,diet5,4025583,"How many times a week did you eat beans (like pinto or black beans), chicken, or fish?",AIREADI,,Pulse vegetable intake,Observation,SNOMED,Observable Entity,226450000,S,,,,,,,,,,RedCap
2005200060,diet6,4044783,How many times a week did you eat regular snack chips or crackers (not low-fat)?,AIREADI,,Savory snack intake,Observation,SNOMED,Observable Entity,230079003,S,,,,,,,,,,RedCap
2005200061,diet7,4025584,How many times a week did you eat desserts and other sweets (not the low-fat kind)?,AIREADI,,Sweets intake,Observation,SNOMED,Observable Entity,226463006,S,,,,,,,,,,RedCap
2005200062,diet8,3663241,"How much margarine, butter, or meat fat do you use to season vegetables or put on potatoes, bread or corn?",AIREADI,,Fat and oil intake,Observation,SNOMED,Observable Entity,870372004,S,,,,,,,,,,RedCap
2005200063,diet9,4025566,How many servings of fruit juice did you drink each day?,AIREADI,,Fruit juice intake,Observation,SNOMED,Observable Entity,226389005,S,,,,,,,,,,RedCap
2005200064,dietscore,4021174,Diet score,AIREADI,,Dietary intake assessment,Procedure,SNOMED,Procedure,225388007,S,,,,,,,,,,RedCap
2005200136,dri1,,"In an average week, how many days per week do you normally drive? (number of days)",AIREADI,,,,,,,,,,,,,,,,,RedCap
2005200137,dri2,,About how many miles did you personally drive during the past 12 months in all motorized vehicles?,AIREADI,,,,,,,,,,,,,,,,,RedCap
2005200113,pxne8,,There is so much traffic on the streets that it makes it difficult or unpleasant to walk in my neighborhood. Would you say that you...,AIREADI,,,,,,,,,,,,,,,,,RedCap
2005200114,pxne9,,"I see many people being physically active in my neighborhood doing things like walking, jogging, cycling, or playing sports and active games. Would you say that you...",AIREADI,,,,,,,,,,,,,,,,,RedCap
2005200115,pxne10,,There are many interesting things to look at while walking in my neighborhood. Would you say you...,AIREADI,,,,,,,,,,,,,,,,,RedCap
2005200116,pxne11,,"How many motor vehicles in working order (e.g., cars, trucks, motorcycles) are there at your household?",AIREADI,,,,,,,,,,,,,,,,,RedCap
2005200117,pxne12,,There are many four-way intersections in my neighborhood. Would you say that you...,AIREADI,,,,,,,,,,,,,,,,,RedCap
2005200118,pxne13,,"The sidewalks in my neighborhood are well maintained (paved, with few cracks) and not obstructed. Would you say that you...",AIREADI,,,,,,,,,,,,,,,,,RedCap
2005200119,pxne14,,Places for bicycling (such as bike paths) in and around my neighborhood are well maintained and not obstructed. Would you say that you...,AIREADI,,,,,,,,,,,,,,,,,RedCap
2005200120,pxne15,,There is so much traffic on the streets that it makes it difficult or unpleasant to ride a bicycle in my neighborhood. Would you say that you...,AIREADI,,,,,,,,,,,,,,,,,RedCap
2005200121,pxne16,,The crime rate in my neighborhood makes it unsafe to go on walks during the day. Would you say that you...,AIREADI,,,,,,,,,,,,,,,,,RedCap
2005200122,pxne17,,There are many places to go within easy walking distance of my home. Would you say that you...,AIREADI,,,,,,,,,,,,,,,,,RedCap
2005200126,pxrd1,,How often have you been treated unfairly by teachers and professors because of your race/ethnic group? How often in the past year?,AIREADI,,,,,,,,,,,,,,,,,RedCap
2005200127,pxrd2,,How often have you been treated unfairly by teachers and professors because of your race/ethnic group? How often in your entire life?,AIREADI,,,,,,,,,,,,,,,,,RedCap
2005200128,pxrd3,,"How often have you been treated unfairly by teachers and professors because of your race/ethnic group? On a scale of 1-6, how stressful was this for you? 1 = Not at all stressful; 6 = Extremely stressful",AIREADI,,,,,,,,,,,,,,,,,RedCap
2005200493,pxrd4,,"How often have you been treated unfairly by employers, bosses and supervisors because of your race/ethnic group? How often in the past year?",AIREADI,,,,,,,,,,,,,,,,,RedCap
2005200494,pxrd5,,"How often have you been treated unfairly by employers, bosses and supervisors because of your race/ethnic group? How often in your entire life?",AIREADI,,,,,,,,,,,,,,,,,RedCap
2005200495,pxrd6,,"How often have you been treated unfairly by employers, bosses and supervisors because of your race/ethnic group? On a scale of 1-6, how stressful was this for you? 1 = Not at all stressful; 6 = Extremely stressful",AIREADI,,,,,,,,,,,,,,,,,RedCap
2005200496,pxrd7,,"How often have you been treated unfairly by your co-workers, fellow students, and colleagues because of your race/ethnic group? How often in the past year?",AIREADI,,,,,,,,,,,,,,,,,RedCap
2005200497,pxrd8,,"How often have you been treated unfairly by your co-workers, fellow students, and colleagues because of your race/ethnic group? How often in your entire life?",AIREADI,,,,,,,,,,,,,,,,,RedCap
2005200498,pdrx9,,"How often have you been treated unfairly by your co-workers, fellow students, and colleagues because of your race/ethnic group? On a scale of 1-6, how stressful was this for you? 1 = Not at all stressful; 6 = Extremely stressful",AIREADI,,,,,,,,,,,,,,,,,RedCap
2005200499,pxrd10,,"How often have you been treated unfairly by people in service jobs (by store clerks, waiters, bartenders, bank tellers and others) because of your race/ethnic group? How often in the past year?",AIREADI,,,,,,,,,,,,,,,,,RedCap
2005200500,pxrd11,,"How often have you been treated unfairly by people in service jobs (by store clerks, waiters, bartenders, bank tellers and others) because of your race/ethnic group? How often in your entire life?",AIREADI,,,,,,,,,,,,,,,,,RedCap
2005200501,pxrd12,,"How often have you been treated unfairly by people in service jobs (by store clerks, waiters, bartenders, bank tellers and others) because of your race/ethnic group? On a scale of 1-6, how stressful was this for you? 1 = Not at all stressful; 6 = Extremely stressful",AIREADI,,,,,,,,,,,,,,,,,RedCap
2005200502,pxrd13,,How often have you been treated unfairly by strangers because of your race/ethnic group? How often in the past year?,AIREADI,,,,,,,,,,,,,,,,,RedCap
2005200503,pxrd14,,How often have you been treated unfairly by strangers because of your race/ethnic group? How often in your entire life?,AIREADI,,,,,,,,,,,,,,,,,RedCap
2005200504,pxrd15,,"How often have you been treated unfairly by strangers because of your race/ethnic group? On a scale of 1-6, how stressful was this for you? 1 = Not at all stressful; 6 = Extremely stressful",AIREADI,,,,,,,,,,,,,,,,,RedCap
2005200505,pxrd16,,"How often have you been treated unfairly by people in helping jobs (by doctors, nurses, psychiatrists, case workers, dentists, school counselors, therapists, social workers and others) because of your race/ethnic group? How often in the past year?",AIREADI,,,,,,,,,,,,,,,,,RedCap
2005200506,pxrd17,,"How often have you been treated unfairly by people in helping jobs (by doctors, nurses, psychiatrists, case workers, dentists, school counselors, therapists, social workers and others) because of your race/ethnic group? How often in your entire life?",AIREADI,,,,,,,,,,,,,,,,,RedCap
2005200507,pxrd18,,"How often have you been treated unfairly by people in helping jobs (by doctors, nurses, psychiatrists, case workers, dentists, school counselors, therapists, social workers and others) because of your race/ethnic group? On a scale of 1-6, how stressful was this for you? 1 = Not at all stressful; 6 = Extremely stressful",AIREADI,,,,,,,,,,,,,,,,,RedCap
2005200508,pxrd19,,How often have you been treated unfairly by neighbors because of your race/ethnic group? How often in the past year?,AIREADI,,,,,,,,,,,,,,,,,RedCap
2005200509,pxrd20,,How often have you been treated unfairly by neighbors because of your race/ethnic group? How often in your entire life?,AIREADI,,,,,,,,,,,,,,,,,RedCap
2005200510,pxrd21,,"How often have you been treated unfairly by neighbors because of your race/ethnic group? On a scale of 1-6, how stressful was this for you? 1 = Not at all stressful; 6 = Extremely stressful",AIREADI,,,,,,,,,,,,,,,,,RedCap
2005200511,pxrd22,,"How often have you been treated unfairly by institutions (schools, universities, law firms, the police, the courts, the Department of Social Services, the Unemployment Office and others) because of your race/ethnic group? How often in the past year?",AIREADI,,,,,,,,,,,,,,,,,RedCap
2005200512,pxrd23,,"How often have you been treated unfairly by institutions (schools, universities, law firms, the police, the courts, the Department of Social Services, the Unemployment Office and others) because of your race/ethnic group? How often in your entire life?",AIREADI,,,,,,,,,,,,,,,,,RedCap
2005200513,pxrd24,,"How often have you been treated unfairly by institutions (schools, universities, law firms, the police, the courts, the Department of Social Services, the Unemployment Office and others) because of your race/ethnic group? On a scale of 1-6, how stressful was this for you? 1 = Not at all stressful; 6 = Extremely stressful",AIREADI,,,,,,,,,,,,,,,,,RedCap
2005200514,pxrd25,,How often have you been treated unfairly by people that you thought were your friends because of your race/ethnic group? How often in the past year?,AIREADI,,,,,,,,,,,,,,,,,RedCap
2005200515,pxrd26,,How often have you been treated unfairly by people that you thought were your friends because of your race/ethnic group? How often in your entire life?,AIREADI,,,,,,,,,,,,,,,,,RedCap
2005200516,pxrd27,,"How often have you been treated unfairly by people that you thought were your friends because of your race/ethnic group? On a scale of 1-6, how stressful was this for you? 1 = Not at all stressful; 6 = Extremely stressful",AIREADI,,,,,,,,,,,,,,,,,RedCap
2005200517,pxrd28,,"How often have you been accused or suspected of doing something wrong (such as stealing, cheating, not doing your share of the work, or breaking the law) because of your race/ethnic group? How often in the past year?",AIREADI,,,,,,,,,,,,,,,,,RedCap
2005200518,pxrd29,,"How often have you been accused or suspected of doing something wrong (such as stealing, cheating, not doing your share of the work, or breaking the law) because of your race/ethnic group? How often in your entire life?",AIREADI,,,,,,,,,,,,,,,,,RedCap
2005200519,pxrd30,,"How often have you been accused or suspected of doing something wrong (such as stealing, cheating, not doing your share of the work, or breaking the law) because of your race/ethnic group? On a scale of 1-6, how stressful was this for you? 1 = Not at all stressful; 6 = Extremely stressful",AIREADI,,,,,,,,,,,,,,,,,RedCap
2005200520,pxrd31,,How often have people misunderstood your intentions and motives because of your race/ethnic group? How often in the past year?,AIREADI,,,,,,,,,,,,,,,,,RedCap
2005200521,pxrd32,,How often have people misunderstood your intentions and motives because of your race/ethnic group? How often in your entire life?,AIREADI,,,,,,,,,,,,,,,,,RedCap
2005200522,pxrd33,,"How often have people misunderstood your intentions and motives because of your race/ethnic group? On a scale of 1-6, how stressful was this for you? 1 = Not at all stressful; 6 = Extremely stressful",AIREADI,,,,,,,,,,,,,,,,,RedCap
2005200523,pxrd34,,How often did you want to tell someone off for being racist towards you but didn't say anything? How often in the past year?,AIREADI,,,,,,,,,,,,,,,,,RedCap
2005200524,pxrd35,,How often did you want to tell someone off for being racist towards you but didn't say anything? How often in your entire life?,AIREADI,,,,,,,,,,,,,,,,,RedCap
2005200525,pxrd36,,"How often did you want to tell someone off for being racist towards you but didn't say anything? On a scale of 1-6, how stressful was this for you? 1 = Not at all stressful; 6 = Extremely stressful",AIREADI,,,,,,,,,,,,,,,,,RedCap
2005200526,pxrd37,,How often have you been really angry about something racist that was done to you? How often in the past year?,AIREADI,,,,,,,,,,,,,,,,,RedCap
2005200527,pxrd38,,How often have you been really angry about something racist that was done to you? How often in your entire life?,AIREADI,,,,,,,,,,,,,,,,,RedCap
2005200528,pxrd39,,"How often have you been really angry about something racist that was done to you? On a scale of 1-6, how stressful was this for you? 1 = Not at all stressful; 6 = Extremely stressful",AIREADI,,,,,,,,,,,,,,,,,RedCap
2005200529,pxrd40,,"How often have you been forced to take drastic steps (such as filing a grievance, filing a lawsuit, quitting your job, moving away, and other actions) to deal with some racist thing that was done towards you? How often in the past year?",AIREADI,,,,,,,,,,,,,,,,,RedCap
2005200530,pxrd41,,"How often have you been forced to take drastic steps (such as filing a grievance, filing a lawsuit, quitting your job, moving away, and other actions) to deal with some racist thing that was done towards you? How often in your entire life?",AIREADI,,,,,,,,,,,,,,,,,RedCap
2005200531,pxrd42,,"How often have you been forced to take drastic steps (such as filing a grievance, filing a lawsuit, quitting your job, moving away, and other actions) to deal with some racist thing that was done towards you? On a scale of 1-6, how stressful was this for you? 1 = Not at all stressful; 6 = Extremely stressful",AIREADI,,,,,,,,,,,,,,,,,RedCap
2005200532,pxrd43,,How often have you been called a racist name? How often in the past year?,AIREADI,,,,,,,,,,,,,,,,,RedCap
2005200533,pxrd44,,How often have you been called a racist name? How often in your entire life?,AIREADI,,,,,,,,,,,,,,,,,RedCap
2005200534,pxrd45,,"How often have you been called a racist name? On a scale of 1-6, how stressful was this for you? 1 = Not at all stressful; 6 = Extremely stressful",AIREADI,,,,,,,,,,,,,,,,,RedCap
2005200535,pxrd46,,How often have you gotten into an argument or a fight about something racist that was done to you or done to another member or your race/ethnic group? How often in the past year?,AIREADI,,,,,,,,,,,,,,,,,RedCap
2005200536,pxrd47,,How often have you gotten into an argument or a fight about something racist that was done to you or done to another member or your race/ethnic group? How often in your entire life?,AIREADI,,,,,,,,,,,,,,,,,RedCap
2005200537,pxrd48,,"How often have you gotten into an argument or a fight about something racist that was done to you or done to another member or your race/ethnic group? On a scale of 1-6, how stressful was this for you? 1 = Not at all stressful; 6 = Extremely stressful",AIREADI,,,,,,,,,,,,,,,,,RedCap
2005200538,pxrd49,,"How often have you been made fun of, picked on, pushed, shoved, hit or threatened with harm because of your race/ethnic group? How often in the past year?",AIREADI,,,,,,,,,,,,,,,,,RedCap
2005200539,pxrd50,,"How often have you been made fun of, picked on, pushed, shoved, hit or threatened with harm because of your race/ethnic group? How often in your entire life?",AIREADI,,,,,,,,,,,,,,,,,RedCap
2005200540,pxrd51,,"How often have you been made fun of, picked on, pushed, shoved, hit or threatened with harm because of your race/ethnic group? On a scale of 1-6, how stressful was this for you? 1 = Not at all stressful; 6 = Extremely stressful",AIREADI,,,,,,,,,,,,,,,,,RedCap
2005200541,pxrd52,,How different would your life be now if you HAD NOT BEEN treated in a racist and unfair way? In the Past Year?,AIREADI,,,,,,,,,,,,,,,,,RedCap
2005200542,pxrd53,,How different would your life be now if you HAD NOT BEEN treated in a racist and unfair way? In your entire life?,AIREADI,,,,,,,,,,,,,,,,,RedCap
2005200543,pxrd54,,"How different would your life be now if you HAD NOT BEEN treated in a racist and unfair way? On a scale of 1-6, how stressful was this for you? 1 = Not at all stressful; 6 = Extremely stressful",AIREADI,,,,,,,,,,,,,,,,,RedCap
2005200081,pxhic1,40765798,Insurance through a current or former employer or union (of yours or another family member's). This would include COBRA coverage.,AIREADI,,PhenX - health insurance coverage protocol 011501,Measurement,LOINC,Clinical Observation,63066-5,S,,,,,,,,,,RedCap
2005200082,pxhic2,40765798,"Insurance purchased directly from an insurance company (by you or another family member). This would include coverage purchased through an exchange or marketplace, such as HealthCare.gov",AIREADI,,PhenX - health insurance coverage protocol 011501,Measurement,LOINC,Clinical Observation,63066-5,S,,,,,,,,,,RedCap
2005200083,pxhic3,40765798,"Medicare, for people 65 and older, or people with certain disabilities.",AIREADI,,PhenX - health insurance coverage protocol 011501,Measurement,LOINC,Clinical Observation,63066-5,S,,,,,,,,,,RedCap
2005200084,pxhic4,40765798,"Medicaid, Medical Assistance (MA), the Children's Health Insurance Program (CHIP), or any kind of state or government-sponsored assistance. plan based on income or a disability.",AIREADI,,PhenX - health insurance coverage protocol 011501,Measurement,LOINC,Clinical Observation,63066-5,S,,,,,,,,,,RedCap
2005200085,pxhic5,40765798,"TRICARE or other military health care, including VA health care.",AIREADI,,PhenX - health insurance coverage protocol 011501,Measurement,LOINC,Clinical Observation,63066-5,S,,,,,,,,,,RedCap
2005200086,pxhic6,40765798,Indian Health Service.,AIREADI,,PhenX - health insurance coverage protocol 011501,Measurement,LOINC,Clinical Observation,63066-5,S,,,,,,,,,,RedCap
2005200087,pxhic7,40765798,Any other type of health insurance coverage or health coverage plan,AIREADI,,PhenX - health insurance coverage protocol 011501,Measurement,LOINC,Clinical Observation,63066-5,S,,,,,,,,,,RedCap
2005200088,pxhic8,40765798,"Does this mean you currently have no health insurance or health coverage plan? In answering this question, please exclude plans that pay for only one type of service (such as, nursing home care, accidents, family planning, or dental care) and plans that only provide extra cash when hospitalized).",AIREADI,,PhenX - health insurance coverage protocol 011501,Measurement,LOINC,Clinical Observation,63066-5,S,,,,,,,,,,RedCap
2005200089,pxhic9,40765798,What type of health insurance do you have?,AIREADI,,PhenX - health insurance coverage protocol 011501,Measurement,LOINC,Clinical Observation,63066-5,S,,,,,,,,,,RedCap
2005200090,pxahc1,3655035,About how long has it been since you last saw a doctor or other health care professional about your health?,AIREADI,,Date of last examination,Observation,SNOMED,Observable Entity,840643003,S,,,,,,,,,,RedCap
2005200091,pxahc2,,"Was this a wellness visit, physical, or general purpose check-up?",AIREADI,,,,,,,,,,,,,,,,,RedCap
2005200092,pxahc3,,"About how long has it been since you last saw a doctor or other health professional for a wellness visit, physical, or general purpose check-up?",AIREADI,,,,,,,,,,,,,,,,,RedCap
2005200093,pxahc4,,Is there a place that you USUALLY go to if you are sick and need health care?Â ,AIREADI,,,,,,,,,,,,,,,,,RedCap
2005200094,pxahc5,,"What kind of place is it/do you go to most often? A doctor's office or health center is a place where you see the same doctor or the same group of doctors every visit, where you usually need to make an appointment ahead of time, and where your medical records are on file.Urgent care centers and clinics in a drug store or grocery store are places where you do not need to make an appointment ahead of time, and do not usually see the same health care provider at each visit.",AIREADI,,,,,,,,,,,,,,,,,RedCap
2005200095,pxahc6,,"During the past 12 months, how many times have you gone to an urgent care center or a clinic in a drug store or grocery store about your health?Urgent care centers and clinics in drug stores or grocery stores are places where you do not need to make an appointment ahead of time, and do not usually see the same health care provider at each visit. This is different from a hospital emergency room.",AIREADI,,,,,,,,,,,,,,,,,RedCap
2005200096,pxahc7,,"During the past 12 months, how many times have you gone to a hospital emergency room about your health?Â  *This includes emergency room visits that resulted in a hospital admission.",AIREADI,,,,,,,,,,,,,,,,,RedCap
2005200097,pxahc8,,"During the past 12 months, have you been hospitalized overnight? (Do not include an overnight stay in the emergency room)",AIREADI,,,,,,,,,,,,,,,,,RedCap
2005200098,pxahc9,,"During the past 12 months, have you DELAYED getting medical care because of the cost?",AIREADI,,,,,,,,,,,,,,,,,RedCap
2005200099,pxahc10,,"During the past 12 months, was there any time when you needed medical care, but DID NOT GET IT because of the cost?",AIREADI,,,,,,,,,,,,,,,,,RedCap
2005200548,cmtrt_a1c,4016042,"Do you take pills to control your A1C and blood glucose levels? Examples: Metformin (Glucophage, Glumetza, Fortamet, Riomet), Glucotrol, Amaryl, DiaBeta, Blynase PresTab, Micronase, Actos, Avandia, Precose, Glyset, Prandin, Starlix, Januvia, Onglyza, Tradjenta, Nesina, Invokana, Farxiga, Jardiance, Welchol, and Cyclocet",AIREADI,,Diabetic on oral treatment,Observation,SNOMED,Clinical Finding,170746002,S,,,,,,,,,,RedCap
2005200550,cmtrt_glcs,36714369,"Do you use other injections to control your blood glucose levels?Â  Examples: Victoza, Ozempic, Symlin, Tanzeum, and Trulicity",AIREADI,,Diabetic on non-insulin injectable medication,Observation,SNOMED,Clinical Finding,719566006,S,,,,,,,,,,RedCap
2005200024,subrkncf,4238768,Have you had any beer or ale in the past year?,AIREADI,,Details of alcohol drinking behavior,Observation,SNOMED,Observable Entity,363905002,S,,,,,,,,,,RedCap
2005200025,subrdosfr,40771103,"During the average week, how many 12 oz. bottles or cans of beer do you usually drink? (Number of bottles or cans per week)",AIREADI,,How often do you have a drink containing alcohol,Observation,LOINC,Clinical Observation,68518-0,S,,,,,,,,,,RedCap
2005200026,suwnkncf,4238768,Have you had any wine in the past year?,AIREADI,,Details of alcohol drinking behavior,Observation,SNOMED,Observable Entity,363905002,S,,,,,,,,,,RedCap
2005200027,suwndosfr,40771103,"During the average week, how many 5 oz. glasses of wine do you usually drink?Â  The average wine bottle has 5 servings. (Number of glasses per week)",AIREADI,,How often do you have a drink containing alcohol,Observation,LOINC,Clinical Observation,68518-0,S,,,,,,,,,,RedCap
2005200028,sulqkncf,4238768,"Have you had any liquor in the past year, such as brandy, whiskey, vodka, gin, schnapps, cocktails, or liqueurs?",AIREADI,,Details of alcohol drinking behavior,Observation,SNOMED,Observable Entity,363905002,S,,,,,,,,,,RedCap
2005200029,sulqdosfr,40771103,"During the average week, how many 1.5 oz. of liquor do you usually drink, either as shots or in mixed cocktails? (Number of drinks per week)",AIREADI,,How often do you have a drink containing alcohol,Observation,LOINC,Clinical Observation,68518-0,S,,,,,,,,,,RedCap
2005200030,sualcdrv,4038703,"Do you drive after having a drink, even if it is only one drink?",AIREADI,,Drunk driving,Observation,SNOMED,Clinical Finding,228354000,S,,,,,,,,,,RedCap
2005200031,suvpkncf1,903655,Have you ever vaped or used e-cigarettes?,AIREADI,,Electronic cigarette smoker,Observation,OMOP Extension,Clinical Finding,OMOP5181836,S,,,,,,,,,,RedCap
2005200032,suvpstage,903655,At what age did you start vaping or using e-cigarettes? (Age started - years old),AIREADI,,Electronic cigarette smoker,Observation,OMOP Extension,Clinical Finding,OMOP5181836,S,,,,,,,,,,RedCap
2005200033,suvpcdur,903655,Do you vape or use e-cigarettes now?,AIREADI,,Electronic cigarette smoker,Observation,OMOP Extension,Clinical Finding,OMOP5181836,S,,,,,,,,,,RedCap
2005200034,suvptoage,903655,How many total years have you vaped or used e-cigarettes?,AIREADI,,Electronic cigarette smoker,Observation,OMOP Extension,Clinical Finding,OMOP5181836,S,,,,,,,,,,RedCap
2005200035,suvpdosfr,,"When you vaped or used e-cigarettes, approximately how many days in a typical week would you use it?",AIREADI,,,,,,,,,,,,,,,,,RedCap
2005200036,sumrjkncf,37116660,"Have you ever used marijuana (cannabis)? (This includes smoking marijuana, using cannabis concentrates, and edibles.)",AIREADI,,Marijuana user,Observation,SNOMED,Clinical Finding,733460004,S,,,,,,,,,,RedCap
2005200473,sumrjcdur,,Do you use marijuana now?,AIREADI,,,,,,,,,,,,,,,,,RedCap
2005200037,sumrjtrt,37116660,In what form do you usually use marijuana?Â  (check all that apply),AIREADI,,Marijuana user,Observation,SNOMED,Clinical Finding,733460004,S,,,,,,,,,,RedCap
2005200038,sumrjceddur,37116660,How many total years have you used marijuana?,AIREADI,,Marijuana user,Observation,SNOMED,Clinical Finding,733460004,S,,,,,,,,,,RedCap
2005200039,sumrjfr,37116660,"When you used marijuana, approximately how many days in a typical week would you use it?",AIREADI,,Marijuana user,Observation,SNOMED,Clinical Finding,733460004,S,,,,,,,,,,RedCap
2005200481,cmname,1031609,Medication Name,AIREADI,,Medication name,Observation,LOINC,LOINC Component,LP74144-4,,,,,,,,,,,RedCap
2005200485,odristate,45883155,Specify other,AIREADI,,Other (specify),Meas Value,LOINC,Answer,LA6310-2,S,,,,,,,,,,RedCap
2005200480,pxep2,37079013,Do you speak another language at home?,AIREADI,,Language other than English,Meas Value,LOINC,Answer,LA30188-9,S,,,,,,,,,,RedCap
2005200463,fh_dm2ptsp,4334340,Was your mother or father diagnosed with Type II Diabetes?,AIREADI,,Family history of diabetes mellitus type 2,Observation,SNOMED,Context-dependent,430679000,S,,,,,,,,,,RedCap
2005200464,fh_dm2sbsp,45880130,"If yes, please check all that apply: brother, sister, half-sister, half-brother",AIREADI,,Family member,Meas Value,LOINC,Answer,LA9277-0,S,,,,,,,,,,RedCap
2005200470,mhoccur_yn,46234759,Have you been diagnosed with any conditions not listed above?,AIREADI,,Other health condition,Observation,LOINC,Clinical Observation,76472-0,S,,,,,,,,,,RedCap
2005200045,paid_dpr,40546087,Feeling depressed when you think about living with diabetes,AIREADI,,Depressed mood,Observation,SNOMED,Clinical Finding,366979004,S,,,,,,,,,,RedCap
2005200011,viaomthd,4129438,Method used to complete form,AIREADI,,Method,Observation,SNOMED,Attribute,260686004,,,,,,,,,,,RedCap
2005200141,0,45883771,Rarely or none of the time (< 1 day),AIREADI,,Rarely or never,Meas Value,LOINC,Answer,LA15665-5,S,,,,,,,,,,RedCap
2005200142,1,45879198,Some or a little of the time (1-2 days),AIREADI,,Some of the time,Meas Value,LOINC,Answer,LA14733-2,S,,,,,,,,,,RedCap
2005200143,2,45879593,Occasionally or a moderate amount of time (3-4 days),AIREADI,,Occasionally,Meas Value,LOINC,Answer,LA6483-7,S,,,,,,,,,,RedCap
2005200144,3,45879199,All of the time (5-7 days),AIREADI,,Most of the time,Meas Value,LOINC,Answer,LA14734-0,S,,,,,,,,,,RedCap
2005200141,0,45883771,Rarely or none of the time (< 1 day),AIREADI,,Rarely or never,Meas Value,LOINC,Answer,LA15665-5,S,,,,,,,,,,RedCap
2005200142,1,45879198,Some or a little of the time (1-2 days),AIREADI,,Some of the time,Meas Value,LOINC,Answer,LA14733-2,S,,,,,,,,,,RedCap
2005200143,2,45879593,Occasionally or a moderate amount of time (3-4 days),AIREADI,,Occasionally,Meas Value,LOINC,Answer,LA6483-7,S,,,,,,,,,,RedCap
2005200144,3,45879199,All of the time (5-7 days),AIREADI,,Most of the time,Meas Value,LOINC,Answer,LA14734-0,S,,,,,,,,,,RedCap
2005200141,0,45883771,Rarely or none of the time (< 1 day),AIREADI,,Rarely or never,Meas Value,LOINC,Answer,LA15665-5,S,,,,,,,,,,RedCap
2005200142,1,45879198,Some or a little of the time (1-2 days),AIREADI,,Some of the time,Meas Value,LOINC,Answer,LA14733-2,S,,,,,,,,,,RedCap
2005200143,2,45879593,Occasionally or a moderate amount of time (3-4 days),AIREADI,,Occasionally,Meas Value,LOINC,Answer,LA6483-7,S,,,,,,,,,,RedCap
2005200144,3,45879199,All of the time (5-7 days),AIREADI,,Most of the time,Meas Value,LOINC,Answer,LA14734-0,S,,,,,,,,,,RedCap
2005200141,0,45883771,Rarely or none of the time (< 1 day),AIREADI,,Rarely or never,Meas Value,LOINC,Answer,LA15665-5,S,,,,,,,,,,RedCap
2005200142,1,45879198,Some or a little of the time (1-2 days),AIREADI,,Some of the time,Meas Value,LOINC,Answer,LA14733-2,S,,,,,,,,,,RedCap
2005200143,2,45879593,Occasionally or a moderate amount of time (3-4 days),AIREADI,,Occasionally,Meas Value,LOINC,Answer,LA6483-7,S,,,,,,,,,,RedCap
2005200144,3,45879199,All of the time (5-7 days),AIREADI,,Most of the time,Meas Value,LOINC,Answer,LA14734-0,S,,,,,,,,,,RedCap
2005200141,3,45883771,Rarely or none of the time (< 1 day),AIREADI,,Rarely or never,Meas Value,LOINC,Answer,LA15665-5,S,,,,,,,,,,RedCap
2005200142,2,45879198,Some or a little of the time (1-2 days),AIREADI,,Some of the time,Meas Value,LOINC,Answer,LA14733-2,S,,,,,,,,,,RedCap
2005200143,1,45879593,Occasionally or a moderate amount of time (3-4 days),AIREADI,,Occasionally,Meas Value,LOINC,Answer,LA6483-7,S,,,,,,,,,,RedCap
2005200144,0,45879199,All of the time (5-7 days),AIREADI,,Most of the time,Meas Value,LOINC,Answer,LA14734-0,S,,,,,,,,,,RedCap
2005200141,0,45883771,Rarely or none of the time (< 1 day),AIREADI,,Rarely or never,Meas Value,LOINC,Answer,LA15665-5,S,,,,,,,,,,RedCap
2005200142,1,45879198,Some or a little of the time (1-2 days),AIREADI,,Some of the time,Meas Value,LOINC,Answer,LA14733-2,S,,,,,,,,,,RedCap
2005200143,2,45879593,Occasionally or a moderate amount of time (3-4 days),AIREADI,,Occasionally,Meas Value,LOINC,Answer,LA6483-7,S,,,,,,,,,,RedCap
2005200144,3,45879199,All of the time (5-7 days),AIREADI,,Most of the time,Meas Value,LOINC,Answer,LA14734-0,S,,,,,,,,,,RedCap
2005200141,0,45883771,Rarely or none of the time (< 1 day),AIREADI,,Rarely or never,Meas Value,LOINC,Answer,LA15665-5,S,,,,,,,,,,RedCap
2005200142,1,45879198,Some or a little of the time (1-2 days),AIREADI,,Some of the time,Meas Value,LOINC,Answer,LA14733-2,S,,,,,,,,,,RedCap
2005200143,2,45879593,Occasionally or a moderate amount of time (3-4 days),AIREADI,,Occasionally,Meas Value,LOINC,Answer,LA6483-7,S,,,,,,,,,,RedCap
2005200144,3,45879199,All of the time (5-7 days),AIREADI,,Most of the time,Meas Value,LOINC,Answer,LA14734-0,S,,,,,,,,,,RedCap
2005200141,3,45883771,Rarely or none of the time (< 1 day),AIREADI,,Rarely or never,Meas Value,LOINC,Answer,LA15665-5,S,,,,,,,,,,RedCap
2005200142,2,45879198,Some or a little of the time (1-2 days),AIREADI,,Some of the time,Meas Value,LOINC,Answer,LA14733-2,S,,,,,,,,,,RedCap
2005200143,1,45879593,Occasionally or a moderate amount of time (3-4 days),AIREADI,,Occasionally,Meas Value,LOINC,Answer,LA6483-7,S,,,,,,,,,,RedCap
2005200144,0,45879199,All of the time (5-7 days),AIREADI,,Most of the time,Meas Value,LOINC,Answer,LA14734-0,S,,,,,,,,,,RedCap
2005200141,0,45883771,Rarely or none of the time (< 1 day),AIREADI,,Rarely or never,Meas Value,LOINC,Answer,LA15665-5,S,,,,,,,,,,RedCap
2005200142,1,45879198,Some or a little of the time (1-2 days),AIREADI,,Some of the time,Meas Value,LOINC,Answer,LA14733-2,S,,,,,,,,,,RedCap
2005200143,2,45879593,Occasionally or a moderate amount of time (3-4 days),AIREADI,,Occasionally,Meas Value,LOINC,Answer,LA6483-7,S,,,,,,,,,,RedCap
2005200144,3,45879199,All of the time (5-7 days),AIREADI,,Most of the time,Meas Value,LOINC,Answer,LA14734-0,S,,,,,,,,,,RedCap
2005200141,0,45883771,Rarely or none of the time (< 1 day),AIREADI,,Rarely or never,Meas Value,LOINC,Answer,LA15665-5,S,,,,,,,,,,RedCap
2005200142,1,45879198,Some or a little of the time (1-2 days),AIREADI,,Some of the time,Meas Value,LOINC,Answer,LA14733-2,S,,,,,,,,,,RedCap
2005200143,2,45879593,Occasionally or a moderate amount of time (3-4 days),AIREADI,,Occasionally,Meas Value,LOINC,Answer,LA6483-7,S,,,,,,,,,,RedCap
2005200144,3,45879199,All of the time (5-7 days),AIREADI,,Most of the time,Meas Value,LOINC,Answer,LA14734-0,S,,,,,,,,,,RedCap
2005200220,cmtrt,19402933,RxNorm (assign after visit),AIREADI,,RxNorm,Observation,MeSH,Main Heading,D062245,,,,,,,,,,,RedCap
2005200221,cmdosu,45890999,"Unit (Record the dose unit of the dose of concomitant medication/treatment/therapy taken (e.g., mg.)).",AIREADI,,unit per dose,Unit,UCUM,Unit,[U]/[dose],S,,,,,,,,,,RedCap
2005200222,13,45758813,Puff,AIREADI,,Metered dose inhaler,Device,SNOMED,Physical Object,463710006,S,,,,,,,,,,RedCap
2005200277,dmlvex,4248672,"In a typical week, how often do you engage in vigorous exercise? (Examples: hiking, jogging at 6 mph, shoveling, carrying heavy loads, bicycling fast (14-16 mph), playing basketball, playing soccer, playing tennis, or any activity during which you cannot say more than a few words without taking a breath)",AIREADI,,Physical activity target strenuous exercise,Observation,SNOMED,Clinical Finding,408579009,S,,,,,,,,,,RedCap
2005200278,dmlhex,4037807,"How often would you say that you engage in daily home exercise? (Examples: stretching, calisthenics, or yoga)",AIREADI,,Home exercise program,Procedure,SNOMED,Procedure,229075007,S,,,,,,,,,,RedCap
2005200305,dmlsugar,46272478,"When reflecting on your typical eating habits, which of the following options best describes how often you consume simple sugars?",AIREADI,,Assessment of eating and drinking behavior,Procedure,SNOMED,Procedure,710848001,S,,,,,,,,,,RedCap
2005200306,dmlgrain,46272478,"In a typical day, how often do you consume whole grains? (Examples: include whole wheat, brown bread, or brown rice).",AIREADI,,Assessment of eating and drinking behavior,Procedure,SNOMED,Procedure,710848001,S,,,,,,,,,,RedCap
2005200307,dmledu,4135171,"How often would you say that you engage in diabetes health education? (Examples: consulting with a dietician, attending support groups, reading books on diabetes, using diabetes-focused websites, watching TV shows on health, or using health-focused apps on your phone or tablet)",AIREADI,,Diabetes self-monitoring health education,Observation,SNOMED,Procedure,398773005,S,,,,,,,,,,RedCap
2005200308,dmlfeet,608849,How often do you inspect your feet?,AIREADI,,Inspection of foot,Procedure,SNOMED,Procedure,47251000175108,S,,,,,,,,,,RedCap
2005200309,dmlmd,4251597,Which of the following options best describes you with respect to physician care and medications?,AIREADI,,Assessment of compliance with medical regimen,Procedure,SNOMED,Procedure,410119004,S,,,,,,,,,,RedCap
2005200312,10,45876950,At least 30 minutes daily 3 or more days a week,AIREADI,,3 or more days,Meas Value,LOINC,Answer,LA14480-0,S,,,,,,,,,,RedCap
2005200314,10,45883573,"Active (stairs, walks, housework)",AIREADI,,Active,Meas Value,LOINC,Answer,LA16666-2,S,,,,,,,,,,RedCap
2005200315,5,1990229,Somewhat active,AIREADI,,Low active,Meas Value,LOINC,Answer,LA32776-9,S,,,,,,,,,,RedCap
2005200316,0,1990276,"Not Active (TV, computer, phone, use lifts)",AIREADI,,Sedentary,Meas Value,LOINC,Answer,LA32775-1,S,,,,,,,,,,RedCap
2005200317,10,45879676,Doing daily or almost daily,AIREADI,,Daily or almost daily,Meas Value,LOINC,Answer,LA18934-2,S,,,,,,,,,,RedCap
2005200318,5,42530680,Irregular; once or twice a week,AIREADI,,Once or twice a week,Meas Value,LOINC,Answer,LA26457-4,S,,,,,,,,,,RedCap
2005200319,10,45876672,Rarely eat sweets,AIREADI,,Rarely,Meas Value,LOINC,Answer,LA10066-1,S,,,,,,,,,,RedCap
2005200320,5,45879593,Occasionally eat sweets,AIREADI,,Occasionally,Meas Value,LOINC,Answer,LA6483-7,S,,,,,,,,,,RedCap
2005200321,0,45883983,Frequently eat sweets,AIREADI,,Frequently,Meas Value,LOINC,Answer,LA6482-9,S,,,,,,,,,,RedCap
2005200322,10,45882948,Usually eat whole grain,AIREADI,,Usually,Meas Value,LOINC,Answer,LA14747-2,S,,,,,,,,,,RedCap
2005200323,5,45876672,Rarely eat whole grain,AIREADI,,Rarely,Meas Value,LOINC,Answer,LA10066-1,S,,,,,,,,,,RedCap
2005200324,0,45882948,Usually eat white bread or white rice,AIREADI,,Usually,Meas Value,LOINC,Answer,LA14747-2,S,,,,,,,,,,RedCap
2005200325,10,45879464,Eat small portions and avoid second servings,AIREADI,,I eat much less than usual and only with personal effort,Meas Value,LOINC,Answer,LA14830-6,S,,,,,,,,,,RedCap
2005200326,5,45879593,Occasionally limit portions,AIREADI,,Occasionally,Meas Value,LOINC,Answer,LA6483-7,S,,,,,,,,,,RedCap
2005200327,0,45876672,Rarely or none; eat at buffets and restaurants with large portions,AIREADI,,Rarely,Meas Value,LOINC,Answer,LA10066-1,S,,,,,,,,,,RedCap
2005200328,10,45882430,4-5 servings or pieces of fruits and raw vegetables per day,AIREADI,,4-5 times per day,Meas Value,LOINC,Answer,LA13856-2,S,,,,,,,,,,RedCap
2005200329,5,21498536,1-3 servings or pieces per day,AIREADI,,1-3 times per day,Meas Value,LOINC,Answer,LA25000-3,S,,,,,,,,,,RedCap
2005200330,10,45879060,"Regularly; at least monthly (dietician, support groups, books, websites, apps)",AIREADI,,Monthly,Meas Value,LOINC,Answer,LA18876-5,S,,,,,,,,,,RedCap
2005200331,5,45879593,Occasionally; every 2-3 months,AIREADI,,Occasionally,Meas Value,LOINC,Answer,LA6483-7,S,,,,,,,,,,RedCap
2005200332,10,45878438,3 or more visits a year to the same doctor. Regular with medicines.,AIREADI,,3 or more,Meas Value,LOINC,Answer,LA19812-9,S,,,,,,,,,,RedCap
2005200333,5,46237352,1-2 visits a year. Forgetting medicines frequently.,AIREADI,,1-2 times,Meas Value,LOINC,Answer,LA23695-2,S,,,,,,,,,,RedCap
2005200334,0,45883771,Rarely or none. Not taking 1 or more recommended medicines,AIREADI,,Rarely or never,Meas Value,LOINC,Answer,LA15665-5,S,,,,,,,,,,RedCap
2005200238,0,45882431,Less than 1 time,AIREADI,,1 time per week,Meas Value,LOINC,Answer,LA13829-9,S,,,,,,,,,,RedCap
2005200239,1,45883428,1 - 3 times,AIREADI,,3 or 4,Meas Value,LOINC,Answer,LA15695-2,S,,,,,,,,,,RedCap
2005200240,0,21499051,5 or more,AIREADI,,5 or more times,Meas Value,LOINC,Answer,LA26057-2,S,,,,,,,,,,RedCap
2005200241,2,45884526,2 or less,AIREADI,,1-2,Meas Value,LOINC,Answer,LA14352-1,S,,,,,,,,,,RedCap
2005200240,0,21499051,5 or more,AIREADI,,5 or more times,Meas Value,LOINC,Answer,LA26057-2,S,,,,,,,,,,RedCap
2005200241,2,45884526,2 or less,AIREADI,,1-2,Meas Value,LOINC,Answer,LA14352-1,S,,,,,,,,,,RedCap
2005200242,0,45882431,Less than 1,AIREADI,,1 time per week,Meas Value,LOINC,Answer,LA13829-9,S,,,,,,,,,,RedCap
2005200238,2,45882431,Less than 1 time,AIREADI,,1 time per week,Meas Value,LOINC,Answer,LA13829-9,S,,,,,,,,,,RedCap
2005200243,0,45882431,1 time or less,AIREADI,,1 time per week,Meas Value,LOINC,Answer,LA13829-9,S,,,,,,,,,,RedCap
2005200242,0,45882431,Less than 1,AIREADI,,1 time per week,Meas Value,LOINC,Answer,LA13829-9,S,,,,,,,,,,RedCap
2005200192,eos_ds,40482840,Did the subject complete the study?,AIREADI,,Completion of clinical trial,Observation,SNOMED,Clinical Finding,443729008,S,,,,,,,,,,RedCap
2005200280,1,36310644,Did not meet Inclusion/Exclusion criteria,AIREADI,,Does not meet diagnostic threshold,Meas Value,LOINC,Answer,LA24349-5,S,,,,,,,,,,RedCap
2005200281,3,36662359,Withdrawal by Subject,AIREADI,,Person refused.,Meas Value,LOINC,Answer,LA30915-5,S,,,,,,,,,,RedCap
2005200282,4,4081426,Geographic Inaccessibility,AIREADI,,Residence remote from medical care,Observation,SNOMED,Context-dependent,183928007,S,,,,,,,,,,RedCap
2005200283,6,4204933,Currently enrolled in a conflicting study,AIREADI,,Research administrative status,Observation,SNOMED,Clinical Finding,309032007,S,,,,,,,,,,RedCap
2005200284,9,309032007,Protocol Deviation,AIREADI,,,,,,,,,,,,,,,,,RedCap
2005200285,1,1620925,Individual was under age 40,AIREADI,,Under 45 years,Meas Value,LOINC,Answer,LA31987-3,S,,,,,,,,,,RedCap
2005200286,3,40480675,Individual is not needed at this time for recruitment goals,AIREADI,,Does not meet eligibility criteria for clinical trial,Observation,SNOMED,Clinical Finding,444734003,S,,,,,,,,,,RedCap
2005200287,4,45883360,Individual had Type 1 Diabetes,AIREADI,,Diabetes Type 1,Meas Value,LOINC,Answer,LA10551-2,S,,,,,,,,,,RedCap
2005200288,2,764337,In Person (Baseline),AIREADI,,In-person encounter,Observation,SNOMED,Procedure,453701000124103,S,,,,,,,,,,RedCap
2005200138,dristate,4161694,Drivers license state,AIREADI,,State,Observation,SNOMED,Location,398070004,,,,,,,,,,,RedCap
2005200018,fh_dm2pt,4334340,Were either of your parents diagnosed with Type II Diabetes?,AIREADI,,Family history of diabetes mellitus type 2,Observation,SNOMED,Context-dependent,430679000,S,,,,,,,,,,RedCap
2005200019,fh_dm2sb,4334340,Has a sibling been diagnosed with Type II Diabetes?,AIREADI,,Family history of diabetes mellitus type 2,Observation,SNOMED,Context-dependent,430679000,S,,,,,,,,,,RedCap
2005200182,lbscat_wbc,4016934,White Blood Cells (WBC) - x10E3/ÂµL,AIREADI,,"WBC differential count, peripheral blood buffy coat smear",Measurement,SNOMED,Procedure,104128002,S,,,,,,,,,,RedCap
2005200183,lbscat_rbc,4030871,Red Blood Cells (RBC) - x10E6/ÂµL,AIREADI,,Red blood cell count,Measurement,SNOMED,Procedure,14089001,S,,,,,,,,,,RedCap
2005200145,cm_asp,,Have you taken aspirin in the past 2 weeks?,AIREADI,,,,,,,,,,,,,,,,,RedCap
2005200146,cm_act,,"Have you taken acetaminophen medicines, such as Tylenol, in the past 2 weeks?",AIREADI,,,,,,,,,,,,,,,,,RedCap
2005200147,cm_ibp,,Have you taken ibuprofen or ibuprofen-containing medicines such as Advil or Motrin in the past 2 weeks?,AIREADI,,,,,,,,,,,,,,,,,RedCap
2005200148,cm_ant,,"Have you taken antihistamines, such as cold pills or allergy pills, in the past 2 weeks?",AIREADI,,,,,,,,,,,,,,,,,RedCap
2005200149,cm_dcg,,"Have you taken decongestants, such as cold pills or allergy pills, in the past 2 weeks?",AIREADI,,,,,,,,,,,,,,,,,RedCap
2005200150,cm_slp,,Have you taken sleeping pills in the past 2 weeks?,AIREADI,,,,,,,,,,,,,,,,,RedCap
2005200067,via1,4173597,"How much difficulty, if any, do you have in recognizing a friend across the street? Would you say:",AIREADI,,Difficulty seeing distant objects,Observation,SNOMED,Clinical Finding,424348007,S,,,,,,,,,,RedCap
2005200068,via2,40768760,"How much difficulty, if any, do you have reading print in newspapers, magazines, recipes, menus, or numbers on the telephone? Would you say:",AIREADI,,How much difficulty do you have reading ordinary print in newspapers,Observation,LOINC,Clinical Observation,66077-9,S,,,,,,,,,,RedCap
2005200069,via5,4260904,You have indicated that you have not seen an eye care professional in the past 12 months. What is the main reason you have not visited an eye care professional in the past 12 months?,AIREADI,,Reason for,Observation,SNOMED,Attribute,410666004,,,,,,,,,,,RedCap
2005200070,via6,4312773,When was the last time you had an eye exam in which the pupils were dilated? (This would have made you temporarily sensitive to bright light),AIREADI,,Instillation of dilating eye drops to eye,Procedure,SNOMED,Procedure,424986007,S,,,,,,,,,,RedCap
2005200244,3,45876410,Within the past 2 years (1 year but less than 2 years ago),AIREADI,,More than 12 months ago but within the past 3 years,Meas Value,LOINC,Answer,LA15790-1,S,,,,,,,,,,RedCap
2005200245,1,46237671,Cost/Insurance,AIREADI,,Insurance,Meas Value,LOINC,Answer,LA21462-9,S,,,,,,,,,,RedCap
2005200246,2,45883792,Do not have/know an eye doctor,AIREADI,,Do not,Meas Value,LOINC,Answer,LA14426-3,S,,,,,,,,,,RedCap
2005200247,3,36309220,"Cannot get to the office/clinic (too far away, no transportation)",AIREADI,,Transportation limitations,Meas Value,LOINC,Answer,LA28319-4,S,,,,,,,,,,RedCap
2005200249,5,45878810,No reason to go (no problem),AIREADI,,No apparent problem,Meas Value,LOINC,Answer,LA9619-3,S,,,,,,,,,,RedCap
2005200250,6,45878810,Have not thought of it,AIREADI,,No apparent problem,Meas Value,LOINC,Answer,LA9619-3,S,,,,,,,,,,RedCap
2005200244,3,45876410,Within the past 2 years (1 year but less than 2 years ago),AIREADI,,More than 12 months ago but within the past 3 years,Meas Value,LOINC,Answer,LA15790-1,S,,,,,,,,,,RedCap
2005200044,paid_scrd,36716888,Feeling scared when you think about living with diabetes,AIREADI,,Fear of metabolic disease,Condition,SNOMED,Clinical Finding,723113005,S,,,,,,,,,,RedCap
2005200046,paid_wr,4084699,Worrying about the future and the possibility of serious complications,AIREADI,,Anxiety about body function or health,Observation,SNOMED,Clinical Finding,247808006,S,,,,,,,,,,RedCap
2005200047,paid_eng,4265571,Feeling that diabetes is taking up too much of your mental and physical energy every day,AIREADI,,Finding related to ability to comply with treatment,Observation,SNOMED,Clinical Finding,397695000,S,,,,,,,,,,RedCap
2005200048,paid_cml,4262172,Coping with complications of diabetes,AIREADI,,Finding related to ability to cope,Observation,SNOMED,Clinical Finding,397706001,S,,,,,,,,,,RedCap
2005200049,paidscore,46273583,PAID score,AIREADI,,Assessment of attitude toward health status,Procedure,SNOMED,Procedure,710834001,S,,,,,,,,,,RedCap
2005200213,0,45878810,Not a problem,AIREADI,,No apparent problem,Meas Value,LOINC,Answer,LA9619-3,S,,,,,,,,,,RedCap
2005200214,1,45881304,Minor problem,AIREADI,,Potential problem,Meas Value,LOINC,Answer,LA9618-5,S,,,,,,,,,,RedCap
2005200215,2,45881304,Moderate problem,AIREADI,,Potential problem,Meas Value,LOINC,Answer,LA9618-5,S,,,,,,,,,,RedCap
2005200216,3,45884351,Somewhat serious problem,AIREADI,,Problem,Meas Value,LOINC,Answer,LA9617-7,S,,,,,,,,,,RedCap
2005200217,4,45884351,Serious problem,AIREADI,,Problem,Meas Value,LOINC,Answer,LA9617-7,S,,,,,,,,,,RedCap
2005200213,0,45878810,Not a problem,AIREADI,,No apparent problem,Meas Value,LOINC,Answer,LA9619-3,S,,,,,,,,,,RedCap
2005200214,1,45881304,Minor problem,AIREADI,,Potential problem,Meas Value,LOINC,Answer,LA9618-5,S,,,,,,,,,,RedCap
2005200215,2,45881304,Moderate problem,AIREADI,,Potential problem,Meas Value,LOINC,Answer,LA9618-5,S,,,,,,,,,,RedCap
2005200216,3,45884351,Somewhat serious problem,AIREADI,,Problem,Meas Value,LOINC,Answer,LA9617-7,S,,,,,,,,,,RedCap
2005200217,4,45884351,Serious problem,AIREADI,,Problem,Meas Value,LOINC,Answer,LA9617-7,S,,,,,,,,,,RedCap
2005200213,0,45878810,Not a problem,AIREADI,,No apparent problem,Meas Value,LOINC,Answer,LA9619-3,S,,,,,,,,,,RedCap
2005200214,1,45881304,Minor problem,AIREADI,,Potential problem,Meas Value,LOINC,Answer,LA9618-5,S,,,,,,,,,,RedCap
2005200215,2,45881304,Moderate problem,AIREADI,,Potential problem,Meas Value,LOINC,Answer,LA9618-5,S,,,,,,,,,,RedCap
2005200216,3,45884351,Somewhat serious problem,AIREADI,,Problem,Meas Value,LOINC,Answer,LA9617-7,S,,,,,,,,,,RedCap
2005200217,4,45884351,Serious problem,AIREADI,,Problem,Meas Value,LOINC,Answer,LA9617-7,S,,,,,,,,,,RedCap
2005200213,0,45878810,Not a problem,AIREADI,,No apparent problem,Meas Value,LOINC,Answer,LA9619-3,S,,,,,,,,,,RedCap
2005200214,1,45881304,Minor problem,AIREADI,,Potential problem,Meas Value,LOINC,Answer,LA9618-5,S,,,,,,,,,,RedCap
2005200215,2,45881304,Moderate problem,AIREADI,,Potential problem,Meas Value,LOINC,Answer,LA9618-5,S,,,,,,,,,,RedCap
2005200216,3,45884351,Somewhat serious problem,AIREADI,,Problem,Meas Value,LOINC,Answer,LA9617-7,S,,,,,,,,,,RedCap
2005200217,4,45884351,Serious problem,AIREADI,,Problem,Meas Value,LOINC,Answer,LA9617-7,S,,,,,,,,,,RedCap
2005200213,0,45878810,Not a problem,AIREADI,,No apparent problem,Meas Value,LOINC,Answer,LA9619-3,S,,,,,,,,,,RedCap
2005200214,1,45881304,Minor problem,AIREADI,,Potential problem,Meas Value,LOINC,Answer,LA9618-5,S,,,,,,,,,,RedCap
2005200215,2,45881304,Moderate problem,AIREADI,,Potential problem,Meas Value,LOINC,Answer,LA9618-5,S,,,,,,,,,,RedCap
2005200216,3,45884351,Somewhat serious problem,AIREADI,,Problem,Meas Value,LOINC,Answer,LA9617-7,S,,,,,,,,,,RedCap
2005200217,4,45884351,Serious problem,AIREADI,,Problem,Meas Value,LOINC,Answer,LA9617-7,S,,,,,,,,,,RedCap
2005200268,88,45879145,Does not apply to my neighborhood,AIREADI,,PEFR 1,Meas Value,LOINC,Answer,LA16616-7,S,,,,,,,,,,RedCap
2005200268,88,45879145,Does not apply to my neighborhood,AIREADI,,PEFR 1,Meas Value,LOINC,Answer,LA16616-7,S,,,,,,,,,,RedCap
2005200270,6,45879188,6 or more,AIREADI,,6 or more times,Meas Value,LOINC,Answer,LA14674-8,S,,,,,,,,,,RedCap
2005200073,pxji1,,"Thinking about the next 12 months, how likely do you think it is that you will lose your job or be laid off?",AIREADI,,,,,,,,,,,,,,,,,RedCap
2005200074,pxji2,,"About how easy would it be for you to find a job with another employer with approximately the same income and fringe benefits you now have? Would you say very easy, somewhat easy, or not easy at all?",AIREADI,,,,,,,,,,,,,,,,,RedCap
2005200075,pxhi1,42869557,What is your living situation today?,AIREADI,,Housing status,Observation,LOINC,Survey,71802-3,S,,,,,,,,,,RedCap
2005200076,pxhi2,,Think about the place you live. Do you have problems with any of the following? CHOOSE ALL THAT APPLY,AIREADI,,,,,,,,,,,,,,,,,RedCap
2005200077,pxpa1,,"In the last 12 months, have you delayed getting prescription medicines because of worry about the cost?",AIREADI,,,,,,,,,,,,,,,,,RedCap
2005200078,pxpa2,,Did any other person in your household delay getting prescription medicines because of worry about the cost?,AIREADI,,,,,,,,,,,,,,,,,RedCap
2005200079,pxpa3,,"In the last 12 months, was there any time when you needed prescription medicines, but did not get them because you couldn't afford it?",AIREADI,,,,,,,,,,,,,,,,,RedCap
2005200080,pxpa4,,"In the last 12 months, was there any time when anyone else in your household needed prescription medicines, but did not get them because you/they couldn't afford it?",AIREADI,,,,,,,,,,,,,,,,,RedCap
2005200251,5,45877709,Will be leaving labor force voluntarily,AIREADI,,Unemployed,Meas Value,LOINC,Answer,LA17956-6,S,,,,,,,,,,RedCap
2005200252,1,46237671,Covered,AIREADI,,Insurance,Meas Value,LOINC,Answer,LA21462-9,S,,,,,,,,,,RedCap
2005200252,1,46237671,Covered,AIREADI,,Insurance,Meas Value,LOINC,Answer,LA21462-9,S,,,,,,,,,,RedCap
2005200252,1,46237671,Covered,AIREADI,,Insurance,Meas Value,LOINC,Answer,LA21462-9,S,,,,,,,,,,RedCap
2005200252,1,46237671,Covered,AIREADI,,Insurance,Meas Value,LOINC,Answer,LA21462-9,S,,,,,,,,,,RedCap
2005200252,1,46237671,Covered,AIREADI,,Insurance,Meas Value,LOINC,Answer,LA21462-9,S,,,,,,,,,,RedCap
2005200252,1,46237671,Covered,AIREADI,,Insurance,Meas Value,LOINC,Answer,LA21462-9,S,,,,,,,,,,RedCap
2005200252,1,46237671,Covered,AIREADI,,Insurance,Meas Value,LOINC,Answer,LA21462-9,S,,,,,,,,,,RedCap
2005200253,0,45881114,I do NOT have health insurance,AIREADI,,Not Covered by Insurance,Meas Value,LOINC,Answer,LA10041-4,S,,,,,,,,,,RedCap
2005200254,1,46237671,I HAVE some kind of health insurance,AIREADI,,Insurance,Meas Value,LOINC,Answer,LA21462-9,S,,,,,,,,,,RedCap
2005200255,5,45884538,Within the last 10 years (5 years but less than 10 years ago),AIREADI,,More than 5 years,Meas Value,LOINC,Answer,LA14769-6,S,,,,,,,,,,RedCap
2005200255,5,45884538,Within the last 10 years (5 years but less than 10 years ago),AIREADI,,More than 5 years,Meas Value,LOINC,Answer,LA14769-6,S,,,,,,,,,,RedCap
2005200258,1,36309375,A doctor's office or health center,AIREADI,,Doctor's office,Meas Value,LOINC,Answer,LA26177-8,S,,,,,,,,,,RedCap
2005200259,2,1990187,"Walk-in clinic, urgent care center, or retail clinic in a pharmacy or grocery store",AIREADI,,Urgent Care Center,Meas Value,LOINC,Answer,LA24179-6,S,,,,,,,,,,RedCap
2005200260,4,36309555,A VA Medical Center or VA outpatient clinic,AIREADI,,Hospital outpatient clinic,Meas Value,LOINC,Answer,LA26180-2,S,,,,,,,,,,RedCap
2005200262,1,45876834,1 - 10 times,AIREADI,,1-10,Meas Value,LOINC,Answer,LA14422-2,S,,,,,,,,,,RedCap
2005200263,2,46237301,11 - 19 times,AIREADI,,More than 10 times,Meas Value,LOINC,Answer,LA23703-4,S,,,,,,,,,,RedCap
2005200264,3,46237301,20 - 29 times,AIREADI,,More than 10 times,Meas Value,LOINC,Answer,LA23703-4,S,,,,,,,,,,RedCap
2005200265,4,46237301,30 - 39 times,AIREADI,,More than 10 times,Meas Value,LOINC,Answer,LA23703-4,S,,,,,,,,,,RedCap
2005200266,5,46237301,40 - 49 times,AIREADI,,More than 10 times,Meas Value,LOINC,Answer,LA23703-4,S,,,,,,,,,,RedCap
2005200267,6,45884714,50 or more times,AIREADI,,More than 50,Meas Value,LOINC,Answer,LA15343-9,S,,,,,,,,,,RedCap
2005200262,1,45876834,1 - 10 times,AIREADI,,1-10,Meas Value,LOINC,Answer,LA14422-2,S,,,,,,,,,,RedCap
2005200263,2,46237301,11 - 19 times,AIREADI,,More than 10 times,Meas Value,LOINC,Answer,LA23703-4,S,,,,,,,,,,RedCap
2005200264,3,46237301,20 - 29 times,AIREADI,,More than 10 times,Meas Value,LOINC,Answer,LA23703-4,S,,,,,,,,,,RedCap
2005200265,4,46237301,30 - 39 times,AIREADI,,More than 10 times,Meas Value,LOINC,Answer,LA23703-4,S,,,,,,,,,,RedCap
2005200266,5,46237301,40 - 49 times,AIREADI,,More than 10 times,Meas Value,LOINC,Answer,LA23703-4,S,,,,,,,,,,RedCap
2005200267,6,45884714,50 or more times,AIREADI,,More than 50,Meas Value,LOINC,Answer,LA15343-9,S,,,,,,,,,,RedCap
2005200194,41,45884478,41-50 (up to 2.5 packs),AIREADI,,31 or more (3 points),Meas Value,LOINC,Answer,LA15915-4,S,,,,,,,,,,RedCap
2005200195,51,45884478,More than 50 (3 or more packs),AIREADI,,31 or more (3 points),Meas Value,LOINC,Answer,LA15915-4,S,,,,,,,,,,RedCap
2005200196,22,45876700,22 to 28,AIREADI,,14 drinks or more a week,Meas Value,LOINC,Answer,LA14679-7,S,,,,,,,,,,RedCap
2005200197,29,45876770,29 to 35,AIREADI,,26 to 35 cigarettes per day (about 1 1/2 packs),Meas Value,LOINC,Answer,LA15787-7,S,,,,,,,,,,RedCap
2005200198,36,45876700,36 or more,AIREADI,,14 drinks or more a week,Meas Value,LOINC,Answer,LA14679-7,S,,,,,,,,,,RedCap
2005200199,21,45876700,21-25 (5 bottles),AIREADI,,14 drinks or more a week,Meas Value,LOINC,Answer,LA14679-7,S,,,,,,,,,,RedCap
2005200208,26,45876700,26-30 (6 bottles),AIREADI,,14 drinks or more a week,Meas Value,LOINC,Answer,LA14679-7,S,,,,,,,,,,RedCap
2005200209,31,45876700,31-35 (7 bottles),AIREADI,,14 drinks or more a week,Meas Value,LOINC,Answer,LA14679-7,S,,,,,,,,,,RedCap
2005200210,35,45876700,More than 36 (greater than 7 bottles),AIREADI,,14 drinks or more a week,Meas Value,LOINC,Answer,LA14679-7,S,,,,,,,,,,RedCap
2005200196,22,45876700,22 to 28,AIREADI,,14 drinks or more a week,Meas Value,LOINC,Answer,LA14679-7,S,,,,,,,,,,RedCap
2005200197,29,45876770,29 to 35,AIREADI,,26 to 35 cigarettes per day (about 1 1/2 packs),Meas Value,LOINC,Answer,LA15787-7,S,,,,,,,,,,RedCap
2005200198,36,45876700,36 or more,AIREADI,,14 drinks or more a week,Meas Value,LOINC,Answer,LA14679-7,S,,,,,,,,,,RedCap
2005200605,mssrf1,4047085,Right foot - site 1,AIREADI,,,,,,,,,,,,,,,,,RedCap
2005200606,mssrf2,4047085,Right foot - site 2,AIREADI,,,,,,,,,,,,,,,,,RedCap
2005200607,mssrf3,4047085,Right foot - site 3,AIREADI,,,,,,,,,,,,,,,,,RedCap
2005200608,mssrf4,4047085,Right foot - site 4,AIREADI,,,,,,,,,,,,,,,,,RedCap
2005200609,mssrf5,4047085,Right foot - site 5,AIREADI,,,,,,,,,,,,,,,,,RedCap
2005200610,mssrf6,4047085,Right foot - site 6,AIREADI,,,,,,,,,,,,,,,,,RedCap
2005200611,mssrf7,4047085,Right foot - site 7,AIREADI,,,,,,,,,,,,,,,,,RedCap
2005200612,mssrf8,4047085,Right foot - site 8,AIREADI,,,,,,,,,,,,,,,,,RedCap
2005200613,mssrf9,4047085,Right foot - site 9,AIREADI,,,,,,,,,,,,,,,,,RedCap
2005200614,mssrf10,4047085,Right foot - site 10,AIREADI,,,,,,,,,,,,,,,,,RedCap
2005200615,msslf1,4047085,Left foot - site 1,AIREADI,,,,,,,,,,,,,,,,,RedCap
2005200616,msslf2,4047085,Left foot - site 2,AIREADI,,,,,,,,,,,,,,,,,RedCap
2005200617,msslf3,4047085,Left foot - site 3,AIREADI,,,,,,,,,,,,,,,,,RedCap
2005200618,msslf4,4047085,Left foot - site 4,AIREADI,,,,,,,,,,,,,,,,,RedCap
2005200619,msslf5,4047085,Left foot - site 5,AIREADI,,,,,,,,,,,,,,,,,RedCap
2005200620,msslf6,4047085,Left foot - site 6,AIREADI,,,,,,,,,,,,,,,,,RedCap
2005200621,msslf7,4047085,Left foot - site 7,AIREADI,,,,,,,,,,,,,,,,,RedCap
2005200622,msslf8,4047085,Left foot - site 8,AIREADI,,,,,,,,,,,,,,,,,RedCap
2005200623,msslf9,4047085,Left foot - site 9,AIREADI,,,,,,,,,,,,,,,,,RedCap
2005200624,msslf10,4047085,Left foot - site 10,AIREADI,,,,,,,,,,,,,,,,,RedCap
2005200627,mhoccur_cvdot,40770062,"Other heart issues (Examples: pacemaker, heart valve disease, open heart surgery)",AIREADI,,,,,,,,,,,,,,,,,RedCap
2005200628,mhoccur_strk,40770062,Stroke,AIREADI,,,,,,,,,,,,,,,,,RedCap
2005200570,cesmpdat,44804317,CES-D-10 Survey,AIREADI,,,,,,,,,,,,,,,,,RedCap
2005200570,cesstartts,44804317,CES-D-10 Survey,AIREADI,,,,,,,,,,,,,,,,,RedCap
2005200570,cescmpts,44804317,CES-D-10 Survey,AIREADI,,,,,,,,,,,,,,,,,RedCap
2005200565,icf_dat,44804317,Consent Survey,AIREADI,,,,,,,,,,,,,,,,,RedCap
2005200587,c184390_dat,765499,Paper Consent Completed,AIREADI,,,,,,,,,,,,,,,,,RedCap
2005200565,icfsvyts,44804317,Consent Survey,AIREADI,,,,,,,,,,,,,,,,,RedCap
2005200565,icfcmpts,44804317,Consent Survey,AIREADI,,,,,,,,,,,,,,,,,RedCap
2005200594,cmcmpdat2,764170,Current medication collected,AIREADI,,,,,,,,,,,,,,,,,RedCap
2005200567,dmgcmpdat,44804317,Demographic Survey,AIREADI,,,,,,,,,,,,,,,,,RedCap
2005200567,dmgstartts,44804317,Demographic Survey,AIREADI,,,,,,,,,,,,,,,,,RedCap
2005200567,dmgcmpts,44804317,Demographic Survey,AIREADI,,,,,,,,,,,,,,,,,RedCap
2005200591,dvamwstdat,4169265,Device given to participant,AIREADI,,,,,,,,,,,,,,,,,RedCap
2005200592,dvcgmstdat,4254068,Sensor inserted,AIREADI,,,,,,,,,,,,,,,,,RedCap
2005200591,dvenvstdat,4169265,Device given to participant,AIREADI,,,,,,,,,,,,,,,,,RedCap
2005200604,dvamwendat,4256607,device received back from participant,AIREADI,,,,,,,,,,,,,,,,,RedCap
2005200604,dvcgmendat,4256607,device received back from participant,AIREADI,,,,,,,,,,,,,,,,,RedCap
2005200604,dvenvendat,4256607,device received back from participant,AIREADI,,,,,,,,,,,,,,,,,RedCap
2005200572,dmlcmpdat,44804317,Diabetes Survey,AIREADI,,,,,,,,,,,,,,,,,RedCap
2005200572,dmlstartts,44804317,Diabetes Survey,AIREADI,,,,,,,,,,,,,,,,,RedCap
2005200572,dmlcmpts,44804317,Diabetes Survey,AIREADI,,,,,,,,,,,,,,,,,RedCap
2005200573,dietcmpdat,44804317,Dietary Survey,AIREADI,,,,,,,,,,,,,,,,,RedCap
2005200573,dietstartts,44804317,Dietary Survey,AIREADI,,,,,,,,,,,,,,,,,RedCap
2005200573,dietcmpts,44804317,Dietary Survey,AIREADI,,,,,,,,,,,,,,,,,RedCap
2005200625,eos_dsstdat,44810922,AI-READI study discontinuation or completion,AIREADI,,,,,,,,,,,,,,,,,RedCap
2005200590,dricmpdat,4151655,Driving record assessment conducted,AIREADI,,,,,,,,,,,,,,,,,RedCap
2005200562,faqcmpdat,44804317,FAQ Survey,AIREADI,,,,,,,,,,,,,,,,,RedCap
2005200562,faqstartts,44804317,FAQ Survey,AIREADI,,,,,,,,,,,,,,,,,RedCap
2005200562,faqcmpts,44804317,FAQ Survey,AIREADI,,,,,,,,,,,,,,,,,RedCap
2005200568,mhcmpdat,44804317,Health Survey,AIREADI,,,,,,,,,,,,,,,,,RedCap
2005200015,mhoccur_circ,40770062,"Circulation problems (Examples: arteriosclerosis, atherosclerosis, blood clots in lungs or leg veins)",AIREADI,,,,,,,,,,,,,,,,,RedCap
2005200451,mhcat_dmtaot,35207358,Other types of Dementia or Alzheimer's Disease,AIREADI,,,,,,,,,,,,,,,,,RedCap
2005200459,mhoccur_cnrot,45884514,Other cancer type please (specify),AIREADI,,,,,,,,,,,,,,,,,RedCap
2005200017,mhoccur_rnl,45881016,Kidney problems,AIREADI,,,,,,,,,,,,,,,,,RedCap
2005200568,mhstartts,44804317,Health Survey,AIREADI,,,,,,,,,,,,,,,,,RedCap
2005200568,mhcmpts,44804317,Health Survey,AIREADI,,,,,,,,,,,,,,,,,RedCap
2005200603,lbdattim1,45947519,clinical labs,AIREADI,,,,,,,,,,,,,,,,,RedCap
2005200593,cmcmpdat,45880025,Medications assessment conducted,AIREADI,,,,,,,,,,,,,,,,,RedCap
2005200574,viacmpdat,44804317,Ophthalmic Survey,AIREADI-Vision,,,,,,,,,,,,,,,,,RedCap
2005200574,viastartts,44804317,Ophthalmic Survey,AIREADI-Vision,,,,,,,,,,,,,,,,,RedCap
2005200574,viacmpts,44804317,Ophthalmic Survey,AIREADI-Vision,,,,,,,,,,,,,,,,,RedCap
2005200571,paidcmpdat,44804317,PAID-5 DM Survey,AIREADI,,,,,,,,,,,,,,,,,RedCap
2005200571,paidstartts,44804317,PAID-5 DM Survey,AIREADI,,,,,,,,,,,,,,,,,RedCap
2005200571,paidcmpts,44804317,PAID-5 DM Survey,AIREADI,,,,,,,,,,,,,,,,,RedCap
2005200566,prtcmpdat,44804317,Participant Contact Survey,AIREADI,,,,,,,,,,,,,,,,,RedCap
2005200564,preconcmpdat,44804317,Pre-consent Survey,AIREADI,,,,,,,,,,,,,,,,,RedCap
2005200564,preconstartts,44804317,Pre-consent Survey,AIREADI,,,,,,,,,,,,,,,,,RedCap
2005200564,preconcmpts,44804317,Pre-consent Survey,AIREADI,,,,,,,,,,,,,,,,,RedCap
2005200595,rtfncmpdattim,45885156,Fundus - Edion,AIREADI-Vision,,,,,,,,,,,,,,,,,RedCap
2005200596,rtfnocmpdattim,45885156,Fundus - Optomed,AIREADI-Vision,,,,,,,,,,,,,,,,,RedCap
2005200597,rthracmpdattim,45885156,OCT & OCTA - Spectralis HRA OCT,AIREADI-Vision,,,,,,,,,,,,,,,,,RedCap
2005200598,rtoctcmpdattim,45885156,OCT - Triton OCT,AIREADI-Vision,,,,,,,,,,,,,,,,,RedCap
2005200599,rtm2cmpdattim,45885156,OCT & OCTA - Maestro2,AIREADI-Vision,,,,,,,,,,,,,,,,,RedCap
2005200600,rtfliocmpdattim,45885156,FLIO,AIREADI-Vision,,,,,,,,,,,,,,,,,RedCap
2005200601,rtaccmpdattim,45885156,Angioplex - Cirrus 5000,AIREADI-Vision,,,,,,,,,,,,,,,,,RedCap
2005200602,rtekgcmpdattim,45885156,Cardiology - EKG - Pagewriter TC30 Cardiograp,AIREADI,,,,,,,,,,,,,,,,,RedCap
2005200584,pxsficmpdat,45875977,PhenX Food Insecurity Survey,AIREADI,,,,,,,,,,,,,,,,,RedCap
2005200584,pxfistartts,45875977,PhenX Food Insecurity Survey,AIREADI,,,,,,,,,,,,,,,,,RedCap
2005200584,pxsficmpts,45875977,PhenX Food Insecurity Survey,AIREADI,,,,,,,,,,,,,,,,,RedCap
2005200584,px270301_metadata,45875977,PhenX Food Insecurity Survey,AIREADI,,,,,,,,,,,,,,,,,RedCap
2005200585,pxnecmpdat,45875977,PhenX Neighborhood Environment Survey,AIREADI,,,,,,,,,,,,,,,,,RedCap
2005200585,pxnestartts,45875977,PhenX Neighborhood Environment Survey,AIREADI,,,,,,,,,,,,,,,,,RedCap
2005200585,pxnecmpts,45875977,PhenX Neighborhood Environment Survey,AIREADI,,,,,,,,,,,,,,,,,RedCap
2005200585,px291201_metadata,45875977,PhenX Neighborhood Environment Survey,AIREADI,,,,,,,,,,,,,,,,,RedCap
2005200586,pxrdcmpdat,45875977,PhenX Racial/Ethnic Survey,AIREADI,,,,,,,,,,,,,,,,,RedCap
2005200586,pxrdcmpts,45875977,PhenX Racial/Ethnic Survey,AIREADI,,,,,,,,,,,,,,,,,RedCap
2005200586,pxrdstartts,45875977,PhenX Racial/Ethnic Survey,AIREADI,,,,,,,,,,,,,,,,,RedCap
2005200586,px281501_metadata,45875977,PhenX Racial/Ethnic Survey,AIREADI,,,,,,,,,,,,,,,,,RedCap
2005200575,pxsdohcmpdat,45875977,PhenX SDOH Survey,AIREADI,,,,,,,,,,,,,,,,,RedCap
2005200575,pxsdohstartts,45875977,PhenX SDOH Survey,AIREADI,,,,,,,,,,,,,,,,,RedCap
2005200575,pxsdohcmpts,45875977,PhenX SDOH Survey,AIREADI,,,,,,,,,,,,,,,,,RedCap
2005200576,px270201_metadata,45875977,PhenX English Proficiency Survey,AIREADI,,,,,,,,,,,,,,,,,RedCap
2005200577,px011002_metadata,45875977,PhenX Education Attainment Survey,AIREADI,,,,,,,,,,,,,,,,,RedCap
2005200578,px280301_metadata,45875977,PhenX Job Security Survey,AIREADI,,,,,,,,,,,,,,,,,RedCap
2005200579,px281401_metadata,45875977,PhenX Housing Insecurity Survey,AIREADI,,,,,,,,,,,,,,,,,RedCap
2005200580,px280801_metadata,45875977,PhenX Prescriptions Affordability Survey,AIREADI,,,,,,,,,,,,,,,,,RedCap
2005200581,px11502_metadata,45875977,PhenX Health Insurance Survey,AIREADI,,,,,,,,,,,,,,,,,RedCap
2005200582,px270101_metadata,45875977,PhenX Health Care Access Survey,AIREADI,,,,,,,,,,,,,,,,,RedCap
2005200583,px280901_metadata,45875977,PhenX Healthcare Discrimination Survey,AIREADI,,,,,,,,,,,,,,,,,RedCap
2005200561,recstartts,44804317,Recruitment Survey,AIREADI,,,,,,,,,,,,,,,,,RedCap
2005200561,reccmpts,44804317,Recruitment Survey,AIREADI,,,,,,,,,,,,,,,,,RedCap
2005200626,rt_dat,44792407,Assessment,AIREADI,,,,,,,,,,,,,,,,,RedCap
2005200563,scrcmpdat,44804317,Screening Survey,AIREADI,,,,,,,,,,,,,,,,,RedCap
2005200547,mh_a1c,4152671,Elevated A1C levels (elevated blood sugars),AIREADI,,,,,,,,,,,,,,,,,RedCap
2005200563,scrstartts,44804317,Screening Survey,AIREADI,,,,,,,,,,,,,,,,,RedCap
2005200563,scrcmpts,44804317,Screening Survey,AIREADI,,,,,,,,,,,,,,,,,RedCap
2005200588,icfa_dat,3018196,Consent Attestation,AIREADI,,,,,,,,,,,,,,,,,RedCap
2005200569,sucmpdat,44804317,Substance Use Survey,AIREADI,,,,,,,,,,,,,,,,,RedCap
2005200569,sustartts,44804317,Substance Use Survey,AIREADI,,,,,,,,,,,,,,,,,RedCap
2005200569,sucmpts,44804317,Substance Use Survey,AIREADI,,,,,,,,,,,,,,,,,RedCap
2005200561,reccmpdat,44804317,Recruitment Survey,AIREADI,,,,,,,,,,,,,,,,,RedCap
