,concept_code_1,SRC CODE,vocabulary_id_1,relationship_id,concept_id_2,temp name,temp domain,vocabulary_id_2,temp class,concept_code_2,temp standard,relationship_valid_start_date,relationship_valid_end_date,invalid_reason,confidence,predicate_id,mapping_source,mapping_justification,mapping_tool,Notes
"concept name of the code you want to add
max 255 characters","codes you want to add
max 50 characters",,"short name (id) of your vocabulary
max 20 characters",Maps to only,"concept_id in the OHDSI Vocabularies you map to [USE EITHER concept_id_2 OR concept_code_2+vocabulary_id_2]
max 50 characters",,,"OHDSI Vocabulary you map to
max 20 characters",,"concept_code in the OHDSI Vocabularies you map to
max 50 characters",,"usually current date
date","12/31/2099
date",empty only,"confidence in the new mapping
0-1","indicates type of mapping: exactMatch for exact match, narrowMatch for mapping from a broad to a granular concept, broadMatch for mapping from granular specific concept to a less specific broad concept",indicate where the mapping is coming from (ManualMapping or name of the resource you are getting the mappings from),"how the mapping was arrived at: ManualMappingCuration, LexicalMatching, DataDriven",fill with the name of the tool if such was used ,
Has a doctor or other healthcare professional ever told you that you have/had...,2005200014,,AIREADI,,,,,,,,,,,,,,,,,
Elevated A1C levels (elevated blood sugars),2005200547,mh_a1c,AIREADI,,,,,,,269823000,,,,,,,ManualMapping,ManualMappingCuration,,
"Do you take pills to control your A1C and blood glucose levels? Examples: Metformin (Glucophage, Glumetza, Fortamet, Riomet), Glucotrol, Amaryl, DiaBeta, Blynase PresTab, Micronase, Actos, Avandia, Precose, Glyset, Prandin, Starlix, Januvia, Onglyza, Tradjenta, Nesina, Invokana, Farxiga, Jardiance, Welchol, and Cyclocet",2005200548,cmtrt_a1c,AIREADI,,4016042,Diabetic on oral treatment,Observation,SNOMED,Clinical Finding,170746002,S,,,,0.75,skos:broadMatch,ManualMapping,ManualMappingCuration,,
"Circulation problems (Examples: arteriosclerosis, atherosclerosis, blood clots in lungs or leg veins)",2005200015,mhoccur_circ,AIREADI,,40770062,History of Problems with your heart or circulation [PhenX],Observation,LOINC,Clinical Observation,67434-1,S,,,,0.75,skos:relatedMatch,,,,
"Do you use other injections to control your blood glucose levels?  Examples: Victoza, Ozempic, Symlin, Tanzeum, and Trulicity",2005200550,cmtrt_glcs,AIREADI,,36714369,Diabetic on non-insulin injectable medication,Observation,SNOMED,Clinical Finding,719566006,S,,,,0.75,skos:broadMatch,ManualMapping,ManualMappingCuration,,
"Do you use lifestyle changes to control your A1C and blood glucose levels? Examples: regular exercise, avoiding sugary foods and beverages, eating a balanced diet with lots of vegetables, sticking to a consistent eating schedule",2005200004,cmtrt_lfst,AIREADI,,607008,Able to modify behavior and lifestyle to support health improvement,Observation,SNOMED,Clinical Finding,1148971005,S,,,,0.75,skos:broadMatch,ManualMapping,ManualMappingCuration,,
"What is your ancestry or ethnic origin?(Examples: Italian, Jamaican, African American, Cambodian, Cape Verdean, Cherokee, Navajo, Nez Pearce, Norwegian, Dominican, French Canadian, Haitian, Korean, Lebanese, Polish, Nigerian, Mexican, Taiwanese, Ukrainian, and so on.)",2005200557,ancestry,AIREADI,,45880188,Your ancestry or national origin,Meas Value,LOINC,Answer,LA15574-9,S,,,,0.75,skos:relatedMatch,ManualMapping,ManualMappingCuration,,
Do you inject insulin to control your blood glucose levels?,2005200549,cmtrt_insln,AIREADI,,440922,Diabetic on insulin,Observation,SNOMED,Clinical Finding,170747006,S,,,,0.75,skos:broadMatch,ManualMapping,ManualMappingCuration,,
Other types of Dementia or Alzheimer's Disease,2005200451,mhcat_dmtaot,AIREADI,,35207358,Other Alzheimer's disease,Condition,ICD10CM,4-char billing code,G30.8,N,,,,0.75,skos:narrowMatch,ManualMapping,ManualMappingCuration,,
Other cancer type please (specify),2005200459,mhoccur_cnrot,AIREADI,,45884514,Other cancer,Meas Value,LOINC,Answer,LA14284-6,S,,,,0.75,skos:broadMatch,ManualMapping,ManualMappingCuration,,
Kidney problems,2005200017,mhoccur_rnl,AIREADI,,,,,,,LA4591-9,,,,,,,ManualMapping,ManualMappingCuration,,
Were either of your parents diagnosed with Type II Diabetes?,2005200018,fh_dm2pt,AIREADI,,4334340,Family history of diabetes mellitus type 2,Observation,SNOMED,Context-dependent,430679000,S,,,,0.75,skos:broadMatch,ManualMapping,ManualMappingCuration,,
Was your mother or father diagnosed with Type II Diabetes?,2005200463,fh_dm2ptsp,AIREADI,,4334340,Family history of diabetes mellitus type 2,Observation,SNOMED,Context-dependent,430679000,S,,,,0.75,skos:broadMatch,ManualMapping,ManualMappingCuration,,
Has a sibling been diagnosed with Type II Diabetes?,2005200019,fh_dm2sb,AIREADI,,4334340,Family history of diabetes mellitus type 2,Observation,SNOMED,Context-dependent,430679000,S,,,,0.75,skos:broadMatch,ManualMapping,ManualMappingCuration,,
"If yes, please check all that apply: brother, sister, half-sister, half-brother",2005200464,fh_dm2sbsp,AIREADI,,45880130,Family member,Meas Value,LOINC,Answer,LA9277-0,S,,,,0.75,skos:broadMatch,ManualMapping,ManualMappingCuration,,
Have you been diagnosed with any conditions not listed above?,2005200470,mhoccur_yn,AIREADI,,46234759,Other health condition,Observation,LOINC,Clinical Observation,76472-0,S,,,,0.75,skos:broadMatch,ManualMapping,ManualMappingCuration,,
Have you had any beer or ale in the past year?,2005200024,subrkncf,AIREADI,,4238768,Details of alcohol drinking behavior,Observation,SNOMED,Observable Entity,363905002,S,,,,0.25,skos:broadMatch,ManualMapping,ManualMappingCuration,,
"During the average week, how many 12 oz. bottles or cans of beer do you usually drink? (Number of bottles or cans per week)",2005200025,subrdosfr,AIREADI,,40771103,How often do you have a drink containing alcohol,Observation,LOINC,Clinical Observation,68518-0,S,,,,0.75,skos:closeMatch,ManualMapping,ManualMappingCuration,,
Have you had any wine in the past year?,2005200026,suwnkncf,AIREADI,,4238768,Details of alcohol drinking behavior,Observation,SNOMED,Observable Entity,363905002,S,,,,0.25,skos:broadMatch,ManualMapping,ManualMappingCuration,,
"During the average week, how many 5 oz. glasses of wine do you usually drink?  The average wine bottle has 5 servings. (Number of glasses per week)",2005200027,suwndosfr,AIREADI,,40771103,How often do you have a drink containing alcohol,Observation,LOINC,Clinical Observation,68518-0,S,,,,0.75,skos:closeMatch,ManualMapping,ManualMappingCuration,,
"Have you had any liquor in the past year, such as brandy, whiskey, vodka, gin, schnapps, cocktails, or liqueurs?",2005200028,sulqkncf,AIREADI,,4238768,Details of alcohol drinking behavior,Observation,SNOMED,Observable Entity,363905002,S,,,,0.25,skos:broadMatch,ManualMapping,ManualMappingCuration,,
"During the average week, how many 1.5 oz. of liquor do you usually drink, either as shots or in mixed cocktails? (Number of drinks per week)",2005200029,sulqdosfr,AIREADI,,40771103,How often do you have a drink containing alcohol,Observation,LOINC,Clinical Observation,68518-0,S,,,,0.75,skos:closeMatch,ManualMapping,ManualMappingCuration,,
"Do you drive after having a drink, even if it is only one drink?",2005200030,sualcdrv,AIREADI,,4038703,Drunk driving,Observation,SNOMED,Clinical Finding,228354000,S,,,,0.75,skos:relatedMatch,ManualMapping,ManualMappingCuration,,
Have you ever vaped or used e-cigarettes?,2005200031,suvpkncf1,AIREADI,,903655,Electronic cigarette smoker,Observation,OMOP Extension,Clinical Finding,OMOP5181836,S,,,,0.25,skos:broadMatch,ManualMapping,ManualMappingCuration,,
At what age did you start vaping or using e-cigarettes? (Age started - years old),2005200032,suvpstage,AIREADI,,903655,Electronic cigarette smoker,Observation,OMOP Extension,Clinical Finding,OMOP5181836,S,,,,0.25,skos:narrowMatch,ManualMapping,ManualMappingCuration,,
Do you vape or use e-cigarettes now?,2005200033,suvpcdur,AIREADI,,903655,Electronic cigarette smoker,Observation,OMOP Extension,Clinical Finding,OMOP5181836,S,,,,0.25,skos:narrowMatch,ManualMapping,ManualMappingCuration,,
How many total years have you vaped or used e-cigarettes?,2005200034,suvptoage,AIREADI,,903655,Electronic cigarette smoker,Observation,OMOP Extension,Clinical Finding,OMOP5181836,S,,,,0.25,skos:narrowMatch,ManualMapping,ManualMappingCuration,,
"When you vaped or used e-cigarettes, approximately how many days in a typical week would you use it?",2005200035,suvpdosfr,AIREADI,,,,,,,,,,,,,,ManualMapping,ManualMappingCuration,,
"Have you ever used marijuana (cannabis)? (This includes smoking marijuana, using cannabis concentrates, and edibles.)",2005200036,sumrjkncf,AIREADI,,37116660,Marijuana user,Observation,SNOMED,Clinical Finding,733460004,S,,,,0.5,skos:closeMatch,ManualMapping,ManualMappingCuration,,
Do you use marijuana now?,2005200473,sumrjcdur,AIREADI,,,,,,,,,,,,,,ManualMapping,ManualMappingCuration,,
In what form do you usually use marijuana?  (check all that apply),2005200037,sumrjtrt,AIREADI,,37116660,Marijuana user,Observation,SNOMED,Clinical Finding,733460004,S,,,,0.5,skos:closeMatch,ManualMapping,ManualMappingCuration,,
How many total years have you used marijuana?,2005200038,sumrjceddur,AIREADI,,37116660,Marijuana user,Observation,SNOMED,Clinical Finding,733460004,S,,,,0.5,skos:closeMatch,ManualMapping,ManualMappingCuration,,
"When you used marijuana, approximately how many days in a typical week would you use it?",2005200039,sumrjfr,AIREADI,,37116660,How often did you use cannabis?,Observation,PPI,Question,1333013,S,,,,0.75,skos:closeMatch,ManualMapping,ManualMappingCuration,,
Feeling scared when you think about living with diabetes,2005200044,paid_scrd,AIREADI,,36716888,Fear of metabolic disease,Condition,SNOMED,Clinical Finding,723113005,S,,,,0.25,skos:broadMatch,ManualMapping,ManualMappingCuration,,
Feeling depressed when you think about living with diabetes,2005200045,paid_dpr,AIREADI,,40546087,Depressed mood,Observation,SNOMED,Clinical Finding,366979004,S,,,,0.25,skos:broadMatch,ManualMapping,ManualMappingCuration,,
Worrying about the future and the possibility of serious complications,2005200046,paid_wr,AIREADI,,4084699,Anxiety about body function or health,Observation,SNOMED,Clinical Finding,247808006,S,,,,0.25,skos:broadMatch,ManualMapping,ManualMappingCuration,,
Feeling that diabetes is taking up too much of your mental and physical energy every day,2005200047,paid_eng,AIREADI,,4265571,Finding related to ability to comply with treatment,Observation,SNOMED,Clinical Finding,397695000,S,,,,0.25,skos:broadMatch,ManualMapping,ManualMappingCuration,,
Coping with complications of diabetes,2005200048,paid_cml,AIREADI,,4262172,Finding related to ability to cope,Observation,SNOMED,Clinical Finding,397706001,S,,,,0.25,skos:broadMatch,ManualMapping,ManualMappingCuration,,
 PAID score,2005200049,paidscore,AIREADI,,46273583,Assessment of attitude toward health status,Procedure,SNOMED,Procedure,710834001,S,,,,0.25,skos:broadMatch,ManualMapping,ManualMappingCuration,,
"In a typical week, how often do you engage in vigorous exercise? (Examples: hiking, jogging at 6 mph, shoveling, carrying heavy loads, bicycling fast (14-16 mph), playing basketball, playing soccer, playing tennis, or any activity during which you cannot say more than a few words without taking a breath)",2005200277,dmlvex,AIREADI,,4248672,Physical activity target strenuous exercise,Observation,SNOMED,Clinical Finding,408579009,S,,,,0.5,skos:broadMatch,ManualMapping,ManualMappingCuration,,
"How often would you say that you engage in daily home exercise? (Examples: stretching, calisthenics, or yoga)",2005200278,dmlhex,AIREADI,,4037807,Home exercise program,Procedure,SNOMED,Procedure,229075007,S,,,,0.75,skos:relatedMatch,ManualMapping,ManualMappingCuration,,
"When reflecting on your typical eating habits, which of the following options best describes how often you consume simple sugars?",2005200305,dmlsugar,AIREADI,,46272478,Assessment of eating and drinking behavior,Procedure,SNOMED,Procedure,710848001,S,,,,0.25,skos:broadMatch,ManualMapping,ManualMappingCuration,,
"In a typical day, how often do you consume whole grains? (Examples: include whole wheat, brown bread, or brown rice).",2005200306,dmlgrain,AIREADI,,46272478,Assessment of eating and drinking behavior,Procedure,SNOMED,Procedure,710848001,S,,,,0.25,skos:broadMatch,ManualMapping,ManualMappingCuration,,
"How often would you say that you engage in diabetes health education? (Examples:  consulting with a dietician, attending support groups, reading books on diabetes, using diabetes-focused websites, watching TV shows on health, or using health-focused apps on your phone or tablet)",2005200307,dmledu,AIREADI,,4135171,Diabetes self-monitoring health education,Observation,SNOMED,Procedure,398773005,S,,,,0.75,skos:broadMatch,ManualMapping,ManualMappingCuration,,
How often do you inspect your feet?,2005200308,dmlfeet,AIREADI,,608849,Inspection of foot,Procedure,SNOMED,Procedure,47251000175108,S,,,,0.75,skos:narrowMatch,ManualMapping,ManualMappingCuration,,
Which of the following options best describes you with respect to physician care and medications?,2005200309,dmlmd,AIREADI,,4251597,Assessment of compliance with medical regimen,Procedure,SNOMED,Procedure,410119004,S,,,,0.5,skos:broadMatch,ManualMapping,ManualMappingCuration,,
"How many times a week did you eat beans (like pinto or black beans), chicken, or fish?",2005200059,diet5,AIREADI,,4025583,Pulse vegetable intake,Observation,SNOMED,Observable Entity,226450000,S,,,,0.25,skos:broadMatch,ManualMapping,ManualMappingCuration,,
How many times a week did you eat regular snack chips or crackers (not low-fat)?,2005200060,diet6,AIREADI,,4044783,Savory snack intake,Observation,SNOMED,Observable Entity,230079003,S,,,,0.75,skos:broadMatch,ManualMapping,ManualMappingCuration,,
How many times a week did you eat desserts and other sweets (not the low-fat kind)?,2005200061,diet7,AIREADI,,4025584,Sweets intake,Observation,SNOMED,Observable Entity,226463006,S,,,,0.75,skos:broadMatch,ManualMapping,ManualMappingCuration,,
"How much margarine, butter, or meat fat do you use to season vegetables or put on potatoes, bread or corn?",2005200062,diet8,AIREADI,,3663241,Fat and oil intake,Observation,SNOMED,Observable Entity,870372004,S,,,,0.75,skos:broadMatch,ManualMapping,ManualMappingCuration,,
How many servings of fruit juice did you drink each day?,2005200063,diet9,AIREADI,,4025566,Fruit juice intake,Observation,SNOMED,Observable Entity,226389005,S,,,,0.75,skos:broadMatch,ManualMapping,ManualMappingCuration,,
 Diet score,2005200064,dietscore,AIREADI,,4021174,Dietary intake assessment,Procedure,SNOMED,Procedure,225388007,S,,,,0.5,skos:broadMatch,ManualMapping,ManualMappingCuration,,
"How much difficulty, if any, do you have in recognizing a friend across the street? Would you say:",2005200067,via1,AIREADI,,4173597,Difficulty seeing distant objects,Observation,SNOMED,Clinical Finding,424348007,S,,,,0.5,skos:relatedMatch,ManualMapping,ManualMappingCuration,,
"How much difficulty, if any, do you have reading print in newspapers, magazines, recipes, menus, or numbers on the telephone? Would you say:",2005200068,via2,AIREADI,,40768760,How much difficulty do you have reading ordinary print in newspapers,Observation,LOINC,Clinical Observation,66077-9,S,,,,0.75,skos:narrowMatch,ManualMapping,ManualMappingCuration,,
You have indicated that you have not seen an eye care professional in the past 12 months. What is the main reason you have not visited an eye care professional in the past 12 months?,2005200069,via5,AIREADI,,4260904,Reason for,Observation,SNOMED,Attribute,410666004,S,,,,0.5,skos:relatedMatch,ManualMapping,ManualMappingCuration,,
When was the last time you had an eye exam in which the pupils were dilated? (This would have made you temporarily sensitive to bright light),2005200070,via6,AIREADI,,4312773,Instillation of dilating eye drops to eye,Procedure,SNOMED,Procedure,424986007,S,,,,0.5,skos:relatedMatch,ManualMapping,ManualMappingCuration,,
Do you speak another language at home?,2005200480,pxep2,AIREADI,,37079013,Language other than English,Meas Value,LOINC,Answer,LA30188-9,S,,,,,,ManualMapping,ManualMappingCuration,,
"Thinking about the next 12 months, how likely do you think it is that you will lose your job or be laid off?",2005200073,pxji1,AIREADI,,,,,,,,,,,,,,ManualMapping,ManualMappingCuration,,
"About how easy would it be for you to find a job with another employer with approximately the same income and fringe benefits you now have? Would you say very easy, somewhat easy, or not easy at all?",2005200074,pxji2,AIREADI,,,,,,,,,,,,,,ManualMapping,ManualMappingCuration,,
What is your living situation today?,2005200075,pxhi1,AIREADI,,42869557,Housing status,Observation,LOINC,Survey,71802-3,S,,,,0.5,skos:closeMatch,ManualMapping,ManualMappingCuration,,
Think about the place you live. Do you have problems with any of the following? CHOOSE ALL THAT APPLY ,2005200076,pxhi2,AIREADI,,,,,,,,,,,,,,ManualMapping,ManualMappingCuration,,
"In the last 12 months, have you delayed getting prescription medicines because of worry about the cost?",2005200077,pxpa1,AIREADI,,,,,,,,,,,,,,ManualMapping,ManualMappingCuration,,
Did any other person in your household delay getting prescription medicines because of worry about the cost? ,2005200078,pxpa2,AIREADI,,,,,,,,,,,,,,ManualMapping,ManualMappingCuration,,
"In the last 12 months, was there any time when you needed prescription medicines, but did not get them because you  couldn't afford it?",2005200079,pxpa3,AIREADI,,,,,,,,,,,,,,ManualMapping,ManualMappingCuration,,
"In the last 12 months, was there any time when anyone else in your household needed prescription medicines, but did not get them because you/they couldn't afford it?",2005200080,pxpa4,AIREADI,,,,,,,,,,,,,,ManualMapping,ManualMappingCuration,,
Insurance through a current or former employer or union (of yours or another family member's). This would include COBRA coverage.,2005200081,pxhic1,AIREADI,,40765798,PhenX - health insurance coverage protocol 011501,Measurement,LOINC,Clinical Observation,63066-5,S,,,,0.5,skos:broadMatch,ManualMapping,ManualMappingCuration,,
"Insurance purchased directly from an insurance company (by you or another family member). This would include coverage purchased through an exchange or marketplace, such as HealthCare.gov",2005200082,pxhic2,AIREADI,,40765798,PhenX - health insurance coverage protocol 011501,Measurement,LOINC,Clinical Observation,63066-5,S,,,,0.5,skos:broadMatch,ManualMapping,ManualMappingCuration,,
"Medicare, for people 65 and older, or people with certain disabilities.",2005200083,pxhic3,AIREADI,,40765798,PhenX - health insurance coverage protocol 011501,Measurement,LOINC,Clinical Observation,63066-5,S,,,,0.5,skos:broadMatch,ManualMapping,ManualMappingCuration,,
"Medicaid, Medical Assistance (MA), the Children's Health Insurance Program (CHIP), or any kind of state or government-sponsored assistance. plan based on income or a disability.",2005200084,pxhic4,AIREADI,,40765798,PhenX - health insurance coverage protocol 011501,Measurement,LOINC,Clinical Observation,63066-5,S,,,,0.5,skos:broadMatch,ManualMapping,ManualMappingCuration,,
"TRICARE or other military health care, including VA health care.",2005200085,pxhic5,AIREADI,,40765798,PhenX - health insurance coverage protocol 011501,Measurement,LOINC,Clinical Observation,63066-5,S,,,,0.5,skos:broadMatch,ManualMapping,ManualMappingCuration,,
Indian Health Service.,2005200086,pxhic6,AIREADI,,40765798,PhenX - health insurance coverage protocol 011501,Measurement,LOINC,Clinical Observation,63066-5,S,,,,0.5,skos:broadMatch,ManualMapping,ManualMappingCuration,,
Any other type of health insurance coverage or health coverage plan,2005200087,pxhic7,AIREADI,,40765798,PhenX - health insurance coverage protocol 011501,Measurement,LOINC,Clinical Observation,63066-5,S,,,,0.5,skos:broadMatch,ManualMapping,ManualMappingCuration,,
"Does this mean you currently have no health insurance or health coverage plan? In answering this question, please exclude plans that pay for only one type of service (such as, nursing home care, accidents, family planning, or dental care) and plans that only provide extra cash when hospitalized).",2005200088,pxhic8,AIREADI,,40765798,PhenX - health insurance coverage protocol 011501,Measurement,LOINC,Clinical Observation,63066-5,S,,,,0.5,skos:broadMatch,ManualMapping,ManualMappingCuration,,
What type of health insurance do you have?,2005200089,pxhic9,AIREADI,,40765798,PhenX - health insurance coverage protocol 011501,Measurement,LOINC,Clinical Observation,63066-5,S,,,,0.5,skos:broadMatch,ManualMapping,ManualMappingCuration,,
About how long has it been since you last saw a doctor or other health care professional about your health?,2005200090,pxahc1,AIREADI,,3655035,Date of last examination,Observation,SNOMED,Observable Entity,840643003,S,,,,0.5,skos:closeMatch,ManualMapping,ManualMappingCuration,,
"Was this a wellness visit, physical, or general purpose check-up?",2005200091,pxahc2,AIREADI,,,,,,,,,,,,,,ManualMapping,ManualMappingCuration,,
"About how long has it been since you last saw a doctor or other health professional for a wellness visit, physical, or general purpose check-up?",2005200092,pxahc3,AIREADI,,,,,,,,,,,,,,ManualMapping,ManualMappingCuration,,
Is there a place that you USUALLY go to if you are sick and need health care? ,2005200093,pxahc4,AIREADI,,,,,,,,,,,,,,ManualMapping,ManualMappingCuration,,
"What kind of place is it/do you go to most often? A doctor's office or health center is a place where you see the same doctor or the same group of doctors every visit, where you usually need to make an appointment ahead of time, and where your medical records are on file.Urgent care centers and clinics in a drug store or grocery store are places where you do not need to make an appointment ahead of time, and do not usually see the same health care provider at each visit.",2005200094,pxahc5,AIREADI,,,,,,,,,,,,,,ManualMapping,ManualMappingCuration,,
"During the past 12 months, how many times have you gone to an urgent care center or a clinic in a drug store or grocery store about your health?Urgent care centers and clinics in drug stores or grocery stores are places where you do not need to make an appointment ahead of time, and do not usually see the same health care provider at each visit. This is different from a hospital emergency room.",2005200095,pxahc6,AIREADI,,,,,,,,,,,,,,ManualMapping,ManualMappingCuration,,
"During the past 12 months, how many times have you gone to a hospital emergency room about your health?  *This includes emergency room visits that resulted in a hospital admission.",2005200096,pxahc7,AIREADI,,,,,,,,,,,,,,ManualMapping,ManualMappingCuration,,
"During the past 12 months, have you been hospitalized overnight? (Do not include an overnight stay in the emergency room)",2005200097,pxahc8,AIREADI,,,,,,,,,,,,,,ManualMapping,ManualMappingCuration,,
"During the past 12 months, have you DELAYED getting medical care because of the cost?",2005200098,pxahc9,AIREADI,,,,,,,,,,,,,,ManualMapping,ManualMappingCuration,,
"During the past 12 months, was there any time when you needed medical care, but DID NOT GET IT because of the cost?",2005200099,pxahc10,AIREADI,,,,,,,,,,,,,,ManualMapping,ManualMappingCuration,,
 PhenX MetaData,2005200102,,AIREADI,,,,,,,,,,,,,,ManualMapping,ManualMappingCuration,,
There is so much traffic on the streets that it makes it difficult or unpleasant to walk in my neighborhood. Would you say that you...,2005200113,pxne8,AIREADI,,,,,,,,,,,,,,ManualMapping,ManualMappingCuration,,
"I see many people being physically active in my neighborhood doing things like walking, jogging, cycling, or playing sports and active games. Would you say that you...",2005200114,pxne9,AIREADI,,,,,,,,,,,,,,ManualMapping,ManualMappingCuration,,
There are many interesting things to look at while walking in my neighborhood. Would you say you...,2005200115,pxne10,AIREADI,,,,,,,,,,,,,,ManualMapping,ManualMappingCuration,,
"How many motor vehicles in working order (e.g., cars, trucks, motorcycles) are there at your household?",2005200116,pxne11,AIREADI,,,,,,,,,,,,,,ManualMapping,ManualMappingCuration,,
There are many four-way intersections in my neighborhood. Would you say that you...,2005200117,pxne12,AIREADI,,,,,,,,,,,,,,ManualMapping,ManualMappingCuration,,
"The sidewalks in my neighborhood are well maintained (paved, with few cracks) and not obstructed. Would you say that you...",2005200118,pxne13,AIREADI,,,,,,,,,,,,,,ManualMapping,ManualMappingCuration,,
Places for bicycling (such as bike paths) in and around my neighborhood are well maintained and not obstructed. Would you say that you...,2005200119,pxne14,AIREADI,,,,,,,,,,,,,,ManualMapping,ManualMappingCuration,,
There is so much traffic on the streets that it makes it difficult or unpleasant to ride a bicycle in my neighborhood. Would you say that you...,2005200120,pxne15,AIREADI,,,,,,,,,,,,,,ManualMapping,ManualMappingCuration,,
The crime rate in my neighborhood makes it unsafe to go on walks during the day. Would you say that you...,2005200121,pxne16,AIREADI,,,,,,,,,,,,,,ManualMapping,ManualMappingCuration,,
There are many places to go within easy walking distance of my home. Would you say that you...,2005200122,pxne17,AIREADI,,,,,,,,,,,,,,ManualMapping,ManualMappingCuration,,
How often have you been treated unfairly by teachers and professors because of your race/ethnic group? How often in the past year?,2005200126,pxrd1,AIREADI,,,,,,,,,,,,,,ManualMapping,ManualMappingCuration,,
How often have you been treated unfairly by teachers and professors because of your race/ethnic group? How often in your entire life?,2005200127,pxrd2,AIREADI,,,,,,,,,,,,,,ManualMapping,ManualMappingCuration,,
"How often have you been treated unfairly by teachers and professors because of your race/ethnic group? On a scale of 1-6, how stressful was this for you? 1 = Not at all stressful; 6 = Extremely stressful",2005200128,pxrd3,AIREADI,,,,,,,,,,,,,,ManualMapping,ManualMappingCuration,,
"How often have you been treated unfairly by employers, bosses and supervisors because of your race/ethnic group? How often in the past year?",2005200493,pxrd4,AIREADI,,,,,,,,,,,,,,ManualMapping,ManualMappingCuration,,
"How often have you been treated unfairly by employers, bosses and supervisors because of your race/ethnic group? How often in your entire life?",2005200494,pxrd5,AIREADI,,,,,,,,,,,,,,ManualMapping,ManualMappingCuration,,
"How often have you been treated unfairly by employers, bosses and supervisors because of your race/ethnic group? On a scale of 1-6, how stressful was this for you? 1 = Not at all stressful; 6 = Extremely stressful",2005200495,pxrd6,AIREADI,,,,,,,,,,,,,,ManualMapping,ManualMappingCuration,,
"How often have you been treated unfairly by your co-workers, fellow students, and colleagues because of your race/ethnic group? How often in the past year?",2005200496,pxrd7,AIREADI,,,,,,,,,,,,,,ManualMapping,ManualMappingCuration,,
"How often have you been treated unfairly by your co-workers, fellow students, and colleagues because of your race/ethnic group? How often in your entire life?",2005200497,pxrd8,AIREADI,,,,,,,,,,,,,,ManualMapping,ManualMappingCuration,,
"How often have you been treated unfairly by your co-workers, fellow students, and colleagues because of your race/ethnic group? On a scale of 1-6, how stressful was this for you? 1 = Not at all stressful; 6 = Extremely stressful",2005200498,pdrx9,AIREADI,,,,,,,,,,,,,,ManualMapping,ManualMappingCuration,,
"How often have you been treated unfairly by people in service jobs (by store clerks, waiters, bartenders, bank tellers and others) because of your race/ethnic group? How often in the past year?",2005200499,pxrd10,AIREADI,,,,,,,,,,,,,,ManualMapping,ManualMappingCuration,,
"How often have you been treated unfairly by people in service jobs (by store clerks, waiters, bartenders, bank tellers and others) because of your race/ethnic group? How often in your entire life?",2005200500,pxrd11,AIREADI,,,,,,,,,,,,,,ManualMapping,ManualMappingCuration,,
"How often have you been treated unfairly by people in service jobs (by store clerks, waiters, bartenders, bank tellers and others) because of your race/ethnic group? On a scale of 1-6, how stressful was this for you? 1 = Not at all stressful; 6 = Extremely stressful",2005200501,pxrd12,AIREADI,,,,,,,,,,,,,,ManualMapping,ManualMappingCuration,,
How often have you been treated unfairly by strangers because of your race/ethnic group? How often in the past year?,2005200502,pxrd13,AIREADI,,,,,,,,,,,,,,ManualMapping,ManualMappingCuration,,
How often have you been treated unfairly by strangers because of your race/ethnic group? How often in your entire life?,2005200503,pxrd14,AIREADI,,,,,,,,,,,,,,ManualMapping,ManualMappingCuration,,
"How often have you been treated unfairly by strangers because of your race/ethnic group? On a scale of 1-6, how stressful was this for you? 1 = Not at all stressful; 6 = Extremely stressful",2005200504,pxrd15,AIREADI,,,,,,,,,,,,,,ManualMapping,ManualMappingCuration,,
"How often have you been treated unfairly by people in helping jobs (by doctors, nurses, psychiatrists, case workers, dentists, school counselors, therapists, social workers and others) because of your race/ethnic group? How often in the past year?",2005200505,pxrd16,AIREADI,,,,,,,,,,,,,,ManualMapping,ManualMappingCuration,,
"How often have you been treated unfairly by people in helping jobs (by doctors, nurses, psychiatrists, case workers, dentists, school counselors, therapists, social workers and others) because of your race/ethnic group? How often in your entire life?",2005200506,pxrd17,AIREADI,,,,,,,,,,,,,,ManualMapping,ManualMappingCuration,,
"How often have you been treated unfairly by people in helping jobs (by doctors, nurses, psychiatrists, case workers, dentists, school counselors, therapists, social workers and others) because of your race/ethnic group? On a scale of 1-6, how stressful was this for you? 1 = Not at all stressful; 6 = Extremely stressful",2005200507,pxrd18,AIREADI,,,,,,,,,,,,,,ManualMapping,ManualMappingCuration,,
How often have you been treated unfairly by neighbors because of your race/ethnic group? How often in the past year?,2005200508,pxrd19,AIREADI,,,,,,,,,,,,,,ManualMapping,ManualMappingCuration,,
How often have you been treated unfairly by neighbors because of your race/ethnic group? How often in your entire life?,2005200509,pxrd20,AIREADI,,,,,,,,,,,,,,ManualMapping,ManualMappingCuration,,
"How often have you been treated unfairly by neighbors because of your race/ethnic group? On a scale of 1-6, how stressful was this for you? 1 = Not at all stressful; 6 = Extremely stressful",2005200510,pxrd21,AIREADI,,,,,,,,,,,,,,ManualMapping,ManualMappingCuration,,
"How often have you been treated unfairly by institutions (schools, universities, law firms, the police, the courts, the Department of Social Services, the Unemployment Office and others) because of your race/ethnic group? How often in the past year?",2005200511,pxrd22,AIREADI,,,,,,,,,,,,,,ManualMapping,ManualMappingCuration,,
"How often have you been treated unfairly by institutions (schools, universities, law firms, the police, the courts, the Department of Social Services, the Unemployment Office and others) because of your race/ethnic group? How often in your entire life?",2005200512,pxrd23,AIREADI,,,,,,,,,,,,,,ManualMapping,ManualMappingCuration,,
"How often have you been treated unfairly by institutions (schools, universities, law firms, the police, the courts, the Department of Social Services, the Unemployment Office and others) because of your race/ethnic group? On a scale of 1-6, how stressful was this for you? 1 = Not at all stressful; 6 = Extremely stressful",2005200513,pxrd24,AIREADI,,,,,,,,,,,,,,ManualMapping,ManualMappingCuration,,
How often have you been treated unfairly by people that you thought were your friends because of your race/ethnic group? How often in the past year?,2005200514,pxrd25,AIREADI,,,,,,,,,,,,,,ManualMapping,ManualMappingCuration,,
How often have you been treated unfairly by people that you thought were your friends because of your race/ethnic group? How often in your entire life?,2005200515,pxrd26,AIREADI,,,,,,,,,,,,,,ManualMapping,ManualMappingCuration,,
"How often have you been treated unfairly by people that you thought were your friends because of your race/ethnic group? On a scale of 1-6, how stressful was this for you? 1 = Not at all stressful; 6 = Extremely stressful",2005200516,pxrd27,AIREADI,,,,,,,,,,,,,,ManualMapping,ManualMappingCuration,,
"How often have you been accused or suspected of doing something wrong (such as stealing, cheating, not doing your share of the work, or breaking the law) because of your race/ethnic group? How often in the past year?",2005200517,pxrd28,AIREADI,,,,,,,,,,,,,,ManualMapping,ManualMappingCuration,,
"How often have you been accused or suspected of doing something wrong (such as stealing, cheating, not doing your share of the work, or breaking the law) because of your race/ethnic group? How often in your entire life?",2005200518,pxrd29,AIREADI,,,,,,,,,,,,,,ManualMapping,ManualMappingCuration,,
"How often have you been accused or suspected of doing something wrong (such as stealing, cheating, not doing your share of the work, or breaking the law) because of your race/ethnic group? On a scale of 1-6, how stressful was this for you? 1 = Not at all stressful; 6 = Extremely stressful",2005200519,pxrd30,AIREADI,,,,,,,,,,,,,,ManualMapping,ManualMappingCuration,,
How often have people misunderstood your intentions and motives because of your race/ethnic group? How often in the past year?,2005200520,pxrd31,AIREADI,,,,,,,,,,,,,,ManualMapping,ManualMappingCuration,,
How often have people misunderstood your intentions and motives because of your race/ethnic group? How often in your entire life?,2005200521,pxrd32,AIREADI,,,,,,,,,,,,,,ManualMapping,ManualMappingCuration,,
"How often have people misunderstood your intentions and motives because of your race/ethnic group? On a scale of 1-6, how stressful was this for you? 1 = Not at all stressful; 6 = Extremely stressful",2005200522,pxrd33,AIREADI,,,,,,,,,,,,,,ManualMapping,ManualMappingCuration,,
How often did you want to tell someone off for being racist towards you but didn't say anything? How often in the past year?,2005200523,pxrd34,AIREADI,,,,,,,,,,,,,,ManualMapping,ManualMappingCuration,,
How often did you want to tell someone off for being racist towards you but didn't say anything? How often in your entire life?,2005200524,pxrd35,AIREADI,,,,,,,,,,,,,,ManualMapping,ManualMappingCuration,,
"How often did you want to tell someone off for being racist towards you but didn't say anything? On a scale of 1-6, how stressful was this for you? 1 = Not at all stressful; 6 = Extremely stressful",2005200525,pxrd36,AIREADI,,,,,,,,,,,,,,ManualMapping,ManualMappingCuration,,
How often have you been really angry about something racist that was done to you? How often in the past year?,2005200526,pxrd37,AIREADI,,,,,,,,,,,,,,ManualMapping,ManualMappingCuration,,
How often have you been really angry about something racist that was done to you? How often in your entire life?,2005200527,pxrd38,AIREADI,,,,,,,,,,,,,,ManualMapping,ManualMappingCuration,,
"How often have you been really angry about something racist that was done to you? On a scale of 1-6, how stressful was this for you? 1 = Not at all stressful; 6 = Extremely stressful",2005200528,pxrd39,AIREADI,,,,,,,,,,,,,,ManualMapping,ManualMappingCuration,,
"How often have you been forced to take drastic steps (such as filing a grievance, filing a lawsuit, quitting your job, moving away, and other actions) to deal with some racist thing that was done towards you? How often in the past year?",2005200529,pxrd40,AIREADI,,,,,,,,,,,,,,ManualMapping,ManualMappingCuration,,
"How often have you been forced to take drastic steps (such as filing a grievance, filing a lawsuit, quitting your job, moving away, and other actions) to deal with some racist thing that was done towards you? How often in your entire life?",2005200530,pxrd41,AIREADI,,,,,,,,,,,,,,ManualMapping,ManualMappingCuration,,
"How often have you been forced to take drastic steps (such as filing a grievance, filing a lawsuit, quitting your job, moving away, and other actions) to deal with some racist thing that was done towards you? On a scale of 1-6, how stressful was this for you? 1 = Not at all stressful; 6 = Extremely stressful",2005200531,pxrd42,AIREADI,,,,,,,,,,,,,,ManualMapping,ManualMappingCuration,,
How often have you been called a racist name? How often in the past year?,2005200532,pxrd43,AIREADI,,,,,,,,,,,,,,ManualMapping,ManualMappingCuration,,
How often have you been called a racist name? How often in your entire life?,2005200533,pxrd44,AIREADI,,,,,,,,,,,,,,ManualMapping,ManualMappingCuration,,
"How often have you been called a racist name? On a scale of 1-6, how stressful was this for you? 1 = Not at all stressful; 6 = Extremely stressful",2005200534,pxrd45,AIREADI,,,,,,,,,,,,,,ManualMapping,ManualMappingCuration,,
How often have you gotten into an argument or a fight about something racist that was done to you or done to another member or your race/ethnic group? How often in the past year?,2005200535,pxrd46,AIREADI,,,,,,,,,,,,,,ManualMapping,ManualMappingCuration,,
How often have you gotten into an argument or a fight about something racist that was done to you or done to another member or your race/ethnic group? How often in your entire life?,2005200536,pxrd47,AIREADI,,,,,,,,,,,,,,ManualMapping,ManualMappingCuration,,
"How often have you gotten into an argument or a fight about something racist that was done to you or done to another member or your race/ethnic group? On a scale of 1-6, how stressful was this for you? 1 = Not at all stressful; 6 = Extremely stressful",2005200537,pxrd48,AIREADI,,,,,,,,,,,,,,ManualMapping,ManualMappingCuration,,
"How often have you been made fun of, picked on, pushed, shoved, hit or threatened with harm because of your race/ethnic group? How often in the past year?",2005200538,pxrd49,AIREADI,,,,,,,,,,,,,,ManualMapping,ManualMappingCuration,,
"How often have you been made fun of, picked on, pushed, shoved, hit or threatened with harm because of your race/ethnic group? How often in your entire life?",2005200539,pxrd50,AIREADI,,,,,,,,,,,,,,ManualMapping,ManualMappingCuration,,
"How often have you been made fun of, picked on, pushed, shoved, hit or threatened with harm because of your race/ethnic group? On a scale of 1-6, how stressful was this for you? 1 = Not at all stressful; 6 = Extremely stressful",2005200540,pxrd51,AIREADI,,,,,,,,,,,,,,ManualMapping,ManualMappingCuration,,
How different would your life be now if you HAD NOT BEEN treated in a racist and unfair way? In the Past Year?,2005200541,pxrd52,AIREADI,,,,,,,,,,,,,,ManualMapping,ManualMappingCuration,,
How different would your life be now if you HAD NOT BEEN treated in a racist and unfair way? In your entire life?,2005200542,pxrd53,AIREADI,,,,,,,,,,,,,,ManualMapping,ManualMappingCuration,,
"How different would your life be now if you HAD NOT BEEN treated in a racist and unfair way? On a scale of 1-6, how stressful was this for you? 1 = Not at all stressful; 6 = Extremely stressful",2005200543,pxrd54,AIREADI,,,,,,,,,,,,,,ManualMapping,ManualMappingCuration,,
"In an average week, how many days per week do you normally drive? (number of days)",2005200136,dri1,AIREADI,,,,,,,,,,,,,,ManualMapping,ManualMappingCuration,,
About how many miles did you personally drive during the past 12 months in all motorized vehicles?,2005200137,dri2,AIREADI,,,,,,,,,,,,,,ManualMapping,ManualMappingCuration,,
Have you taken aspirin in the past 2 weeks?,2005200145,cm_asp,AIREADI,,,,,,,,,,,,,,ManualMapping,ManualMappingCuration,,40766368 Possible Use
"Have you taken acetaminophen medicines, such as Tylenol, in the past 2 weeks?",2005200146,cm_act,AIREADI,,,,,,,,,,,,,,ManualMapping,ManualMappingCuration,,
Have you taken ibuprofen or ibuprofen-containing medicines such as Advil or Motrin in the past 2 weeks?,2005200147,cm_ibp,AIREADI,,,,,,,,,,,,,,ManualMapping,ManualMappingCuration,,
"Have you taken antihistamines, such as cold pills or allergy pills, in the past 2 weeks?",2005200148,cm_ant,AIREADI,,,,,,,,,,,,,,ManualMapping,ManualMappingCuration,,
"Have you taken decongestants, such as cold pills or allergy pills, in the past 2 weeks?",2005200149,cm_dcg,AIREADI,,,,,,,,,,,,,,ManualMapping,ManualMappingCuration,,
Have you taken sleeping pills in the past 2 weeks?,2005200150,cm_slp,AIREADI,,,,,,,,,,,,,,ManualMapping,ManualMappingCuration,,
Medication Name,2005200481,cmname,AIREADI,,1031609,Medication name,Observation,LOINC,LOINC Component,LP74144-4,N,,,,1,skos:exactMatch,ManualMapping,ManualMappingCuration,,
RxNorm (assign after visit),2005200220,cmtrt,AIREADI,,19402933,RxNorm,Observation,MeSH,Main Heading,D062245,N,,,,1,skos:exactMatch,ManualMapping,ManualMappingCuration,,
How many hours since you last ate? (number of hours),2005200151,paate,AIREADI,,4200039,Time of last food intake,Observation,SNOMED,Observable Entity,301897001,S,,,,0.5,skos:relatedMatch,ManualMapping,ManualMappingCuration,,
Method used to complete form,2005200011,viaomthd,AIREADI,,4129438,Method,Observation,SNOMED,Attribute,260686004,N,,,,0.75,skos:broadMatch,ManualMapping,ManualMappingCuration,,
Snellen fraction - Photopic VA - OD,2005200012,viaodpsf,AIREADI,,21491744,Visual acuity best corrected Right eye by Snellen eye chart,Measurement,LOINC,Clinical Observation,79880-1,S,,,,0.75,skos:broadMatch,ManualMapping,ManualMappingCuration,,
Snellen fraction - Photopic VA - OS,2005200013,viaospsf,AIREADI,,21491745,Visual acuity best corrected Left eye by Snellen eye chart,Measurement,LOINC,Clinical Observation,79881-9,S,,,,0.75,skos:broadMatch,ManualMapping,ManualMappingCuration,,
VA Letter Score - Photopic VA - OD,2005200042,viaodplog,AIREADI,,21491740,Visual acuity best corrected Right eye by ETDRS eye chart,Measurement,LOINC,Clinical Observation,79876-9,S,,,,0.75,skos:broadMatch,ManualMapping,ManualMappingCuration,,
VA Letter Score - Photopic VA - OS,2005200043,viaosplog,AIREADI,,21491741,Visual acuity best corrected Left eye by ETDRS eye chart,Measurement,LOINC,Clinical Observation,79877-7,S,,,,0.75,skos:broadMatch,ManualMapping,ManualMappingCuration,,
Photopic LogMAR OD Score,2005200052,viaodpscore,AIREADI,,3036966,Visual acuity log MAR Eye - right,Measurement,LOINC,Clinical Observation,6616-7,S,,,,0.5,skos:broadMatch,ManualMapping,ManualMappingCuration,,
Photopic LogMAR OS Score,2005200053,viaospscore,AIREADI,,3037488,Visual acuity log MAR Eye - left,Measurement,LOINC,Clinical Observation,6617-5,S,,,,0.5,skos:broadMatch,ManualMapping,ManualMappingCuration,,
Snellen fraction - Mesopic VA - OD,2005200054,viaodmsf,AIREADI,,21491744,Visual acuity best corrected Right eye by Snellen eye chart,Measurement,LOINC,Clinical Observation,79880-1,S,,,,0.75,skos:broadMatch,ManualMapping,ManualMappingCuration,,
Snellen fraction - Mesopic VA - OS,2005200055,viaosmsf,AIREADI,,21491745,Visual acuity best corrected Left eye by Snellen eye chart,Measurement,LOINC,Clinical Observation,79881-9,S,,,,0.75,skos:broadMatch,ManualMapping,ManualMappingCuration,,
LLVA Letter Score - Mesopic VA - OD,2005200056,viaodmlog,AIREADI,,21491740,Visual acuity best corrected Right eye by ETDRS eye chart,Measurement,LOINC,Clinical Observation,79876-9,S,,,,0.75,skos:broadMatch,ManualMapping,ManualMappingCuration,,
LLVA Letter Score - Mesopic VA - OS,2005200057,viaosmlog,AIREADI,,21491741,Visual acuity best corrected Left eye by ETDRS eye chart,Measurement,LOINC,Clinical Observation,79877-7,S,,,,0.75,skos:broadMatch,ManualMapping,ManualMappingCuration,,
Mesopic LogMAR OD Score,2005200336,viaodmscore,AIREADI,,3036966,Visual acuity log MAR Eye - right,Measurement,LOINC,Clinical Observation,6616-7,S,,,,0.5,skos:broadMatch,ManualMapping,ManualMappingCuration,,
Mesopic LogMAR OS Score,2005200337,viaosmscore,AIREADI,,3037488,Visual acuity log MAR Eye - left,Measurement,LOINC,Clinical Observation,6617-5,S,,,,0.5,skos:broadMatch,ManualMapping,ManualMappingCuration,,
"OD: Value of final correct letter - Photopic, right eye",2005200338,plcsodfcl,AIREADI,,4256483,Contrast sensitivity test,Procedure,SNOMED,Procedure,410566008,S,,,,0.25,skos:broadMatch,ManualMapping,ManualMappingCuration,,
"OD: Number of misses prior to stopping - Photopic, right eye",2005200339,plcsodmiss,AIREADI,,4256483,Contrast sensitivity test,Procedure,SNOMED,Procedure,410566008,S,,,,0.25,skos:broadMatch,ManualMapping,ManualMappingCuration,,
"OD: Log Contrast Sensitivity - Photopic, right eye",2005200155,plcsodlog,AIREADI,,4090077,Contrast sensitivity,Measurement,SNOMED,Observable Entity,251686008,S,,,,0.75,skos:broadMatch,ManualMapping,ManualMappingCuration,,
"OS: Value of final correct letter - Photopic, left eye",2005200340,plcsosfcl,AIREADI,,4256483,Contrast sensitivity test,Procedure,SNOMED,Procedure,410566008,S,,,,0.25,skos:broadMatch,ManualMapping,ManualMappingCuration,,
"OS: Number of misses prior to stopping - Photopic, left eye",2005200341,plcsosmiss,AIREADI,,4256483,Contrast sensitivity test,Procedure,SNOMED,Procedure,410566008,S,,,,0.25,skos:broadMatch,ManualMapping,ManualMappingCuration,,
"OS: Log Contrast Sensitivity - Photopic, left eye",2005200156,plcsoslog,AIREADI,,4090077,Contrast sensitivity,Measurement,SNOMED,Observable Entity,251686008,S,,,,0.75,skos:broadMatch,ManualMapping,ManualMappingCuration,,
"OD: Value of final correct letter - Mesopic, right eye",2005200486,mlcsodfcl,AIREADI,,4256483,Contrast sensitivity test,Procedure,SNOMED,Procedure,410566008,S,,,,,,ManualMapping,ManualMappingCuration,,
"OD: Number of misses prior to stopping - Mesopic, right eye",2005200487,mlcsodmiss,AIREADI,,4256483,Contrast sensitivity test,Procedure,SNOMED,Procedure,410566008,S,,,,,,ManualMapping,ManualMappingCuration,,
"OD: Log Contrast Sensitivity - Mesopic, right eye",2005200552,mlcsodlog,AIREADI,,4090077,Contrast sensitivity,Measurement,SNOMED,Observable Entity,251686008,S,,,,,,ManualMapping,ManualMappingCuration,,
"OS: Value of final correct letter - Mesopic, left eye",2005200488,mlcsosfcl,AIREADI,,4256483,Contrast sensitivity test,Procedure,SNOMED,Procedure,410566008,S,,,,,,ManualMapping,ManualMappingCuration,,
"OS: Number of misses prior to stopping - Mesopic, left eye",2005200489,mlcsosmiss,AIREADI,,4256483,Contrast sensitivity test,Procedure,SNOMED,Procedure,410566008,S,,,,,,ManualMapping,ManualMappingCuration,,
"OS: Log Contrast Sensitivity - Mesopic, left eye",2005200553,mlcsoslog,AIREADI,,4090077,Contrast sensitivity,Measurement,SNOMED,Observable Entity,251686008,S,,,,,,ManualMapping,ManualMappingCuration,,
Right Foot - Felt:,2005200159,mssrffl,AIREADI,,45882337,Right leg or foot,Meas Value,LOINC,Answer,LA16381-8,S,,,,0.5,skos:broadMatch,ManualMapping,ManualMappingCuration,,
Right Foot - Tested:,2005200160,mssrftt,AIREADI,,45882337,Right leg or foot,Meas Value,LOINC,Answer,LA16381-8,S,,,,0.5,skos:broadMatch,ManualMapping,ManualMappingCuration,,
Left Foot - Felt:,2005200161,msslffl,AIREADI,,45876849,Left leg or foot,Meas Value,LOINC,Answer,LA16378-4,S,,,,0.5,skos:broadMatch,ManualMapping,ManualMappingCuration,,
Left Foot - Tested:,2005200162,msslftt,AIREADI,,45876849,Left leg or foot,Meas Value,LOINC,Answer,LA16378-4,S,,,,0.5,skos:broadMatch,ManualMapping,ManualMappingCuration,,
White Blood Cells (WBC) - x10E3/µL,2005200182,lbscat_wbc,AIREADI,,4016934,"WBC differential count, peripheral blood buffy coat smear",Measurement,SNOMED ,Procedure,767002,S,,,,0.75,skos:broadMatch,ManualMapping,ManualMappingCuration,,
Red Blood Cells (RBC) - x10E6/µL,2005200183,lbscat_rbc,AIREADI,,4030871,RBC - Red blood cell count,Measurement,SNOMED ,Procedure,14089001,S,,,,0.75,skos:broadMatch,ManualMapping,ManualMappingCuration,,
Hemoglobin - g/dL,2005200184,lbscat_a1c,AIREADI,,3000963,Hemoglobin [Mass/volume] in Blood,Measurement,LOINC,Lab Test,718-7,S,,,,0.5,skos:broadMatch,ManualMapping,ManualMappingCuration,,
Activity monitor returned?,2005200555,dvamwenyn,AIREADI,,42528781,Wearable device external physiologic monitoring panel,Measurement,LOINC,Clinical Observation,42528781,S,,,,,,ManualMapping,ManualMappingCuration,,
Did the subject complete the study?,2005200192,eos_ds,AIREADI,,40482840,Completion of clinical trial,Observation,SNOMED,Clinical Finding ,443729008,,,,,0.5,skos:relatedMatch,ManualMapping,ManualMappingCuration,,
Drivers license state,2005200138,dristate,AIREADI,,398070004,Drivers license state,Observation,SNOMED ,Location,398070004,,,,,1,skos:broadMatch,ManualMapping,ManualMappingCuration,,
Specify other,2005200485,odristate,AIREADI,,"45883155",Other (specify),Meas Value ,LOINC,Answer,LA6310-2,S,,,,,,ManualMapping,ManualMappingCuration,,
Physical Activity Monitor was worn on which wrist?,2005200206,dvamwenhand,AIREADI,,40768904,Which hand [PhenX],Observation,LOINC,Clinical Observation,66226-2,S,,,,0.5,skos:relatedMatch,ManualMapping,ManualMappingCuration,,
"Unit (Record the dose unit of the dose of concomitant medication/treatment/therapy taken (e.g., mg.)).",2005200221,cmdosu,AIREADI,,,,,,Clinical Observation,,,,,,,,ManualMapping,ManualMappingCuration,,
41-50 (up to 2.5 packs) ,2005200194,susmkdosfr_41,AIREADI,,45884478,31 or more (3 points),Meas Value,LOINC,Answer,LA15915-4,S,,,,1,skos:relatedMatch,ManualMapping,ManualMappingCuration,,
More than 50 (3 or more packs),2005200195,susmkdosfr_51,AIREADI,,45884478,31 or more (3 points),Meas Value,LOINC,Answer,LA15915-4,S,,,,1,skos:relatedMatch,ManualMapping,ManualMappingCuration,,
22 to 28,2005200196,subrdosfr_22,AIREADI,,45876700,14 drinks or more a week,Meas Value,LOINC,Answer,LA14679-7,S,,,,1,skos:relatedMatch,ManualMapping,ManualMappingCuration,,
29 to 35,2005200197,subrdosfr_29,AIREADI,,45876770,26 to 35 cigarettes per day (about 1 1/2 packs),Meas Value,LOINC,Answer,LA14679-7,S,,,,1,skos:relatedMatch,ManualMapping,ManualMappingCuration,,
36 or more,2005200198,subrdosfr_36,AIREADI,,45876700,14 drinks or more a week,Meas Value,LOINC,Answer,LA14679-7,S,,,,1,skos:relatedMatch,ManualMapping,ManualMappingCuration,,
21-25 (5 bottles),2005200199,suwndosfr_21,AIREADI,,45876700,14 drinks or more a week,Meas Value,LOINC,Answer,LA14679-7,S,,,,1,skos:relatedMatch,ManualMapping,ManualMappingCuration,,
26-30 (6 bottles),2005200208,suwndosfr_26,AIREADI,,45876700,14 drinks or more a week,Meas Value,LOINC,Answer,LA14679-7,S,,,,1,skos:relatedMatch,ManualMapping,ManualMappingCuration,,
31-35 (7 bottles),2005200209,suwndosfr_31,AIREADI,,45876700,14 drinks or more a week,Meas Value,LOINC,Answer,LA14679-7,S,,,,1,skos:relatedMatch,ManualMapping,ManualMappingCuration,,
More than 36 (greater than 7 bottles),2005200210,suwndosfr_35,AIREADI,,45876700,14 drinks or more a week,Meas Value,LOINC,Answer,LA14679-7,S,,,,1,skos:relatedMatch,ManualMapping,ManualMappingCuration,,
More than 20 years,2005200211,suvptoage_98,AIREADI,,903655,More than 20 years,Observation ,OMOP Extension,Clinical Finding,OMOP5181836,S,,,,0.25,skos:broadMatch,ManualMapping,ManualMappingCuration,,
More than 50 years,2005200212,sumrjceddur_98,AIREADI,,4010847,Age more than 50 years,Observation,SNOMED ,Clinical Finding,102524005,S,,,,0.75,skos:relatedMatch,ManualMapping,ManualMappingCuration,,
Rarely or none of the time (< 1 day),2005200141,ces1_0,AIREADI,,45883771,Rarely or never,Meas Value,LOINC,Answer,LA15665-5,S,,,,1,skos:narrowMatch,ManualMapping,ManualMappingCuration,,
Some or a little of the time (1-2 days) ,2005200142,ces1_1,AIREADI,,45879198,Some of the time,Meas Value,LOINC,Answer,LA14733-2,S,,,,1,skos:narrowMatch,ManualMapping,ManualMappingCuration,,
Occasionally or a moderate amount of time (3-4 days),2005200143,ces1_2,AIREADI,,45879593,Occasionally,Meas Value,LOINC,Answer,LA6483-7,S,,,,1,skos:narrowMatch,ManualMapping,ManualMappingCuration,,
All of the time (5-7 days),2005200144,ces1_3,AIREADI,,45879199,Most of the time,Meas Value,LOINC,Answer,LA14734-0,S,,,,1,skos:narrowMatch,ManualMapping,ManualMappingCuration,,
Not a problem,2005200213,paid_scrd_0,AIREADI,,45878810,No apparent problem,Meas Value,LOINC,Answer,LA9619-3,S,,,,0.5,skos:relatedMatch,ManualMapping,ManualMappingCuration,,
Minor problem,2005200214,paid_scrd_1,AIREADI,,45881304,Potential problem,Meas Value,LOINC,Answer,LA9618-5,S,,,,0.5,skos:relatedMatch,ManualMapping,ManualMappingCuration,,
Moderate problem,2005200215,paid_scrd_2,AIREADI,,45881304,Potential problem,Meas Value,LOINC,Answer,LA9618-5,S,,,,0.5,skos:relatedMatch,ManualMapping,ManualMappingCuration,,
Somewhat serious problem,2005200216,paid_scrd_3,AIREADI,,45884351,Problem,Meas Value,LOINC,Answer,LA9617-7,,,,,0.5,skos:relatedMatch,ManualMapping,ManualMappingCuration,,
Serious problem,2005200217,paid_scrd_4,AIREADI,,45884351,Problem,Meas Value,LOINC,Answer,LA9617-7,,,,,0.5,skos:relatedMatch,ManualMapping,ManualMappingCuration,,
At least 30 minutes daily 3 or more days a week,2005200312,dmlvex_10,AIREADI,,45876950,3 or more days,Meas Value,LOINC,Answer,LA14480-0,S,,,,0.25,skos:relatedMatch,ManualMapping,ManualMappingCuration,,
Less than 30 minutes daily less than 3 days a week,2005200313,dmlvex_5,AIREADI,,27789000,Infrequent,Meas Value,SNOMED ,Qualifier Value,27789000,S,,,,0,skos:broadMatch,ManualMapping,ManualMappingCuration,,
"Active (stairs, walks, housework)",2005200314,dmlact_10,AIREADI,,45883573,Active ,Meas Value,LOINC,Answer,LA16666-2,S,,,,1,skos:broadMatch,ManualMapping,ManualMappingCuration,,
Somewhat active,2005200315,dmlact_5,AIREADI,,1990229,Low active,Meas Value,LOINC,Answer,LA32776-9,S,,,,0.75,skos:relatedMatch,ManualMapping,ManualMappingCuration,,
"Not Active (TV, computer, phone, use lifts)",2005200316,dmlact_0,AIREADI,,1990276,Sedentary,Meas Value,LOINC,Answer,LA32775-1,S,,,,0.75,skos:relatedMatch,ManualMapping,ManualMappingCuration,,
Doing daily or almost daily,2005200317,dmlhex_10,AIREADI,,45879676,Doing daily or almost daily,Meas Value,LOINC,Answer,LA18934-2,S,,,,1,skos:broadMatch,ManualMapping,ManualMappingCuration,,
Irregular; once or twice a week,2005200318,dmlhex_5,AIREADI,,42530680,Once or twice a week,Meas Value,LOINC,Answer,LA26457-4,S,,,,1,skos:broadMatch,ManualMapping,ManualMappingCuration,,
Rarely eat sweets,2005200319,dmlsugar_10,AIREADI,,45876672,Rarely ,Meas Value,LOINC,Answer,LA10066-1,S,,,,1,skos:broadMatch,ManualMapping,ManualMappingCuration,,
Occasionally eat sweets,2005200320,dmlsugar_5,AIREADI,,45879593,Occasionally ,Meas Value,LOINC,Answer,LA6483-7,S,,,,1,skos:broadMatch,ManualMapping,ManualMappingCuration,,
Frequently eat sweets,2005200321,dmlsugar_0,AIREADI,,45883983        ,Frequently ,Meas Value,LOINC,Answer,LA6482-9,S,,,,1,skos:broadMatch,ManualMapping,ManualMappingCuration,,
Usually eat whole grain,2005200322,dmlgrain_10,AIREADI,,45882948,Usually ,Meas Value,LOINC,Answer,LA14747-2,S,,,,1,skos:broadMatch,ManualMapping,ManualMappingCuration,,
Rarely eat whole grain,2005200323,dmlgrain_5,AIREADI,,45876672,Rarely ,Meas Value,LOINC,Answer,LA10066-1,S,,,,1,skos:broadMatch,ManualMapping,ManualMappingCuration,,
Usually eat white bread or white rice,2005200324,dmlgrain_0,AIREADI,,45882948,Usually,Meas Value,LOINC,Answer,LA14747-2,S,,,,1,skos:broadMatch,ManualMapping,ManualMappingCuration,,
Eat small portions and avoid second servings,2005200325,dmlpor_10,AIREADI,,45879464,I eat much less than usual and only with personal effort,Meas Value,LOINC,Answer,LA14830-6,S,,,,0.5,skos:relatedMatch,ManualMapping,ManualMappingCuration,,
Occasionally limit portions,2005200326,dmlpor_5,AIREADI,,45879593,Occasionally,Meas Value,LOINC,Answer,LA6483-7,S,,,,0.75,skos:relatedMatch,ManualMapping,ManualMappingCuration,,
Rarely or none; eat at buffets and restaurants with large portions,2005200327,dmlpor_0,AIREADI,,45876672,Rarely ,Meas Value,LOINC,Answer,LA10066-1,S,,,,0.75,skos:relatedMatch,ManualMapping,ManualMappingCuration,,
4-5 servings or pieces of fruits and raw vegetables per day,2005200328,dmlfrveg_10,AIREADI,,45882430        ,4-5 times per day,Meas Value,LOINC,Answer,LA13856-2,S,,,,0.75,skos:broadMatch,ManualMapping,ManualMappingCuration,,
1-3 servings or pieces per day,2005200329,dmlfrveg_5,AIREADI,,21498536,1-3 times per day,Meas Value,LOINC,Answer,LA25000-3,S,,,,0.75,skos:broadMatch,ManualMapping,ManualMappingCuration,,
"Regularly; at least monthly (dietician, support groups, books, websites, apps)",2005200330,dmledu_10,AIREADI,,45879060,Monthly,Meas Value,LOINC,Answer,LA18876-5,,,,,0.75,skos:broadMatch,ManualMapping,ManualMappingCuration,,
Occasionally; every 2-3 months,2005200331,dmledu_5,AIREADI,,45879593,Occasionally,Meas Value,LOINC,Answer,LA6483-7,,,,,1,skos:broadMatch,ManualMapping,ManualMappingCuration,,
3 or more visits a year to the same doctor. Regular with medicines.,2005200332,dmlmd_10,AIREADI,,45878438,3 or more ,Meas Value,LOINC,Answer,LA19812-9,,,,,0.75,skos:broadMatch,ManualMapping,ManualMappingCuration,,
1-2 visits a year. Forgetting medicines frequently.,2005200333,dmlmd_5,AIREADI,,46237352,1-2 times,Meas Value,LOINC,Answer,LA23695-2,,,,,0.75,skos:broadMatch,ManualMapping,ManualMappingCuration,,
Rarely or none. Not taking 1 or more recommended medicines ,2005200334,dmlmd_0,AIREADI,,45883771,Rarely or never,Meas Value,LOINC,Answer,LA15665-5,,,,,1,skos:broadMatch,ManualMapping,ManualMappingCuration,,
Less than 1 time,2005200238,diet1_0,AIREADI,,45882431,1 time per week,Meas Value,LOINC,Answer,LA13829-9,,,,,0.75,skos:relatedMatch,ManualMapping,ManualMappingCuration,,
1 - 3 times,2005200239,diet1_1,AIREADI,,45883428,3 or 4 ,Meas Value,LOINC,Answer,LA23695-2,S,,,,1,skos:relatedMatch,ManualMapping,ManualMappingCuration,,
5 or more,2005200240,diet2_0,AIREADI,,21499051,5 or more times,Meas Value,LOINC,Answer,LA26057-2,,,,,0.75,skos:narrowMatch,ManualMapping,ManualMappingCuration,,
2 or less,2005200241,diet2_2,AIREADI,,45884526,1-2,Meas Value,LOINC,Answer,LA14352-1,,,,,0.75,skos:relatedMatch,ManualMapping,ManualMappingCuration,,
Less than 1,2005200242,diet4_0,AIREADI,,45882431,1 time per week,Meas Value,LOINC,Answer,LA13829-9,S,,,,0.75,skos:relatedMatch,ManualMapping,ManualMappingCuration,,
1 time or less,2005200243,diet6_0,AIREADI,,45882431,1 time per week,Meas Value,LOINC,Answer,LA13829-9,S,,,,0.75,skos:relatedMatch,ManualMapping,ManualMappingCuration,,
Within the past 2 years (1 year but less than 2 years ago),2005200244,via4_3,AIREADI,,45876410,More than 12 months ago but within the past 3 years,Meas Value,LOINC,Answer,LA15790-1,S,,,,1,skos:relatedMatch,ManualMapping,ManualMappingCuration,,
Cost/Insurance,2005200245,via5_1,AIREADI,,46237671,Insurance,Meas Value,LOINC,Answer,LA21462-9,S,,,,1,skos:broadMatch,ManualMapping,ManualMappingCuration,,
Do not have/know an eye doctor,2005200246,via5_2,AIREADI,,45883792,Do not,Meas Value,LOINC,Answer,LA14426-3,S,,,,0.5,skos:broadMatch,ManualMapping,ManualMappingCuration,,
"Cannot get to the office/clinic (too far away, no transportation)",2005200247,via5_3,AIREADI,,36309220,Transportation limitations,Meas Value,LOINC,Answer,LA28319-4,S,,,,0.5,skos:broadMatch,ManualMapping,ManualMappingCuration,,
Could not get an appointment,2005200248,via5_4,AIREADI,,1989310,Missed scheduled appointment with healthcare provider in past Mo,Observation,LOINC,Clinical Observation,98867-5,S,,,,0,skos:relatedMatch,ManualMapping,ManualMappingCuration,,
No reason to go (no problem),2005200249,via5_5,AIREADI,,45878810,No apparent problem,Meas Value,LOINC,Answer,LA9619-3,S,,,,0.75,skos:broadMatch,ManualMapping,ManualMappingCuration,,
Have not thought of it,2005200250,via5_6,AIREADI,,45878810,No apparent problem,Meas Value,LOINC,Answer,LA9619-3,S,,,,0.5,skos:relatedMatch,ManualMapping,ManualMappingCuration,,
Will be leaving labor force voluntarily,2005200251,pxji1_5,AIREADI,,45877709,Unemployed,Meas Value,LOINC,Answer,LA17956-6,S,,,,0.5,skos:relatedMatch,ManualMapping,ManualMappingCuration,,
Covered,2005200252,pxhic1_1,AIREADI,,46237671,Covered,Meas Value,LOINC,Answer,LA21462-9,S,,,,0.5,skos:relatedMatch,ManualMapping,ManualMappingCuration,,
I do NOT have health insurance,2005200253,pxhic8_0,AIREADI,,45881114,I do NOT have health insurance,Meas Value,LOINC,Answer,LA10041-4,S,,,,0.75,skos:relatedMatch,ManualMapping,ManualMappingCuration,,
I HAVE some kind of health insurance,2005200254,pxhic8_1,AIREADI,,46237671,I HAVE some kind of health insurance,Meas Value,LOINC,Answer,LA21462-9,S,,,,0.5,skos:relatedMatch,ManualMapping,ManualMappingCuration,,
Within the last 10 years (5 years but less than 10 years ago),2005200255,pxahc1_5,AIREADI,,45884538,More than 5 years ,Meas Value,LOINC,Answer,LA14769-6,S,,,,0.75,skos:relatedMatch,ManualMapping,ManualMappingCuration,,
There is NO place,2005200256,pxahc4_0,AIREADI,,3198235,There is NO place,Observation,SNOMED ,Answer,394777002,S,,,,0.25,skos:broadMatch,ManualMapping,ManualMappingCuration,,
There is MORE THAN ONE place,2005200257,pxahc4_2,AIREADI,,3198236,There is MORE THAN ONE place,Observation,SNOMED ,Answer,394777002,S,,,,0.25,skos:broadMatch,ManualMapping,ManualMappingCuration,,
A doctor's office or health center,2005200258,pxahc5_1,AIREADI,,36309375,Doctor's office ,Meas Value,LOINC,Answer,LA26177-8,S,,,,1,skos:broadMatch,ManualMapping,ManualMappingCuration,,
"Walk-in clinic, urgent care center, or retail clinic in a pharmacy or grocery store",2005200259,pxahc5_2,AIREADI,,1990187,Urgent Care Center,Meas Value,LOINC,Answer,LA24179-6,S,,,,1,skos:broadMatch,ManualMapping,ManualMappingCuration,,
A VA Medical Center or VA outpatient clinic,2005200260,pxahc5_4,AIREADI,,36309555,Hospital outpatient clinic,Meas Value,LOINC,Answer,LA26180-2,S,,,,0.75,skos:relatedMatch,ManualMapping,ManualMappingCuration,,
Does not go to one place most often,2005200261,pxahc5_6,AIREADI,,4192764,Health encounter sites,Observation,SNOMED ,Location,394777002,NS,,,,0.25,skos:broadMatch,ManualMapping,ManualMappingCuration,,
1 - 10 times,2005200262,pxahc6_1,AIREADI,,45876834,1 - 10 ,Meas Value,LOINC,Answer,LA14422-2,S,,,,0.5,skos:relatedMatch,ManualMapping,ManualMappingCuration,,
11 - 19 times,2005200263,pxahc6_2,AIREADI,,46237301,More than 10 times,Meas Value,LOINC,Answer,LA23703-4,S,,,,0.75,skos:relatedMatch,ManualMapping,ManualMappingCuration,,
20 - 29 times,2005200264,pxahc6_3,AIREADI,,46237301,More than 10 times,Meas Value,LOINC,Answer,LA23703-4,S,,,,0.5,skos:relatedMatch,ManualMapping,ManualMappingCuration,,
30 - 39 times,2005200265,pxahc6_4,AIREADI,,46237301,More than 10 times,Meas Value,LOINC,Answer,LA23703-4,S,,,,0.5,skos:relatedMatch,ManualMapping,ManualMappingCuration,,
40 - 49 times,2005200266,pxahc6_5,AIREADI,,46237301,More than 10 times,Meas Value,LOINC,Answer,LA23703-4,S,,,,0.5,skos:relatedMatch,ManualMapping,ManualMappingCuration,,
50 or more times,2005200267,pxahc6_6,AIREADI,,45884714,More than 50,Meas Value,LOINC,Answer,LA15343-9,S,,,,0.5,skos:relatedMatch,ManualMapping,ManualMappingCuration,,
Does not apply to my neighborhood,2005200268,pxne4_88,AIREADI,,45879145,Does not apply,Meas Value,LOINC,Answer,LA14452-9,S,,,,0.75,skos:broadMatch,ManualMapping,ManualMappingCuration,,
There are no streets or roads in my neighborhood,2005200269,pxne8_88,AIREADI,,4030757        ,Neighborhood / workplace safety finding,Observation,SNOMED ,Clinical Finding,129685008,S,,,,0.25,skos:broadMatch,ManualMapping,ManualMappingCuration,,
6 or more,2005200270,pxne11_6,AIREADI,,45879188,6 or more times,Meas Value,LOINC,Answer,LA14674-8,S,,,,0.75,skos:narrowMatch,ManualMapping,ManualMappingCuration,,
5000 miles or less,2005200271,dri2_1,AIREADI,,4151655,Driving assessment,Procedure ,SNOMED ,Procedure ,310859004,S,,,,0.25,skos:broadMatch,ManualMapping,ManualMappingCuration,,
"5001 to 10,000 miles",2005200272,dri2_2,AIREADI,,4151655,Driving assessment,Procedure ,SNOMED ,Procedure ,310859004,S,,,,0.25,skos:broadMatch,ManualMapping,ManualMappingCuration,,
"10,001 to 15.000 miles",2005200273,dri2_3,AIREADI,,4151655,Driving assessment,Procedure ,SNOMED ,Procedure ,310859004,S,,,,0.25,skos:broadMatch,ManualMapping,ManualMappingCuration,,
"15,001 to 20,000 miles",2005200274,dri2_4,AIREADI,,4151655,Driving assessment,Procedure ,SNOMED ,Procedure ,310859004,S,,,,0.25,skos:broadMatch,ManualMapping,ManualMappingCuration,,
"More than 20,000 miles",2005200275,dri2_5,AIREADI,,4151655,Driving assessment,Procedure ,SNOMED ,Procedure ,310859004,S,,,,0.25,skos:broadMatch,ManualMapping,ManualMappingCuration,,
Puff,2005200222,cmdosu_13,AIREADI,,45758813        ,Metered dose inhaler,Device,SNOMED ,Physical Object,463710006,S,,,,0.75,skos:broadMatch,ManualMapping,ManualMappingCuration,,
EVA,2005200058,viaomthd_1,AIREADI,,21495306,Type of Visual acuity exam method,Measurement,LOINC,Clinical Observation,79908-0,S,,,,0.25,skos:broadMatch,ManualMapping,ManualMappingCuration,,
Did not meet Inclusion/Exclusion criteria,2005200280,eos_dsdecod_1,AIREADI,,36310644,Does not meet diagnostic threshold,Meas Value,LOINC,Answer,LA24349-5,S,,,,0.5,skos:relatedMatch,ManualMapping,ManualMappingCuration,,
Withdrawal by Subject,2005200281,eos_dsdecod_3,AIREADI,,36662359,Person refused.,Meas Value,LOINC,Answer,LA30915-5,S,,,,0.5,skos:relatedMatch,ManualMapping,ManualMappingCuration,,
Geographic Inaccessibility,2005200282,eos_dsdecod_4,AIREADI,,4081426,Residence remote from medical care,Observation,SNOMED ,Context-dependent,183928007,S,,,,0.5,skos:relatedMatch,ManualMapping,ManualMappingCuration,,
Currently enrolled in a conflicting study,2005200283,eos_dsdecod_6,AIREADI,,4204933,Research administrative status,Observation,SNOMED ,Clinical Finding,309032007,S,,,,0.25,skos:broadMatch,ManualMapping,ManualMappingCuration,,
Protocol Deviation,2005200284,eos_dsdecod_9,AIREADI,,309032007,Protocol Deviation,Observation,SNOMED ,Clinical Finding,309032007,S,,,,0.25,skos:broadMatch,ManualMapping,ManualMappingCuration,,
Individual was under age 40,2005200285,eos_dsdecodie_1,AIREADI,,1620925,Under 45 years,Meas Value,LOINC,Answer,LA31987-3,S,,,,0.75,skos:relatedMatch,ManualMapping,ManualMappingCuration,,
Individual is not needed at this time for recruitment goals,2005200286,eos_dsdecodie_3,AIREADI,,40480675,Does not meet eligibility criteria for clinical trial,Observation,SNOMED ,Clinical Finding,444734003,S,,,,0.25,skos:broadMatch,ManualMapping,ManualMappingCuration,,
Individual had Type 1 Diabetes,2005200287,eos_dsdecodie_4,AIREADI,,45883360,Diabetes Type 1,Meas Value,LOINC,Answer,LA10551-2,S,,,,0.75,skos:relatedMatch,ManualMapping,ManualMappingCuration,,
In Person (Baseline),2005200288,eos_dsvst_2,AIREADI,,764337,In-person encounter,Observation,SNOMED ,Procedure ,453701000124103,S,,,,0.5,skos:closeMatch,ManualMapping,ManualMappingCuration,,
Performed date of retinal imaging assessment,2005200446,rt_dat,AIREADI,,1035260,Performed on (specify date),Meas Value,LOINC,Answer,LA30233-3,S,,,,,,ManualMapping,ManualMappingCuration,,
OptoMed-Disc centered-CFP,2005200289,rtop_odd,AIREADI,,45885156,"Device or Medical/Surgical Supply, including Health Information Technology (HIT)",Meas Value,LOINC,Answer,LA20770-6,S,,,,0.5,skos:relatedMatch,ManualMapping,ManualMappingCuration,,
OptoMed-Mac centered-CFP,2005200290,rtop_odm,AIREADI,,45885156,"Device or Medical/Surgical Supply, including Health Information Technology (HIT)",Meas Value,LOINC,Answer,LA20770-6,S,,,,0.5,skos:relatedMatch,ManualMapping,ManualMappingCuration,,
Eidon-UWF Central-IR,2005200291,rtei_odir,AIREADI,,45885156,"Device or Medical/Surgical Supply, including Health Information Technology (HIT)",Meas Value,LOINC,Answer,LA20770-6,S,,,,0.5,skos:relatedMatch,ManualMapping,ManualMappingCuration,,
Eidon-UWF Central-FAF,2005200292,rtei_odfaf,AIREADI,,45885156,"Device or Medical/Surgical Supply, including Health Information Technology (HIT)",Meas Value,LOINC,Answer,LA20770-6,S,,,,0.5,skos:relatedMatch,ManualMapping,ManualMappingCuration,,
Eidon-UWF Central-CFP,2005200293,rtsm_odc,AIREADI,,45885156,"Device or Medical/Surgical Supply, including Health Information Technology (HIT)",Meas Value,LOINC,Answer,LA20770-6,S,,,,0.5,skos:relatedMatch,ManualMapping,ManualMappingCuration,,
Eidon-UWF Nasal-CFP,2005200294,rtsm_odn,AIREADI,,45885156,"Device or Medical/Surgical Supply, including Health Information Technology (HIT)",Meas Value,LOINC,Answer,LA20770-6,S,,,,0.5,skos:relatedMatch,ManualMapping,ManualMappingCuration,,
Eidon-UWF Temporal-CFP,2005200295,rtsm_odt,AIREADI,,45885156,"Device or Medical/Surgical Supply, including Health Information Technology (HIT)",Meas Value,LOINC,Answer,LA20770-6,S,,,,0.5,skos:relatedMatch,ManualMapping,ManualMappingCuration,,
Eidon- Create Mosaic Image-CFP,2005200296,rtsm_odm,AIREADI,,45885156,"Device or Medical/Surgical Supply, including Health Information Technology (HIT)",Meas Value,LOINC,Answer,LA20770-6,S,,,,0.5,skos:relatedMatch,ManualMapping,ManualMappingCuration,,
Spec-ONH-RC-HR-OCT,2005200297,rtso_odo,AIREADI,,45885156,"Device or Medical/Surgical Supply, including Health Information Technology (HIT)",Meas Value,LOINC,Answer,LA20770-6,S,,,,0.5,skos:relatedMatch,ManualMapping,ManualMappingCuration,,
Spec-PPole Mac-HR-61 lines-OCT,2005200298,rtso_odp,AIREADI,,45885156,"Device or Medical/Surgical Supply, including Health Information Technology (HIT)",Meas Value,LOINC,Answer,LA20770-6,S,,,,0.5,skos:relatedMatch,ManualMapping,ManualMappingCuration,,
Spec-Mac-20x20-HS-512 lines-OCTA,2005200299,rtso_odm,AIREADI,,45885156,"Device or Medical/Surgical Supply, including Health Information Technology (HIT)",Meas Value,LOINC,Answer,LA20770-6,S,,,,0.5,skos:relatedMatch,ManualMapping,ManualMappingCuration,,
Cirrus-Mac Cube-512x128-OCT,2005200300,rtci_odm1,AIREADI,,45885156,"Device or Medical/Surgical Supply, including Health Information Technology (HIT)",Meas Value,LOINC,Answer,LA20770-6,S,,,,0.5,skos:relatedMatch,ManualMapping,ManualMappingCuration,,
Cirrus-Disc Cube-200x200-OCT,2005200301,rtci_odd1,AIREADI,,45885156,"Device or Medical/Surgical Supply, including Health Information Technology (HIT)",Meas Value,LOINC,Answer,LA20770-6,S,,,,0.5,skos:relatedMatch,ManualMapping,ManualMappingCuration,,
Cirrus-Macula 6x6-OCTA,2005200302,rtci_odm2,AIREADI,,45885156,"Device or Medical/Surgical Supply, including Health Information Technology (HIT)",Meas Value,LOINC,Answer,LA20770-6,S,,,,0.5,skos:relatedMatch,ManualMapping,ManualMappingCuration,,
Cirrus-Disc 6x6-OCTA,2005200303,rtci_odd2,AIREADI,,45885156,"Device or Medical/Surgical Supply, including Health Information Technology (HIT)",Meas Value,LOINC,Answer,LA20770-6,S,,,,0.5,skos:relatedMatch,ManualMapping,ManualMappingCuration,,
M2-3D Wide(H) 12x9-OCT,2005200200,rtma_odw,AIREADI,,45885156,"Device or Medical/Surgical Supply, including Health Information Technology (HIT)",Meas Value,LOINC,Answer,LA20770-6,S,,,,0.5,skos:relatedMatch,ManualMapping,ManualMappingCuration,,
M2-3D Macula 6x6-OCT,2005200201,rtma_odm,AIREADI,,45885156,"Device or Medical/Surgical Supply, including Health Information Technology (HIT)",Meas Value,LOINC,Answer,LA20770-6,S,,,,0.5,skos:relatedMatch,ManualMapping,ManualMappingCuration,,
M2-Mac 6x6-360x360-(rep3)-OCTA,2005200202,rtma_odm1,AIREADI,,45885156,"Device or Medical/Surgical Supply, including Health Information Technology (HIT)",Meas Value,LOINC,Answer,LA20770-6,S,,,,0.5,skos:relatedMatch,ManualMapping,ManualMappingCuration,,
Triton-3D(H)+Radial 12x9-OCT,2005200203,rttr_odr,AIREADI,,45885156,"Device or Medical/Surgical Supply, including Health Information Technology (HIT)",Meas Value,LOINC,Answer,LA20770-6,S,,,,0.5,skos:relatedMatch,ManualMapping,ManualMappingCuration,,
Triton-Macula 6x6-OCTA,2005200204,rttr_odm1,AIREADI,,45885156,"Device or Medical/Surgical Supply, including Health Information Technology (HIT)",Meas Value,LOINC,Answer,LA20770-6,S,,,,0.5,skos:relatedMatch,ManualMapping,ManualMappingCuration,,
Triton-Macula 12x12-OCTA,2005200205,rttr_odm2,AIREADI,,45885156,"Device or Medical/Surgical Supply, including Health Information Technology (HIT)",Meas Value,LOINC,Answer,LA20770-6,S,,,,0.5,skos:relatedMatch,ManualMapping,ManualMappingCuration,,
FLIO-Mac-HS,2005200304,rtfl_od,AIREADI,,45885156,"Device or Medical/Surgical Supply, including Health Information Technology (HIT)",Meas Value,LOINC,Answer,LA20770-6,S,,,,0.5,skos:relatedMatch,ManualMapping,ManualMappingCuration,,
Time taken to do trails in seconds,2005200344,trails_visuospatial_executive_time,AIREADI-MOCA,,8555,second,Unit,UCUM,Unit,s,S,,,,0.5,skos:relatedMatch,ManualMapping,ManualMappingCuration,,
Cube drawings score,2005200345,cube_visuospatial_executive,AIREADI-MOCA,,4157409,Mental test score,Measurement,SNOMED,Staging / Scales,273602004,S,,,,0.5,skos:relatedMatch,ManualMapping,ManualMappingCuration,,
Time taken to do cube in seconds,2005200346,cube_visuospatial_executive_time,AIREADI-MOCA,,8555,second,Unit,UCUM,Unit,s,S,,,,0.5,skos:relatedMatch,ManualMapping,ManualMappingCuration,,
Time taken to do clock in seconds,2005200347,clock_visuospatial_executive_time,AIREADI-MOCA,,8555,second,Unit,UCUM,Unit,s,S,,,,0.5,skos:relatedMatch,ManualMapping,ManualMappingCuration,,
Animal name recall task score,2005200348,naming,AIREADI-MOCA,,4169312,Object naming test,Measurement,SNOMED,Staging / Scales,273656006,S,,,,0.75,skos:broadMatch,ManualMapping,ManualMappingCuration,,
Time in seconds to perform the animal name recall task,2005200349,naming_time,AIREADI-MOCA,,8555,second,Unit,UCUM,Unit,s,S,,,,0.5,skos:relatedMatch,ManualMapping,ManualMappingCuration,,
Words correctly repeated (1st trial) score,2005200350,memory_trial1,AIREADI-MOCA,,4157409,Mental test score,Measurement,SNOMED,Staging / Scales,273602004,S,,,,0.5,skos:relatedMatch,ManualMapping,ManualMappingCuration,,
Time in seconds to perform the words correctly repeated (1st trial),2005200351,memory_trial1_time,AIREADI-MOCA,,8555,second,Unit,UCUM,Unit,s,S,,,,0.5,skos:relatedMatch,ManualMapping,ManualMappingCuration,,
Words correctly repeated (2nd trial) score,2005200352,memory_trial2,AIREADI-MOCA,,4157409,Mental test score,Measurement,SNOMED,Staging / Scales,273602004,S,,,,0.5,skos:relatedMatch,ManualMapping,ManualMappingCuration,,
Time in seconds to perform the words correctly repeated (2nd trial),2005200353,memory_trial2_time,AIREADI-MOCA,,8555,second,Unit,UCUM,Unit,s,S,,,,0.5,skos:relatedMatch,ManualMapping,ManualMappingCuration,,
Time in seconds to perform the repeating digits task,2005200354,digitspan_time,AIREADI-MOCA,,8555,second,Unit,UCUM,Unit,s,S,,,,0.5,skos:relatedMatch,ManualMapping,ManualMappingCuration,,
Letter tapping score,2005200355,lettera,AIREADI-MOCA,,4157409,Mental test score,Measurement,SNOMED,Staging / Scales,273602004,S,,,,0.5,skos:relatedMatch,ManualMapping,ManualMappingCuration,,
Time in seconds to perform the letter tapping task,2005200356,lettera_time,AIREADI-MOCA,,8555,second,Unit,UCUM,Unit,s,S,,,,0.5,skos:relatedMatch,ManualMapping,ManualMappingCuration,,
Serial 7 subtraction score,2005200357,subtraction,AIREADI-MOCA,,4157409,Mental test score,Measurement,SNOMED,Staging / Scales,273602004,S,,,,0.5,skos:relatedMatch,ManualMapping,ManualMappingCuration,,
Time in seconds to perform the serial 7 subtraction task,2005200358,subtraction_time,AIREADI-MOCA,,8555,second,Unit,UCUM,Unit,s,S,,,,0.5,skos:relatedMatch,ManualMapping,ManualMappingCuration,,
Repeats sentences II score,2005200359,repetition,AIREADI-MOCA,,4157409,Mental test score,Measurement,SNOMED,Staging / Scales,273602004,S,,,,0.5,skos:relatedMatch,ManualMapping,ManualMappingCuration,,
Time in seconds to perform repeats sentences II task,2005200360,repetition_time,AIREADI-MOCA,,8555,second,Unit,UCUM,Unit,s,S,,,,0.5,skos:relatedMatch,ManualMapping,ManualMappingCuration,,
Maximal one-minute recall of words beginning with 'F' score,2005200361,fluency_language,AIREADI-MOCA,,4157409,Mental test score,Measurement,SNOMED,Staging / Scales,273602004,S,,,,0.5,skos:relatedMatch,ManualMapping,ManualMappingCuration,,
Time in seconds to perform the words beginning with 'F' recall task,2005200362,fluency_language_time,AIREADI-MOCA,,8555,second,Unit,UCUM,Unit,s,S,,,,0.5,skos:relatedMatch,ManualMapping,ManualMappingCuration,,
MOCA abstraction score,2005200363,moca_abstraction,AIREADI-MOCA,,36684973,Montreal cognitive assessment score,Measurement,SNOMED,Observable Entity,459651000124107,N,,,,0.75,skos:relatedMatch,ManualMapping,ManualMappingCuration,,
Time in seconds to perform MOCA abstraction task,2005200364,moca_abstraction_time,AIREADI-MOCA,,8555,second,Unit,UCUM,Unit,s,S,,,,0.5,skos:relatedMatch,ManualMapping,ManualMappingCuration,,
MOCA delayed recall with no cue score,2005200365,delayed_recall_with_no_clue,AIREADI-MOCA,,4157409,Mental test score,Measurement,SNOMED,Staging / Scales,273602004,S,,,,0.5,skos:relatedMatch,ManualMapping,ManualMappingCuration,,
Time in seconds to perform the MOCA delayed recall with no cue task,2005200366,delayed_recall_with_no_clue_time,AIREADI-MOCA,,8555,second,Unit,UCUM,Unit,s,S,,,,0.5,skos:relatedMatch,ManualMapping,ManualMappingCuration,,
"MOCA orientation date, month, year, day, place, city score",2005200367,moca_orientation,AIREADI-MOCA,,36684973,Montreal cognitive assessment score,Measurement,SNOMED,Observable Entity,459651000124107,N,,,,0.5,skos:relatedMatch,ManualMapping,ManualMappingCuration,,
"Time in seconds to perform the MOCA orientation date, month, year, day, place, city task",2005200368,moca_orientation_time,AIREADI-MOCA,,8555,second,Unit,UCUM,Unit,s,S,,,,0.5,skos:relatedMatch,ManualMapping,ManualMappingCuration,,
Age in years (3-4 year span),2005200369,age_years_at_interview,AIREADI-MOCA,,4265453,Age,Meas Value,SNOMED,Qualifier Value,397669002,S,,,,0.5,skos:relatedMatch,ManualMapping,ManualMappingCuration,,
"MOCA delayed recall with no cue, cue, and multiple choice cue (Combined score)",2005200370,moca_combined_mis_score,AIREADI-MOCA,,36684973,Montreal cognitive assessment score,Measurement,SNOMED,Observable Entity,459651000124107,N,,,,0.5,skos:relatedMatch,ManualMapping,ManualMappingCuration,,
Survey Started Timestamp,2005200558,,AIREADI,,4294901,Started,Observation,SNOMED,Qualifier Value,385652002,S,,,,0.5,skos:broadMatch,ManualMapping,ManualMappingCuration,,
Survey Completed Timestamp,2005200559,,AIREADI,,44788181,Completed successfully,Observation,SNOMED,Qualifier Value,15501000000100,S,,,,0.5,skos:broadMatch,ManualMapping,ManualMappingCuration,,
Survey Date,2005200560,,AIREADI,,40768525,Date submitted,Observation,LOINC,Survey,65838-5,S,,,,0.5,skos:broadMatch,ManualMapping,ManualMappingCuration,,
Recruitment Survey,2005200561,,AIREADI,,44804317,Survey,Observation,SNOMED,Qualifier Value,725111000000103,S,,,,0.5,skos:broadMatch,ManualMapping,ManualMappingCuration,,
FAQ Survey,2005200562,,AIREADI,,44804317,Survey,Observation,SNOMED,Qualifier Value,725111000000103,S,,,,0.5,skos:broadMatch,ManualMapping,ManualMappingCuration,,
Screening Survey,2005200563,,AIREADI,,44804317,Survey,Observation,SNOMED,Qualifier Value,725111000000103,S,,,,0.5,skos:broadMatch,ManualMapping,ManualMappingCuration,,
Pre-consent Survey,2005200564,,AIREADI,,44804317,Survey,Observation,SNOMED,Qualifier Value,725111000000103,S,,,,0.5,skos:broadMatch,ManualMapping,ManualMappingCuration,,
Consent Survey,2005200565,,AIREADI,,44804317,Survey,Observation,SNOMED,Qualifier Value,725111000000103,S,,,,0.5,skos:broadMatch,ManualMapping,ManualMappingCuration,,
Participant Contact Survey,2005200566,,AIREADI,,44804317,Survey,Observation,SNOMED,Qualifier Value,725111000000103,S,,,,0.5,skos:broadMatch,ManualMapping,ManualMappingCuration,,
Demographic Survey,2005200567,,AIREADI,,44804317,Survey,Observation,SNOMED,Qualifier Value,725111000000103,S,,,,0.5,skos:broadMatch,ManualMapping,ManualMappingCuration,,
Health Survey,2005200568,,AIREADI,,44804317,Survey,Observation,SNOMED,Qualifier Value,725111000000103,S,,,,0.5,skos:broadMatch,ManualMapping,ManualMappingCuration,,
Substance Use Survey,2005200569,,AIREADI,,44804317,Survey,Observation,SNOMED,Qualifier Value,725111000000103,S,,,,0.5,skos:broadMatch,ManualMapping,ManualMappingCuration,,
CES-D-10 Survey,2005200570,,AIREADI,,44804317,Survey,Observation,SNOMED,Qualifier Value,725111000000103,S,,,,0.5,skos:broadMatch,ManualMapping,ManualMappingCuration,,
PAID-5 DM Survey,2005200571,,AIREADI,,44804317,Survey,Observation,SNOMED,Qualifier Value,725111000000103,S,,,,0.5,skos:broadMatch,ManualMapping,ManualMappingCuration,,
Diabetes Survey,2005200572,,AIREADI,,44804317,Survey,Observation,SNOMED,Qualifier Value,725111000000103,S,,,,0.5,skos:broadMatch,ManualMapping,ManualMappingCuration,,
Dietary Survey,2005200573,,AIREADI,,44804317,Survey,Observation,SNOMED,Qualifier Value,725111000000103,S,,,,0.5,skos:broadMatch,ManualMapping,ManualMappingCuration,,
Ophthalmic Survey,2005200574,,AIREADI,,44804317,Survey,Observation,SNOMED,Qualifier Value,725111000000103,S,,,,0.5,skos:broadMatch,ManualMapping,ManualMappingCuration,,
PhenX SDOH Survey,2005200575,,AIREADI,,45875977,PhenX,Measurement,LOINC,LOINC Class,PHENX,S,,,,0.75,skos:broadMatch,ManualMapping,ManualMappingCuration,,
PhenX English Proficiency Survey,2005200576,,AIREADI,,45875977,PhenX,Measurement,LOINC,LOINC Class,PHENX,S,,,,0.75,skos:broadMatch,ManualMapping,ManualMappingCuration,,
PhenX Education Attainment Survey,2005200577,,AIREADI,,45875977,PhenX,Measurement,LOINC,LOINC Class,PHENX,S,,,,0.75,skos:broadMatch,ManualMapping,ManualMappingCuration,,
PhenX Job Security Survey,2005200578,,AIREADI,,45875977,PhenX,Measurement,LOINC,LOINC Class,PHENX,S,,,,0.75,skos:broadMatch,ManualMapping,ManualMappingCuration,,
PhenX Housing Insecurity Survey,2005200579,,AIREADI,,45875977,PhenX,Measurement,LOINC,LOINC Class,PHENX,S,,,,0.75,skos:broadMatch,ManualMapping,ManualMappingCuration,,
PhenX Prescriptions Affordability Survey,2005200580,,AIREADI,,45875977,PhenX,Measurement,LOINC,LOINC Class,PHENX,S,,,,0.75,skos:broadMatch,ManualMapping,ManualMappingCuration,,
PhenX Health Insurance Survey,2005200581,,AIREADI,,45875977,PhenX,Measurement,LOINC,LOINC Class,PHENX,S,,,,0.75,skos:broadMatch,ManualMapping,ManualMappingCuration,,
PhenX Health Care Access Survey,2005200582,,AIREADI,,45875977,PhenX,Measurement,LOINC,LOINC Class,PHENX,S,,,,0.75,skos:broadMatch,ManualMapping,ManualMappingCuration,,
PhenX Healthcare Discrimination Survey,2005200583,,AIREADI,,45875977,PhenX,Measurement,LOINC,LOINC Class,PHENX,S,,,,0.75,skos:broadMatch,ManualMapping,ManualMappingCuration,,
PhenX Food Insecurity Survey,2005200584,,AIREADI,,45875977,PhenX,Measurement,LOINC,LOINC Class,PHENX,S,,,,0.75,skos:broadMatch,ManualMapping,ManualMappingCuration,,
PhenX Neighborhood Environment Survey,2005200585,,AIREADI,,45875977,PhenX,Measurement,LOINC,LOINC Class,PHENX,S,,,,0.75,skos:broadMatch,ManualMapping,ManualMappingCuration,,
PhenX Racial/Ethnic Survey,2005200586,,AIREADI,,45875977,PhenX,Measurement,LOINC,LOINC Class,PHENX,S,,,,0.75,skos:broadMatch,ManualMapping,ManualMappingCuration,,
Paper Consent Completed,2005200587,,AIREADI,,765499,Written consent completed,Observation,SNOMED,Clinical Finding,5821000175103,S,,,,0.75,skos:closeMatch,ManualMapping,ManualMappingCuration,,
Consent Attestation,2005200588,,AIREADI,,3018196,Informed consent obtained,Observation,LOINC,Clinical Observation,19826-7,S,,,,0.75,skos:closeMatch,ManualMapping,ManualMappingCuration,,
Device returned,2005200589,,AIREADI,,44811193,Loan equipment returned,Observation,SNOMED,Clinical Finding,892231000000100,S,,,,0.5,skos:relatedMatch,ManualMapping,ManualMappingCuration,,
Driving record assessment conducted,2005200590,,AIREADI,,4151655,Driving assessment,Procedure ,SNOMED ,Procedure ,310859004,S,,,,0.75,skos:broadMatch,ManualMapping,ManualMappingCuration,,
Device given to participant,2005200591,,AIREADI,,4169265,Device,Device,SNOMED ,Physical Object,49062001,S,,,,0.5,skos:relatedMatch,ManualMapping,ManualMappingCuration,,
Sensor inserted,2005200592,,AIREADI,,4254068,Sensor device,Device,SNOMED ,Physical Object,408746007,S,,,,0.5,skos:broadMatch,ManualMapping,ManualMappingCuration,,
Medications assessment conducted,2005200593,,AIREADI,,45880025,Medications,Meas Value,LOINC,Answer,LA20271-5,S,,,,0.5,skos:relatedMatch,ManualMapping,ManualMappingCuration,,
Current medication collected,2005200594,,AIREADI,,764170,Gathering of current medication list,Observation,SNOMED,Procedure,451581000124104,S,,,,0.75,skos:closeMatch,ManualMapping,ManualMappingCuration,,
Fundus - Edion,2005200595,,AIREADI,,45885156,"Device or Medical/Surgical Supply, including Health Information Technology (HIT)",Meas Value,LOINC,Answer,LA20770-6,S,,,,0.5,skos:relatedMatch,ManualMapping,ManualMappingCuration,,
Fundus - Optomed,2005200596,,AIREADI,,45885156,"Device or Medical/Surgical Supply, including Health Information Technology (HIT)",Meas Value,LOINC,Answer,LA20770-6,S,,,,0.5,skos:relatedMatch,ManualMapping,ManualMappingCuration,,
OCT & OCTA - Spectralis HRA OCT,2005200597,,AIREADI,,45885156,"Device or Medical/Surgical Supply, including Health Information Technology (HIT)",Meas Value,LOINC,Answer,LA20770-6,S,,,,0.5,skos:relatedMatch,ManualMapping,ManualMappingCuration,,
OCT - Triton OCT,2005200598,,AIREADI,,45885156,"Device or Medical/Surgical Supply, including Health Information Technology (HIT)",Meas Value,LOINC,Answer,LA20770-6,S,,,,0.5,skos:relatedMatch,ManualMapping,ManualMappingCuration,,
OCT & OCTA - Maestro2,2005200599,,AIREADI,,45885156,"Device or Medical/Surgical Supply, including Health Information Technology (HIT)",Meas Value,LOINC,Answer,LA20770-6,S,,,,0.5,skos:relatedMatch,ManualMapping,ManualMappingCuration,,
FLIO,2005200600,,AIREADI,,45885156,"Device or Medical/Surgical Supply, including Health Information Technology (HIT)",Meas Value,LOINC,Answer,LA20770-6,S,,,,0.5,skos:relatedMatch,ManualMapping,ManualMappingCuration,,
Angioplex - Cirrus 5000,2005200601,,AIREADI,,45885156,"Device or Medical/Surgical Supply, including Health Information Technology (HIT)",Meas Value,LOINC,Answer,LA20770-6,S,,,,0.5,skos:relatedMatch,ManualMapping,ManualMappingCuration,,
Cardiology - EKG - Pagewriter TC30 Cardiograp,2005200602,,AIREADI,,45885156,"Device or Medical/Surgical Supply, including Health Information Technology (HIT)",Meas Value,LOINC,Answer,LA20770-6,S,,,,0.5,skos:relatedMatch,ManualMapping,ManualMappingCuration,,
clinical labs,2005200603,,AIREADI,,45947519,LABORATORY RESULTS,,Measurement,LabSet,1361,N,,,,0.75,skos:relatedMatch,ManualMapping,ManualMappingCuration,,
device received back from participant,2005200604,,AIREADI,,4256607,Date ,Observation,SNOMED ,Attribute,410671006,N,,,,0.5,skos:relatedMatch,ManualMapping,ManualMappingCuration,,
Right foot - site 1,2005200605,,AIREADI,,4047085,Monofilament foot sensation test,Procedure,SNOMED,Procedure,134388005,S,,,,0.5,skos:relatedMatch,ManualMapping,ManualMappingCuration,,
Right foot - site 2,2005200606,,AIREADI,,4047085,Monofilament foot sensation test,Procedure,SNOMED,Procedure,134388005,S,,,,0.5,skos:relatedMatch,ManualMapping,ManualMappingCuration,,
Right foot - site 3,2005200607,,AIREADI,,4047085,Monofilament foot sensation test,Procedure,SNOMED,Procedure,134388005,S,,,,0.5,skos:relatedMatch,ManualMapping,ManualMappingCuration,,
Right foot - site 4,2005200608,,AIREADI,,4047085,Monofilament foot sensation test,Procedure,SNOMED,Procedure,134388005,S,,,,0.5,skos:relatedMatch,ManualMapping,ManualMappingCuration,,
Right foot - site 5,2005200609,,AIREADI,,4047085,Monofilament foot sensation test,Procedure,SNOMED,Procedure,134388005,S,,,,0.5,skos:relatedMatch,ManualMapping,ManualMappingCuration,,
Right foot - site 6,2005200610,,AIREADI,,4047085,Monofilament foot sensation test,Procedure,SNOMED,Procedure,134388005,S,,,,0.5,skos:relatedMatch,ManualMapping,ManualMappingCuration,,
Right foot - site 7,2005200611,,AIREADI,,4047085,Monofilament foot sensation test,Procedure,SNOMED,Procedure,134388005,S,,,,0.5,skos:relatedMatch,ManualMapping,ManualMappingCuration,,
Right foot - site 8,2005200612,,AIREADI,,4047085,Monofilament foot sensation test,Procedure,SNOMED,Procedure,134388005,S,,,,0.5,skos:relatedMatch,ManualMapping,ManualMappingCuration,,
Right foot - site 9,2005200613,,AIREADI,,4047085,Monofilament foot sensation test,Procedure,SNOMED,Procedure,134388005,S,,,,0.5,skos:relatedMatch,ManualMapping,ManualMappingCuration,,
Right foot - site 10,2005200614,,AIREADI,,4047085,Monofilament foot sensation test,Procedure,SNOMED,Procedure,134388005,S,,,,0.5,skos:relatedMatch,ManualMapping,ManualMappingCuration,,
Left foot - site 1,2005200615,,AIREADI,,4047085,Monofilament foot sensation test,Procedure,SNOMED,Procedure,134388005,S,,,,0.5,skos:relatedMatch,ManualMapping,ManualMappingCuration,,
Left foot - site 2,2005200616,,AIREADI,,4047085,Monofilament foot sensation test,Procedure,SNOMED,Procedure,134388005,S,,,,0.5,skos:relatedMatch,ManualMapping,ManualMappingCuration,,
Left foot - site 3,2005200617,,AIREADI,,4047085,Monofilament foot sensation test,Procedure,SNOMED,Procedure,134388005,S,,,,0.5,skos:relatedMatch,ManualMapping,ManualMappingCuration,,
Left foot - site 4,2005200618,,AIREADI,,4047085,Monofilament foot sensation test,Procedure,SNOMED,Procedure,134388005,S,,,,0.5,skos:relatedMatch,ManualMapping,ManualMappingCuration,,
Left foot - site 5,2005200619,,AIREADI,,4047085,Monofilament foot sensation test,Procedure,SNOMED,Procedure,134388005,S,,,,0.5,skos:relatedMatch,ManualMapping,ManualMappingCuration,,
Left foot - site 6,2005200620,,AIREADI,,4047085,Monofilament foot sensation test,Procedure,SNOMED,Procedure,134388005,S,,,,0.5,skos:relatedMatch,ManualMapping,ManualMappingCuration,,
Left foot - site 7,2005200621,,AIREADI,,4047085,Monofilament foot sensation test,Procedure,SNOMED,Procedure,134388005,S,,,,0.5,skos:relatedMatch,ManualMapping,ManualMappingCuration,,
Left foot - site 8,2005200622,,AIREADI,,4047085,Monofilament foot sensation test,Procedure,SNOMED,Procedure,134388005,S,,,,0.5,skos:relatedMatch,ManualMapping,ManualMappingCuration,,
Left foot - site 9,2005200623,,AIREADI,,4047085,Monofilament foot sensation test,Procedure,SNOMED,Procedure,134388005,S,,,,0.5,skos:relatedMatch,ManualMapping,ManualMappingCuration,,
Left foot - site 10,2005200624,,AIREADI,,4047085,Monofilament foot sensation test,Procedure,SNOMED,Procedure,134388005,S,,,,0.5,skos:relatedMatch,ManualMapping,ManualMappingCuration,,
AI-READI study discontinuation or completion,2005200625,,AIREADI,,44810922,Participation in research study completed,Observation,SNOMED,Clinical Finding,871441000000107,S,,,,0.75,skos:relatedMatch,ManualMapping,ManualMappingCuration,,
Assessment,2005200626,,AIREADI,,44792407,Assessment,Type Concept,SNOMED,Record Artifact,325931000000109,N,,,,0.75,skos:exactMatch,ManualMapping,ManualMappingCuration,,
"Other heart issues (Examples: pacemaker, heart valve disease, open heart surgery)",2005200627,,AIREADI,,40770062,History of Problems with your heart or circulation,Observation,LOINC,Clinical Observation,67434-1,S,,,,0.75,skos:broadMatch,ManualMapping,ManualMappingCuration,,
Stroke,2005200628,,AIREADI,,40770062,History of Problems with your heart or circulation,Observation,LOINC,Clinical Observation,67434-1,S,,,,0.75,skos:broadMatch,ManualMapping,ManualMappingCuration,,
"Have you had anything to eat or drink in the last six hours, including coffee or tea with milk or sugar or any other drink other than water?",2005200629,,AIREADI,,4060364,Fasting,Observation,SNOMED,Clinical Finding ,16985007,S,,,,0.75,skos:broadMatch,ManualMapping,ManualMappingCuration,,